index,question,answer,answer_status,source_stage,source_confidence,source_paths,source_count,source_note,evidence
0,白峰信用リスク評価の提案書old.pptxから提案書.pptxへの更新内容のうち、案件遂行に関連する実質的な変更を挙げてください。,変更なし,answered,EDA034_eda027_openrouter_20b,medium,share/共有ドライブ/プロジェクト/白峰信用リスク評価株式会社/00.提案/提案書old.pptx,1,EDA034の最終回答ログ。top1_source_pathを補助根拠として記録,EDA027のunknown許容LLM回答を採用
1,恒一会 かえで総合病院の最終報告書old版と最新版を比較したとき、案件遂行に関連する実質的な変更を挙げてください。,AUC-ROC = 0.905 / Accuracy = 0.833、AUC-ROC、Accuracy、F1-macro、線形系と非線形モデルを比較,answered,EDA046,medium,data/processed/share/share/共有ドライブ/プロジェクト/医療法人社団 恒一会 かえで総合病院/06.報告書/医療法人社団 恒一会 かえで総合病院_最終報告_old.pptx.md | data/processed/share/share/共有ドライブ/プロジェクト/医療法人社団 恒一会 かえで総合病院/06.報告書/医療法人社団 恒一会 かえで総合病院_最終報告.pptx.md,2,EDA046の改善ログ,"線形系と非線形モデルを比較
AUC-ROC: +0.080ポイント改善 / F1-macro: +0.096ポイント改善 / Accuracy: +0.097ポイント改善 — 非線形モデル採用により全指標で大幅向上
- title: 中間段階 vs 最終モデル性能比較"
2,青嶺不動産アセットマネジメントのスケジュール_r2.xlsxにおいて、オレンジにハイライトされている行のタスク名をすべて答えてください。,プロジェクトキックオフ実施、中間報告会実施、最終報告会実施,answered,EDA035,medium,data/processed/share/share/共有ドライブ/プロジェクト/株式会社青嶺不動産アセットマネジメント/02.計画/スケジュール_r2.xlsx.structure.json,1,EDA035の改善ログ,"data/processed/share/share/共有ドライブ/プロジェクト/株式会社青嶺不動産アセットマネジメント/02.計画/スケジュール_r2.xlsx.structure.json スケジュール fill=FFF2E0D0: {'No.': '1.0', 'フェーズ': 'P1 立上げ・前提固定', 'タスクID': 'T01', 'タスク名': 'プロジェクトキックオフ実施', '詳細・内容': 'スコープ、対象データ(data\\train.csv)、目的変数(SALE PRICE)、役割分担、会議運営を確認。議事メモ即日配布', '担当者': '佐藤 健一', '開始日': '2025-08-06', '終了日': '2025-08-06', '依存タスク': '-', '成果物': 'キックオフ議事メモ', 'ステータス': '完了', 'クリティカルパス': '○', 'マイルストーン': 'MS1: キックオフ完了・前提固定', 'チェックポイント': 'CP1: キックオフ完了確認', '備考': 'M01 キックオフ会議(クライアント窓口: 前田 美咲 部長)'}
data/processed/share/share/共有ドライブ/プロジェクト/株式会社青嶺不動産アセットマネジメント/02.計画/スケジュール_r2.xlsx.structure.json スケジュール fill=FFF2E0D0: {'No.': '11.0', 'フェーズ': 'P3 探索的分析・中間報告', 'タスクID': 'T11', 'タスク名': '中間報告会実施', '詳細・内容': '前処理ルール案、分析データセット化方針、モデリング継続条件の承認を取得', '担当者': '佐藤 健一 / 渡辺 遥', '開始日': '2025-08-26', '終了日': '2025-08-26', '依存タスク': 'T10', '成果物': '中間報告議事メモ', 'ステータス': '完了', 'クリティカルパス': '○', 'マイルストーン': 'MS4: 中間報告承認', 'チェックポイント': 'CP4: 中間報告承認', '備考': 'M02 中間報告会議(クライアント窓口: 前田 美咲 部長)'}
data/processed/share/share/共有ドライブ/プロジェクト/株式会社青嶺不動産アセットマネジメント/02.計画/スケジュール_r2.xlsx.structure.json スケジュール fill=FFF2E0D0: {'No.': '20.0', 'フェーズ': 'P6 最終報告・検収・精算管理', 'タスクID': 'T20', 'タスク名': '最終報告会実施', '詳細・内容': '最終成果物説明、承認判断材料提示', '担当者': '佐藤 健一 / 渡辺 遥 / 藤田 彩', '開始日': '2025-09-16', '終了日': '2025-09-16', '依存タスク': 'T18, T19', '成果物': '最終報告書、最終報告議事メモ', 'ステータス': '完了', 'クリティカルパス': '○', 'マイルストーン': 'MS7: 最終報告会完了', 'チェックポイント': 'CP8: 最終報告・承認判断', '備考': 'M03 最終報告会議(クライアント窓口: 前田 美咲 部長)'}"
3,恒一会 かえで総合病院の契約書において、太字で記載されている箇所のうち、日付以外のものをすべて抽出してください。,"time_and_materials、実績工数に基づき、案件完了後に最終成果物の検収を経て一括精算する。、30、分単位、25,000、円/時間",answered,EDA035,medium,data/processed/share/share/共有ドライブ/プロジェクト/医療法人社団 恒一会 かえで総合病院/01.契約/契約書_pw解除版.docx.structure.json,1,EDA035の改善ログ,"data/processed/share/share/共有ドライブ/プロジェクト/医療法人社団 恒一会 かえで総合病院/01.契約/契約書_pw解除版.docx.structure.json block=47: time_and_materials {'text': 'time_and_materials', 'bold': True, 'italic': False, 'underline': False, 'font_color': '', 'highlight': '', 'font_name': '', 'font_size_pt': None}
data/processed/share/share/共有ドライブ/プロジェクト/医療法人社団 恒一会 かえで総合病院/01.契約/契約書_pw解除版.docx.structure.json block=50: 実績工数に基づき、案件完了後に最終成果物の検収を経て一括精算する。 {'text': '実績工数に基づき、案件完了後に最終成果物の検収を経て一括精算する。', 'bold': True, 'italic': False, 'underline': False, 'font_color': '', 'highlight': '', 'font_name': '', 'font_size_pt': None}
data/processed/share/share/共有ドライブ/プロジェクト/医療法人社団 恒一会 かえで総合病院/01.契約/契約書_pw解除版.docx.structure.json block=54: 30 {'text': '30', 'bold': True, 'italic': False, 'underline': False, 'font_color': '', 'highlight': '', 'font_name': '', 'font_size_pt': None}
data/processed/share/share/共有ドライブ/プロジェクト/医療法人社団 恒一会 かえで総合病院/01.契約/契約書_pw解除版.docx.structure.json block=54: 分単位 {'text': '分単位', 'bold': True, 'italic': False, 'underline': False, 'font_color': '', 'highlight': '', 'font_name': '', 'font_size_pt': None}
data/processed/share/share/共有ドライブ/プロジェクト/医療法人社団 恒一会 かえで総合病院/01.契約/契約書_pw解除版.docx.structure.json block=114: 25,000 {'text': '25,000', 'bold': True, 'italic': False, 'underline': False, 'font_color': '', 'highlight': '', 'font_name': '', 'font_size_pt': None}
data/processed/share/share/共有ドライブ/プロジェクト/医療法人社団 恒一会 かえで総合病院/01.契約/契約書_pw解除版.docx.structure.json block=114: 円/時間 {'text': '円/時間', 'bold': True, 'italic': False, 'underline': False, 'font_color': '', 'highlight': '', 'font_name': '', 'font_size_pt': None}"
4,蒼泉会 ひがし丘総合病院の01_eda.ipynbを確認して、目的変数と相関が最も高い数値特徴量を教えてください。,bmi,answered,EDA034_eda027_openrouter_20b,medium,share/共有ドライブ/プロジェクト/医療法人社団 蒼泉会 ひがし丘総合病院/04.分析/analysis_project/notebooks/01_eda.ipynb,1,EDA034の最終回答ログ。top1_source_pathを補助根拠として記録,EDA027のunknown許容LLM回答を採用
5,青潮モビリティサービスの最終報告にて最良モデルとしているモデルのパラメータであるmax_depthはいくらに設定されていますか。,max_depthは5に設定されています,answered,EDA021_bm25_top_sources_fallback,low,share/共有ドライブ/プロジェクト/株式会社青潮モビリティサービス/06.報告書/株式会社青潮モビリティサービス_最終報告.pdf | share/共有ドライブ/プロジェクト/株式会社青潮モビリティサービス/05.会議/会議録/会議録_2025-08-26.docx,5,採用ログのsource_pathsが空だったため、BM25検索上位ソースを補助根拠として記録,
6,蒼泉会 ひがし丘総合病院案件において、提案時の税込み見込み金額と最終請求金額の差額はいくらですか。,0円,answered,EDA034_eda027_openrouter_20b,medium,share/共有ドライブ/プロジェクト/医療法人社団 蒼泉会 ひがし丘総合病院/06.報告書/医療法人社団 蒼泉会 ひがし丘総合病院_最終報告.pdf,1,EDA034の最終回答ログ。top1_source_pathを補助根拠として記録,EDA027のunknown許容LLM回答を採用
7,青潮モビリティサービスの基礎分析.pptxにおいて、黄色ハイライトされている数値に対応するデータの抽出条件と集計内容を答えてください。,"行ラベル(0,1,2...)でグループ化し、各列(平均 / temp, 平均 / atemp, 平均 / hum, 平均 / windspeed, 平均 / cnt)の平均値を算出する。",answered,EDA021_bm25_top_sources_fallback,low,share/共有ドライブ/プロジェクト/株式会社青潮モビリティサービス/05.会議/報告資料/基礎分析.pptx | share/共有ドライブ/プロジェクト/株式会社青潮モビリティサービス/05.会議/報告資料/基礎分析.docx | share/共有ドライブ/プロジェクト/株式会社青潮モビリティサービス/06.報告書/株式会社青潮モビリティサービス_最終報告.pdf,5,採用ログのsource_pathsが空だったため、BM25検索上位ソースを補助根拠として記録,
8,東都人材プラットフォームのデータサイエンティスト調査資料において、米国平均給与における機械学習（ML）エンジニアとデータエンジニアの差はいくらですか。,"14,744ドル。",answered,EDA034_eda027_openrouter_20b,medium,share/共有ドライブ/プロジェクト/株式会社東都人材プラットフォーム/00.提案/データサイエンティスト調査.docx,1,EDA034の最終回答ログ。top1_source_pathを補助根拠として記録,EDA027のunknown許容LLM回答を採用
9,青葉与信マネジメントの最終報告資料の最新版になる際に修正されたもののうち、案件遂行に関連する変更を挙げてください。,5. 業務提言 ― モデル運用・ガバナンス(中期),answered,EDA046,medium,data/processed/share/share/共有ドライブ/プロジェクト/青葉与信マネジメント株式会社/06.報告書/old/青葉与信マネジメント株式会社_最終報告.pptx.md | data/processed/share/share/共有ドライブ/プロジェクト/青葉与信マネジメント株式会社/06.報告書/青葉与信マネジメント株式会社_最終報告.pptx.md,2,EDA046の改善ログ,5. 業務提言 ― モデル運用・ガバナンス(中期)
10,恒一会 かえで総合病院のtrain.xlsxにおいて、AG_ratioのヒストグラムで最も多いカウント数はいくつですか。,1473,answered,EDA036,medium,data/processed/share/share/共有ドライブ/プロジェクト/医療法人社団 恒一会 かえで総合病院/03.データ/train.csv.data.csv,1,EDA036の改善ログ,"column=AG_ratio
counts=[385, 1114, 1473, 389, 132, 3, 0, 0, 0, 4]
bins=[0.36618959, 0.5947273, 0.82326501, 1.05180272, 1.28034042, 1.50887813, 1.73741584, 1.96595355, 2.19449125, 2.42302896, 2.65156667]"
11,青嶺不動産アセットマネジメントの報告資料の中で、太字、下線、イタリックのすべてに該当する箇所を抽出してください。,該当箇所はありません,answered,EDA021_bm25_top_sources_fallback,low,share/共有ドライブ/プロジェクト/株式会社青嶺不動産アセットマネジメント/05.会議/報告資料/報告資料_2025-08-26.pdf | share/共有ドライブ/プロジェクト/株式会社青嶺不動産アセットマネジメント/05.会議/報告資料/報告資料_2025-08-06.pdf | share/共有ドライブ/プロジェクト/株式会社青嶺不動産アセットマネジメント/06.報告書/株式会社青嶺不動産アセットマネジメント_最終報告.pptx | share/共有ドライブ/プロジェクト/株式会社青嶺不動産アセットマネジメント/00.提案/提案書.pptx | share/共有ドライブ/プロジェクト/株式会社青嶺不動産アセットマネジメント/00.提案/old/提案書.pptx,5,採用ログのsource_pathsが空だったため、BM25検索上位ソースを補助根拠として記録,
12,蒼泉会 ひがし丘総合病院の報告資料_2025-07-08.docxにおいて、WBS観点の進捗状況の見出しがあるのは何ページですか。,3,answered,EDA046,medium,data/processed/share/share/共有ドライブ/プロジェクト/医療法人社団 蒼泉会 ひがし丘総合病院/05.会議/報告資料/報告資料_2025-07-08.docx.md,1,EDA046の改善ログ,### 2.3 WBS観点の進捗状況
13,データアステル社の中でもっとも多くの案件にかかわっている人の内線番号を教えてください。,鈴木 美咲,answered,EDA021_bm25_top_sources_fallback,low,share/共有ドライブ/プロジェクト/医療法人社団 恒一会 かえで総合病院/05.会議/報告資料/報告資料_2025-09-16.docx | share/共有ドライブ/社内管理/データアステル社内規定_パスワード導出規則.docx | share/共有ドライブ/社内管理/データアステル社内管理_決裁基準.md,5,採用ログのsource_pathsが空だったため、BM25検索上位ソースを補助根拠として記録,
14,青葉与信マネジメントの提案書_v1.pptxから提案書_v3.pptxに修正されたもののうち、案件遂行に関連する変更を挙げてください。,"• ベースラインモデルを構築し基準性能を把握、• ROC-AUC, PR-AUC, 混同行列, リフト等を算出、• データ定義・前処理・評価条件・判断根拠を文書化",answered,EDA046,medium,data/processed/share/share/共有ドライブ/プロジェクト/青葉与信マネジメント株式会社/00.提案/提案書_v1.pptx.md | data/processed/share/share/共有ドライブ/プロジェクト/青葉与信マネジメント株式会社/00.提案/提案書_v3.pptx.md,2,EDA046の改善ログ,"• ベースラインモデルを構築し基準性能を把握
• ロジスティック回帰等の説明性重視モデルを中心に評価
• 必要に応じて決定木系モデルの重要度も比較利用
• 上位/下位リスク群の不良率差を可視化"
15,東都人材プラットフォームのtrain.xlsxにおいて、Sheet1の黄色にハイライトされたセルの抽出条件と集計内容を答えてください。,"Country: Spain, 個数: 12.0",answered,EDA036,medium,data/processed/share/share/共有ドライブ/プロジェクト/株式会社東都人材プラットフォーム/03.データ/train.xlsx.structure.json,1,EDA036の改善ログ,"data/processed/share/share/共有ドライブ/プロジェクト/株式会社東都人材プラットフォーム/03.データ/train.xlsx.structure.json Sheet1!E1409: {'Country': 'Spain', '個数': '12.0'}"
16,青葉与信マネジメントの中間報告資料にて、黄色ハイライトかつ赤字となっている部分を抜き出してください。,0.589,answered,EDA035,medium,data/processed/share/share/共有ドライブ/プロジェクト/青葉与信マネジメント株式会社/05.会議/報告資料/報告資料_2025-04-09.docx.structure.json | data/processed/share/share/共有ドライブ/プロジェクト/青葉与信マネジメント株式会社/05.会議/報告資料/報告資料_2025-04-29.docx.structure.json,2,EDA035の改善ログ,"data/processed/share/share/共有ドライブ/プロジェクト/青葉与信マネジメント株式会社/05.会議/報告資料/報告資料_2025-04-29.docx.structure.json block=10: 0.589 {'text': '0.589', 'bold': False, 'italic': False, 'underline': False, 'font_color': '#EE0000', 'highlight': 'YELLOW (7)', 'font_name': '', 'font_size_pt': None}"
17,AYMのMMにおいて、黄色ハイライトかつREDになっている数値を対象に、最初のMMから最後のMMまでの上昇率を計算してください。上昇率は （最後の値 - 最初の値） / 最初の値 × 100 で求め、小数第2位まで答えてください。,208.40%,answered,EDA021_bm25_top_sources_fallback,low,share/共有ドライブ/プロジェクト/医療法人社団 恒一会 かえで総合病院/05.会議/報告資料/報告資料_2025-09-16.docx | share/共有ドライブ/プロジェクト/青葉与信マネジメント株式会社/05.会議/報告資料/報告資料_2025-04-09.docx | share/共有ドライブ/プロジェクト/医療法人社団 恒一会 かえで総合病院/05.会議/報告資料/報告資料_2025-09-02.docx | share/共有ドライブ/プロジェクト/青葉与信マネジメント株式会社/05.会議/報告資料/報告資料_2025-04-29.docx,5,採用ログのsource_pathsが空だったため、BM25検索上位ソースを補助根拠として記録,
18,白峰信用リスク評価の会議ID：M04の会議録にて、進捗サマリが記載されているページ番号を答えてください。,2,answered,EDA053_safe,medium,EDA/EDA052/rendered_pages/白峰信用リスク評価株式会社_会議録_2025_07_15_pdf_page002.png,1,EDA053_safeの採用ログ,2
19,青嶺不動産アセットマネジメントのスケジュール_r2.xlsxにおいて、2025-08-11から2025-09-09の間に開始日または終了日が設定されているタスクIDをすべて挙げてください。,T04 T05 T06 T07 T08,answered,EDA034_eda027_openrouter_20b,medium,share/共有ドライブ/プロジェクト/株式会社青嶺不動産アセットマネジメント/02.計画/スケジュール_r2.xlsx,1,EDA034の最終回答ログ。top1_source_pathを補助根拠として記録,EDA027のunknown許容LLM回答を採用
20,東都人材プラットフォームの報告資料_2025-08-18.pdf で、渡辺遥と藤田彩の2人が担当となっている優先タスクを抽出してください。,"渡辺遥: T07, T09, T10 藤田彩: T12",answered,EDA034_eda027_openrouter_20b,medium,share/共有ドライブ/プロジェクト/株式会社東都人材プラットフォーム/05.会議/報告資料/報告資料_2025-08-18.pdf,1,EDA034の最終回答ログ。top1_source_pathを補助根拠として記録,EDA027のunknown許容LLM回答を採用
21,青葉バイオメディカル機器のクライアントの主担当者の役職は何ですか。,エグゼクティブスポンサーです,answered,EDA034_eda027_openrouter_20b,medium,share/共有ドライブ/プロジェクト/株式会社青葉バイオメディカル機器/01.契約/契約書_draft.docx,1,EDA034の最終回答ログ。top1_source_pathを補助根拠として記録,EDA027のunknown許容LLM回答を採用
22,白峰信用リスク評価の01_eda_old.ipynbから01_eda.ipynbへの変更内容のうち、内容として変わっている点は何ですか。,変更なし。,answered,EDA046,medium,data/processed/share/share/共有ドライブ/プロジェクト/白峰信用リスク評価株式会社/00.提案/提案書old.pptx.md | data/processed/share/share/共有ドライブ/プロジェクト/白峰信用リスク評価株式会社/06.報告書/白峰信用リスク評価株式会社_最終報告.pptx.md,2,EDA046の改善ログ,"制約事項と残余リスク
リスクセグメント別企業分類(上位リスク抽出)
説明可能なモデル候補の比較と初期採用方針提示
監査対応可能な前処理・評価・出力の記録方針の確立"
23,ひがし丘の案件において、案件終了後のACTHが155時間10分だった場合の税込請求額は提案書内で記載の見込税込金額と比べて何円の減額になりますか。,398750円,answered,EDA034_eda027_openrouter_20b,medium,share/共有ドライブ/プロジェクト/医療法人社団 蒼泉会 ひがし丘総合病院/00.提案/提案書.pptx,1,EDA034の最終回答ログ。top1_source_pathを補助根拠として記録,EDA027のunknown許容LLM回答を採用
24,分析データの中で、1つでも欠損値がある行数が最も多い案件を、主略称で答えてください。,AOMINE,answered,EDA035,medium,data/raw/share/share/共有ドライブ/プロジェクト/株式会社青嶺不動産アセットマネジメント/03.データ/train.csv,1,EDA035の改善ログ,"('AOMINE', 13556, 'data/raw/share/share/共有ドライブ/プロジェクト/株式会社青嶺不動産アセットマネジメント/03.データ/train.csv')
('AOMINE', 13556, 'data/raw/share/share/共有ドライブ/プロジェクト/株式会社青嶺不動産アセットマネジメント/04.分析/analysis_project/data/train.csv')
('SHR', 3932, 'data/raw/share/share/共有ドライブ/プロジェクト/白峰信用リスク評価株式会社/03.データ/train.csv')
('SHR', 3932, 'data/raw/share/share/共有ドライブ/プロジェクト/白峰信用リスク評価株式会社/04.分析/analysis_project/data/train.csv')
('TOTO', 166, 'data/raw/share/share/共有ドライブ/プロジェクト/株式会社東都人材プラットフォーム/03.データ/train.csv')
('TOTO', 166, 'data/raw/share/share/共有ドライブ/プロジェクト/株式会社東都人材プラットフォーム/04.分析/analysis_project/data/train.csv')
('KSS', 0, 'data/raw/share/share/共有ドライブ/プロジェクト/京橋信用ソリューションズ株式会社/03.データ/train.csv')
('KSS', 0, 'data/raw/share/share/共有ドライブ/プロジェクト/京橋信用ソリューションズ株式会社/04.分析/analysis_project/data/train.csv')
('KAEDE', 0, 'data/raw/share/share/共有ドライブ/プロジェクト/医療法人社団 恒一会 かえで総合病院/03.データ/train.csv')
('KAEDE', 0, 'data/raw/share/share/共有ドライブ/プロジェクト/医療法人社団 恒一会 かえで総合病院/04.分析/analysis_project/data/train.csv')
('MINAMINO', 0, 'data/raw/share/share/共有ドライブ/プロジェクト/医療法人社団 蒼樹会 みなみ野女性医療センター/03.データ/train.csv')
('MINAMINO', 0, 'data/raw/share/share/共有ドライブ/プロジェクト/医療法人社団 蒼樹会 みなみ野女性医療センター/04.分析/analysis_project/data/train.csv')
('HIGASHI', 0, 'data/raw/share/share/共有ドライブ/プロジェクト/医療法人社団 蒼泉会 ひがし丘総合病院/03.データ/train.csv')
('HIGASHI', 0, 'data/raw/share/share/共有ドライブ/プロジェクト/医療法人社団 蒼泉会 ひがし丘総合病院/04.分析/analysis_project/data/train.csv')
('AOBM', 0, 'data/raw/share/share/共有ドライブ/プロジェクト/株式会社青葉バイオメディカル機器/03.データ/train.csv')
('AOBM', 0, 'data/raw/share/share/共有ドライブ/プロジェクト/株式会社青葉バイオメディカル機器/04.分析/analysis_project/data/train.csv')
('AYM', 0, 'data/raw/share/share/共有ドライブ/プロジェクト/青葉与信マネジメント株式会社/03.データ/train.csv')
('AYM', 0, 'data/raw/share/share/共有ドライブ/プロジェクト/青葉与信マネジメント株式会社/04.分析/analysis_project/data/train.csv')"
25,白峰信用リスク評価のtrain.xlsxにおいて、青色ハイライト部分の合計値を求めてください。四捨五入して整数で答えてください。,-11759122,answered,EDA035,medium,data/processed/share/share/共有ドライブ/プロジェクト/白峰信用リスク評価株式会社/03.データ/train.xlsx.structure.json,1,EDA035の改善ログ,"data/processed/share/share/共有ドライブ/プロジェクト/白峰信用リスク評価株式会社/03.データ/train.xlsx.structure.json Sheet5 B8=90804.49533060042
data/processed/share/share/共有ドライブ/プロジェクト/白峰信用リスク評価株式会社/03.データ/train.xlsx.structure.json Sheet5 B9=-11850477.417452984
data/processed/share/share/共有ドライブ/プロジェクト/白峰信用リスク評価株式会社/03.データ/train.xlsx.structure.json Sheet5 E12=550.3782721439993"
26,2025-08-15 から 2025-09-07 の間に契約期間が重なっている案件の中で、契約期間が 40日 を超えている案件を、主略称ですべて挙げてください。,株式会社青嶺不動産アセットマネジメント,answered,EDA046,medium,data/processed/share/share/共有ドライブ/プロジェクト/株式会社青葉バイオメディカル機器/05.会議/会議録/会議録_2025-07-11.docx.md | data/processed/share/share/共有ドライブ/プロジェクト/株式会社青潮モビリティサービス/00.提案/提案書.pptx.md | data/processed/share/share/共有ドライブ/社内管理/社内用語集.docx.structure.json | data/processed/share/share/共有ドライブ/プロジェクト/医療法人社団 恒一会 かえで総合病院/01.契約/契約書_pw解除版.docx.structure.json,4,EDA046の改善ログ,"前回からの進捗
モデル入力から除外
""モデル入力から除外""
""text"": ""から"","
27,恒一会 かえで総合病院の提案書において、スコープ対象外としている項目はいくつありますか。,7,answered,EDA034_eda027_openrouter_20b,medium,share/共有ドライブ/プロジェクト/医療法人社団 恒一会 かえで総合病院/06.報告書/医療法人社団 恒一会 かえで総合病院_最終報告_old.pptx,1,EDA034の最終回答ログ。top1_source_pathを補助根拠として記録,EDA027のunknown許容LLM回答を採用
28,蒼樹会 みなみ野女性医療センターの分析結果として予測に影響が高いと報告されている特徴量の中で、最もターゲットとの相関が高い特徴量を答えてください。,Age,answered,EDA034_eda027_openrouter_20b,medium,share/共有ドライブ/プロジェクト/医療法人社団 蒼樹会 みなみ野女性医療センター/04.分析/analysis_project/notebooks/01_eda.ipynb,1,EDA034の最終回答ログ。top1_source_pathを補助根拠として記録,EDA027のunknown許容LLM回答を採用
29,恒一会 かえで総合病院のtrain.xlsx内のTPのヒストグラムで、3番目にカウント数が多いビンの範囲を小数第6位までで答えてください。,5.667456以上6.143320未満,answered,EDA021_bm25_top_sources_fallback,low,share/共有ドライブ/プロジェクト/医療法人社団 恒一会 かえで総合病院/05.会議/報告資料/報告資料_2025-09-16.docx | share/共有ドライブ/プロジェクト/医療法人社団 恒一会 かえで総合病院/04.分析/analysis_project/notebooks/01_eda.ipynb | share/共有ドライブ/プロジェクト/医療法人社団 恒一会 かえで総合病院/05.会議/報告資料/報告資料_2025-09-02.docx | share/共有ドライブ/プロジェクト/医療法人社団 恒一会 かえで総合病院/06.報告書/医療法人社団 恒一会 かえで総合病院_最終報告_old.pptx | share/共有ドライブ/プロジェクト/医療法人社団 恒一会 かえで総合病院/06.報告書/医療法人社団 恒一会 かえで総合病院_最終報告.pptx,5,採用ログのsource_pathsが空だったため、BM25検索上位ソースを補助根拠として記録,
30,青葉与信マネジメントの分析対象データにおいて、標準化されたloan_amntが0未満の行のうち、purpose=credit_cardに該当し、かつloan_amntがpurpose=credit_card全体の平均を上回る行の割合は何%ですか。小数第2位まで答えてください。,1.18%,answered,EDA035,medium,data/raw/share/share/共有ドライブ/プロジェクト/青葉与信マネジメント株式会社/03.データ/train.csv,1,EDA035の改善ログ,"denominator=10938, numerator=129, credit_card_mean=1540.8428824033083"
31,固定金額契約の中で、分析データ1行あたりの契約金額（税込）が最も高い案件を、主略称と1行あたりの金額で答えてください。1行あたりの金額は円単位で切り上げてください。,"白峰信用リスク評価 7,480,000",answered,EDA046,medium,data/processed/share/share/共有ドライブ/プロジェクト/株式会社青嶺不動産アセットマネジメント/06.報告書/株式会社青嶺不動産アセットマネジメント_最終報告.pptx.md | data/processed/share/share/共有ドライブ/プロジェクト/株式会社青潮モビリティサービス/00.提案/提案書.pptx.md | data/processed/share/share/共有ドライブ/プロジェクト/青葉与信マネジメント株式会社/00.提案/提案書_v1.pptx.structure.json,3,EDA046の改善ログ,"税込金額
(税込)
""税込"""
32,青嶺不動産アセットマネジメントの分析出力 metrics.json の feature_selection.selected_columns に含まれている列のうち、分析コードで生成された数値交互作用特徴量の列名をすべて答えてください。,BOROUGH__x__BLOCK、BOROUGH__x__LOT、BOROUGH__x__ZIP CODE、BLOCK__x__LOT、BLOCK__x__ZIP CODE、LOT__x__ZIP CODE,answered,EDA035,medium,data/raw/share/share/共有ドライブ/プロジェクト/株式会社青嶺不動産アセットマネジメント/04.分析/analysis_outputs/metrics.json | data/processed/share/share/共有ドライブ/プロジェクト/株式会社青嶺不動産アセットマネジメント/04.分析/analysis_project/README.md | data/processed/share/share/共有ドライブ/プロジェクト/株式会社青嶺不動産アセットマネジメント/04.分析/analysis_project/data/train.csv.md | data/processed/share/share/共有ドライブ/プロジェクト/株式会社青嶺不動産アセットマネジメント/04.分析/analysis_project/data/カラム説明.md | data/processed/share/share/共有ドライブ/プロジェクト/株式会社青嶺不動産アセットマネジメント/04.分析/analysis_project/notebooks/01_eda.ipynb.md | data/processed/share/share/共有ドライブ/プロジェクト/株式会社青嶺不動産アセットマネジメント/04.分析/analysis_project/scripts/bootstrap_env.py.md,6,EDA035の改善ログ,"selected=['BOROUGH', 'BUILDING CLASS CATEGORY', 'TAX CLASS AT PRESENT', 'BLOCK', 'LOT', 'ZIP CODE', 'RESIDENTIAL UNITS', 'COMMERCIAL UNITS', 'TOTAL UNITS', 'LAND SQUARE FEET', 'GROSS SQUARE FEET', 'YEAR BUILT', 'TAX CLASS AT TIME OF SALE', 'BOROUGH__x__BLOCK', 'BOROUGH__x__LOT', 'BOROUGH__x__ZIP CODE', 'BLOCK__x__LOT', 'BLOCK__x__ZIP CODE', 'LOT__x__ZIP CODE']
generated=['Age_x_Experience', 'Education_x_Experience', '__x__']"
33,青潮モビリティサービスの基礎分析.docxのグラフ2で、x=3のときの青色の折れ線のyの値を小数第5位で答えてください。,137.64768,answered,EDA055,medium,data/raw/share/share/共有ドライブ/プロジェクト/株式会社青潮モビリティサービス/05.会議/報告資料/基礎分析.docx,1,EDA055の採用ログ,137.64768
34,MINAMINOにおいて、M01時点では未完了で、M02までの間に完了したAIのうち、伊藤さんが担当しているものを抽出してください。,なし,answered,EDA021_bm25_top_sources_fallback,low,share/共有ドライブ/プロジェクト/青葉与信マネジメント株式会社/05.会議/報告資料/報告資料_2025-04-09.docx | share/共有ドライブ/プロジェクト/青葉与信マネジメント株式会社/05.会議/会議録/会議録_2025-05-27.pdf | share/共有ドライブ/プロジェクト/医療法人社団 恒一会 かえで総合病院/05.会議/報告資料/報告資料_2025-09-16.docx | share/共有ドライブ/プロジェクト/京橋信用ソリューションズ株式会社/05.会議/報告資料/報告資料_2025-10-01.docx,5,採用ログのsource_pathsが空だったため、BM25検索上位ソースを補助根拠として記録,
35,京橋信用ソリューションズの京橋信用ソリューションズ株式会社_最終報告.pptxにおいて、F1スコアにてgradient_boostingに次ぐ順位のモデルの Accuracy はいくつですか。,0.90527,answered,EDA034_eda027_openrouter_20b,medium,share/共有ドライブ/プロジェクト/京橋信用ソリューションズ株式会社/06.報告書/京橋信用ソリューションズ株式会社_最終報告.pptx,1,EDA034の最終回答ログ。top1_source_pathを補助根拠として記録,EDA027のunknown許容LLM回答を採用
36,恒一会 かえで総合病院案件において、中間報告時点のF1スコア実測値と最終報告時点のF1スコア実測値の差を絶対値で答えてください。,0.0960328831921873,answered,EDA021_bm25_top_sources_fallback,low,share/共有ドライブ/プロジェクト/医療法人社団 恒一会 かえで総合病院/05.会議/報告資料/報告資料_2025-09-16.docx | share/共有ドライブ/プロジェクト/医療法人社団 恒一会 かえで総合病院/06.報告書/医療法人社団 恒一会 かえで総合病院_最終報告_old.pptx | share/共有ドライブ/プロジェクト/医療法人社団 恒一会 かえで総合病院/06.報告書/医療法人社団 恒一会 かえで総合病院_最終報告.pptx | share/共有ドライブ/プロジェクト/医療法人社団 蒼泉会 ひがし丘総合病院/06.報告書/医療法人社団 蒼泉会 ひがし丘総合病院_最終報告.pdf,5,採用ログのsource_pathsが空だったため、BM25検索上位ソースを補助根拠として記録,
37,AOBMにおいて、見込金額（税込）と確定金額（税込）の差を、ESTHとACTHの差で割った1時間あたりの減少金額を計算してください。,0円/時間,answered,EDA046,medium,data/processed/share/share/共有ドライブ/プロジェクト/株式会社青葉バイオメディカル機器/01.契約/契約書.docx.structure.json | data/processed/share/share/共有ドライブ/プロジェクト/株式会社青葉バイオメディカル機器/05.会議/報告資料/報告資料_2025-07-11.docx.structure.json | data/processed/share/share/共有ドライブ/プロジェクト/株式会社青葉バイオメディカル機器/06.報告書/株式会社青葉バイオメディカル機器_最終報告.pptx.md | data/processed/share/share/共有ドライブ/プロジェクト/株式会社青葉バイオメディカル機器/01.契約/契約書.docx.md,4,EDA046の改善ログ,"""金額(税込)"",
""想定金額(税込)"",
税込金額:3,443,000 円
想定金額(税込):3,740,000円"
38,社内管理のAPRに照らして、APR-M3が必要な案件を主略称ですべて挙げ、それらの契約金額（税込）の合計を答えてください。,該当なし。合計0円,answered,EDA057_cross_project_apr_rule,high,EDA/EDA051/tables/contract_terms_inventory.csv | data/processed/share/share/共有ドライブ/社内管理/データアステル社内管理_決裁基準.md | data/processed/share/share/共有ドライブ/社内管理/社内用語集.docx.md,3,EDA057個別routeで採用,"{""apr_m3_projects"": []}"
39,青潮モビリティサービスのtrain.xlsxのSheet1にあるグラフ1はどのカラムを可視化したものですか。,Sheet1にはグラフが存在しないため、可視化されたカラムはありません,answered,EDA021_bm25_top_sources_fallback,low,share/共有ドライブ/プロジェクト/株式会社青潮モビリティサービス/03.データ/train.xlsx | share/共有ドライブ/プロジェクト/株式会社青潮モビリティサービス/04.分析/analysis_project/data/カラム説明.md | share/共有ドライブ/プロジェクト/株式会社青潮モビリティサービス/03.データ/カラム説明.md | share/共有ドライブ/プロジェクト/株式会社青潮モビリティサービス/06.報告書/株式会社青潮モビリティサービス_最終報告.pdf,5,採用ログのsource_pathsが空だったため、BM25検索上位ソースを補助根拠として記録,
40,2026年7月1日時点で存在する案件について、支払月ごとの精算総額が多い月を上位3つ、総額とあわせて答えてください。,"2025-10: 2,887,500円, 2025-11: 2,887,500円, 2025-12: 0円",answered,EDA021_bm25_top_sources_fallback,low,share/共有ドライブ/プロジェクト/青葉与信マネジメント株式会社/05.会議/報告資料/報告資料_2025-04-09.docx | share/共有ドライブ/プロジェクト/医療法人社団 恒一会 かえで総合病院/05.会議/報告資料/報告資料_2025-09-02.docx | share/共有ドライブ/プロジェクト/医療法人社団 恒一会 かえで総合病院/05.会議/報告資料/報告資料_2025-09-16.docx | share/共有ドライブ/プロジェクト/青葉与信マネジメント株式会社/05.会議/報告資料/報告資料_2025-04-29.docx,5,採用ログのsource_pathsが空だったため、BM25検索上位ソースを補助根拠として記録,
41,AOBMのPLANにおいて、加藤さんが担当者に含まれるタスクIDはいくつありますか。,3,answered,EDA034_eda027_openrouter_20b,medium,share/共有ドライブ/プロジェクト/株式会社青葉バイオメディカル機器/02.計画/スケジュール.xlsx,1,EDA034の最終回答ログ。top1_source_pathを補助根拠として記録,EDA027のunknown許容LLM回答を採用
42,蒼泉会 ひがし丘総合病院のtrain.xlsxのSheet1において、黄色ハイライトされている数値に対応するデータの抽出条件と集計内容を答えてください。,Sheet1!F22=33.022105717、条件: col_4=1、col_5=35.9、集計: col_6,answered,EDA046,medium,data/processed/share/share/共有ドライブ/プロジェクト/医療法人社団 蒼泉会 ひがし丘総合病院/03.データ/train.xlsx.structure.json,1,EDA046の改善ログ,data/processed/share/share/共有ドライブ/プロジェクト/医療法人社団 蒼泉会 ひがし丘総合病院/03.データ/train.xlsx.structure.json Sheet1!F22=33.022105717、条件: col_4=1、col_5=35.9、集計: col_6
43,東都のCTにおいて、甲側の主担当者をフルネームで教えてください。,石川 直樹,answered,EDA021_bm25_top_sources_fallback,low,share/共有ドライブ/プロジェクト/医療法人社団 恒一会 かえで総合病院/05.会議/報告資料/報告資料_2025-09-16.docx | share/共有ドライブ/プロジェクト/青葉与信マネジメント株式会社/05.会議/報告資料/報告資料_2025-04-09.docx | share/共有ドライブ/プロジェクト/医療法人社団 恒一会 かえで総合病院/05.会議/報告資料/報告資料_2025-09-02.docx | share/共有ドライブ/プロジェクト/青葉与信マネジメント株式会社/05.会議/報告資料/報告資料_2025-04-29.docx,5,採用ログのsource_pathsが空だったため、BM25検索上位ソースを補助根拠として記録,
44,IMにあるFMにおいて、佐藤さんから見て右側に座っている人の名前をすべて挙げてください。,わかりません,unknown,unknown_diagnostic_sources,none,data/processed/share/share/共有ドライブ/社内管理/座席表.pptx.md | data/processed/share/share/共有ドライブ/社内管理/座席表.pptx.structure.json | data/processed/share/share/共有ドライブ/社内管理/社内用語集.docx.md | data/processed/share/share/共有ドライブ/社内管理/社内用語集.docx.structure.json | data/processed/share/share/共有ドライブ/社内管理/データアステル社内管理_決裁基準.md | data/processed/share/share/共有ドライブ/社内管理/データアステル社内規定_パスワード導出規則.docx.md | data/processed/share/share/共有ドライブ/社内管理/データアステル社内管理_決裁基準.md.structure.json | data/processed/share/share/共有ドライブ/社内管理/データアステル社内規定_パスワード導出規則.docx.structure.json | data/processed/share/share/共有ドライブ/プロジェクト/白峰信用リスク評価株式会社/04.分析/analysis_outputs/experiments/leaderboard.csv.md | data/processed/share/share/共有ドライブ/プロジェクト/青葉与信マネジメント株式会社/04.分析/analysis_outputs/experiments/leaderboard.csv.md,10,最終回答はわかりません。候補ソースは診断用であり、回答根拠として未確定,
45,京橋信用ソリューションズの会議録_2025-10-29.pdfと会議録_2025-11-11.pdfにおいて、会議ID M2 から M3 にかけて完了したアクションアイテムのIDをすべて挙げてください。,A01 A02 A03 A07,answered,EDA034_eda027_openrouter_20b,medium,share/共有ドライブ/プロジェクト/京橋信用ソリューションズ株式会社/05.会議/会議録/会議録_2025-10-29.pdf,1,EDA034の最終回答ログ。top1_source_pathを補助根拠として記録,EDA027のunknown許容LLM回答を採用
46,着手金が最も高い案件について、その案件のESの内線番号を教えてください。,7201,answered,EDA057_upfront_es_extension_join,medium,EDA/EDA051/tables/contract_terms_inventory.csv | EDA/EDA051/tables/role_assignment_inventory.csv | EDA/EDA049/tables/seat_coordinate_table.csv,3,EDA057個別routeで採用,"{""project"": ""白峰信用リスク評価株式会社"", ""project_abbreviation"": ""SHR"", ""upfront_amount"": 2720000.0, ""es_name"": ""中村 誠"", ""seat_family_name"": ""中村"", ""extension"": 7201, ""seat_source"": ""fallback_visual_seed""}"
47,青嶺不動産アセットマネジメントのtrain.xlsxにおいて、黄色ハイライトセルは予測と実際の誤差を計算していますが、その予測値の対象となっている不動産の建設年を算出してください。,2025年,answered,EDA021_bm25_top_sources_fallback,low,share/共有ドライブ/プロジェクト/株式会社青嶺不動産アセットマネジメント/06.報告書/株式会社青嶺不動産アセットマネジメント_最終報告.pptx | share/共有ドライブ/プロジェクト/株式会社青嶺不動産アセットマネジメント/04.分析/analysis_project/scripts/run_train.py | share/共有ドライブ/プロジェクト/株式会社青嶺不動産アセットマネジメント/03.データ/train.xlsx | share/共有ドライブ/プロジェクト/株式会社青嶺不動産アセットマネジメント/04.分析/analysis_project/src/__init__.py,5,採用ログのsource_pathsが空だったため、BM25検索上位ソースを補助根拠として記録,
48,青嶺不動産アセットマネジメントのニューヨーク不動産市場の最新動向調査.pdfにおいて、提案されているマンション税の新税率のうち、現行税率からの絶対値の増加が最も小さい価格帯はどこですか。,100万ドル超 - 500万ドル以下,answered,EDA034_eda027_openrouter_20b,medium,share/共有ドライブ/プロジェクト/株式会社青嶺不動産アセットマネジメント/00.提案/ニューヨーク不動産市場の最新動向調査.pdf,1,EDA034の最終回答ログ。top1_source_pathを補助根拠として記録,EDA027のunknown許容LLM回答を採用
49,東都人材プラットフォームの会議録において、コメントがついている部分をそのまま抽出してください。,WBS・進捗管理台帳確定（タスク割振・ガント更新）,answered,EDA056,medium,data/raw/share/share/共有ドライブ/プロジェクト/株式会社東都人材プラットフォーム/05.会議/会議録/会議録_2025-08-18.docx,1,EDA056の採用ログ,WBS・進捗管理台帳確定（タスク割振・ガント更新）
50,東都人材プラットフォームのデータサイエンティスト調査において、Salary.com が公表しているデータサイエンティストの年間基本給について、上位90%の層と中央値の差はいくらですか。,"81,820ドル",answered,EDA034_eda027_openrouter_20b,medium,share/共有ドライブ/プロジェクト/株式会社東都人材プラットフォーム/00.提案/データサイエンティスト調査.docx,1,EDA034の最終回答ログ。top1_source_pathを補助根拠として記録,EDA027のunknown許容LLM回答を採用
51,白峰信用リスク評価の提案書.pptxにおいて、モデルの高度化（説明性・セグメント分析）の実行予定スケジュールは案件開始から第何週目に実施予定でしょうか。,第9週目,answered,EDA034_eda027_openrouter_20b,medium,share/共有ドライブ/プロジェクト/白峰信用リスク評価株式会社/00.提案/提案書.pptx,1,EDA034の最終回答ログ。top1_source_pathを補助根拠として記録,EDA027のunknown許容LLM回答を採用
52,蒼樹会 みなみ野女性医療センターの今後の運用に関する記載の中で、データアステル側の役割として「別契約」と明記されているものを抽出してください。,契約範囲外の追加対応,answered,EDA056,medium,data/processed/share/share/共有ドライブ/プロジェクト/医療法人社団 蒼樹会 みなみ野女性医療センター/00.提案/提案書.pptx.md | data/processed/share/share/共有ドライブ/プロジェクト/医療法人社団 蒼樹会 みなみ野女性医療センター/01.契約/契約書.docx.md,2,EDA056の採用ログ,契約範囲外の追加対応
53,TOTOのFR書にて記載のある選択特徴量のうち、ENG-FTはいくつありますか。,0,answered,EDA046,medium,data/processed/share/share/共有ドライブ/プロジェクト/株式会社東都人材プラットフォーム/04.分析/analysis_project/notebooks/01_eda.ipynb.md | data/processed/share/share/共有ドライブ/プロジェクト/株式会社東都人材プラットフォーム/04.分析/analysis_project/src/features.py.md | data/processed/share/share/共有ドライブ/プロジェクト/株式会社東都人材プラットフォーム/04.分析/analysis_project/src/features.py.structure.json | data/processed/share/share/共有ドライブ/プロジェクト/株式会社東都人材プラットフォーム/03.データ/train.csv.structure.json,5,EDA046の改善ログ,"Software Engineer
CYCLE_LENGTH_BY_NAME = {
""CYCLE_LENGTH_BY_NAME.get"",
Engineering (non-computer focused)
""Profession"": ""Software Engineer"","
54,青潮モビリティサービスの基礎分析.docxのグラフ1で、x=3のときのyの値を小数第5位で答えてください。,13.00000,answered,EDA021_bm25_top_sources_fallback,low,share/共有ドライブ/プロジェクト/株式会社青潮モビリティサービス/05.会議/報告資料/基礎分析.docx | share/共有ドライブ/プロジェクト/株式会社青潮モビリティサービス/05.会議/報告資料/基礎分析.pptx | share/共有ドライブ/プロジェクト/株式会社青潮モビリティサービス/06.報告書/株式会社青潮モビリティサービス_最終報告.pdf,5,採用ログのsource_pathsが空だったため、BM25検索上位ソースを補助根拠として記録,
55,事後精算案件のうち、提案時の見積工数と最終報告で報告されている実績工数の乖離が最も大きい案件を主略称で挙げてください。,かえで総合病院,answered,EDA021_bm25_top_sources_fallback,low,share/共有ドライブ/プロジェクト/医療法人社団 蒼樹会 みなみ野女性医療センター/00.提案/糖尿病統計情報.docx | share/共有ドライブ/プロジェクト/青葉与信マネジメント株式会社/05.会議/報告資料/報告資料_2025-04-29.docx | share/共有ドライブ/プロジェクト/医療法人社団 恒一会 かえで総合病院/05.会議/報告資料/報告資料_2025-09-16.docx | share/共有ドライブ/プロジェクト/医療法人社団 蒼泉会 ひがし丘総合病院/00.提案/提案書.pptx | share/共有ドライブ/プロジェクト/株式会社青潮モビリティサービス/05.会議/報告資料/報告資料_2025-08-06.docx,5,採用ログのsource_pathsが空だったため、BM25検索上位ソースを補助根拠として記録,
56,蒼泉会 ひがし丘総合病院の01_eda.ipynbにおける目的変数分析の可視化において、y軸に実際に表示されている目盛りの最大値は何ですか。,1256,answered,EDA034_eda027_openrouter_20b,medium,share/共有ドライブ/プロジェクト/医療法人社団 蒼泉会 ひがし丘総合病院/04.分析/analysis_project/notebooks/01_eda.ipynb,1,EDA034の最終回答ログ。top1_source_pathを補助根拠として記録,EDA027のunknown許容LLM回答を採用
57,青葉のTXにて算出された回帰係数を用いて全データの予測値を計算し、正解データに対する F1 スコアが最大となるように閾値を設定したときの F1 スコアを答えてください。小数第5位まで求めてください。,0.00000,answered,EDA046,medium,data/processed/share/share/共有ドライブ/プロジェクト/青葉与信マネジメント株式会社/04.分析/analysis_project/src/evaluate.py.md | data/processed/share/share/共有ドライブ/プロジェクト/青葉与信マネジメント株式会社/06.報告書/old/青葉与信マネジメント株式会社_最終報告.pptx.md | data/processed/share/share/共有ドライブ/プロジェクト/青葉与信マネジメント株式会社/04.分析/analysis_project/src/evaluate.py.structure.json | data/processed/share/share/共有ドライブ/プロジェクト/青葉与信マネジメント株式会社/06.報告書/old/青葉与信マネジメント株式会社_最終報告.pptx.structure.json,4,EDA046の改善ログ,"f1_score,
F1 (macro)
""f1_score"",
""F1 (macro)"","
58,社内管理フォルダにあるFMにおいて、井上さんの向かいに座っている方のEXTを教えてください。,わかりません,unknown,unknown_diagnostic_sources,none,data/processed/share/share/共有ドライブ/社内管理/座席表.pptx.md | data/processed/share/share/共有ドライブ/社内管理/座席表.pptx.structure.json | data/processed/share/share/共有ドライブ/社内管理/社内用語集.docx.md | data/processed/share/share/共有ドライブ/社内管理/社内用語集.docx.structure.json | data/processed/share/share/共有ドライブ/社内管理/データアステル社内管理_決裁基準.md | data/processed/share/share/共有ドライブ/社内管理/データアステル社内規定_パスワード導出規則.docx.md | data/processed/share/share/共有ドライブ/社内管理/データアステル社内管理_決裁基準.md.structure.json | data/processed/share/share/共有ドライブ/社内管理/データアステル社内規定_パスワード導出規則.docx.structure.json | data/processed/share/share/共有ドライブ/プロジェクト/白峰信用リスク評価株式会社/03.データ/カラム説明.md | data/processed/share/share/共有ドライブ/プロジェクト/青葉与信マネジメント株式会社/03.データ/カラム説明.md,10,最終回答はわかりません。候補ソースは診断用であり、回答根拠として未確定,
59,京ソのPP_final.pptxにおいて、この案件にかかる金額の提示がまとまっているのは何ページですか。,2ページ,answered,EDA021_bm25_top_sources_fallback,low,share/共有ドライブ/プロジェクト/株式会社東都人材プラットフォーム/00.提案/データサイエンティスト調査.docx,5,採用ログのsource_pathsが空だったため、BM25検索上位ソースを補助根拠として記録,
60,白峰信用リスク評価の最終報告資料内で未完事項として挙げられているIDをすべて抽出してください。,AI-05、AI-09、AI-08,answered,EDA035,medium,data/processed/share/share/共有ドライブ/プロジェクト/白峰信用リスク評価株式会社/06.報告書/白峰信用リスク評価株式会社_最終報告.pptx.md,1,EDA035の改善ログ,"要アクション(未完事項)
AI-05: 着手金支払の事後確認
AI-09: Attr37の最終採否比較
AI-08: 前処理仕様の確定

※ 本書は「確認済事項(Facts)」と「仮定(Assumptions)」を明確に分離して記載している。

"
61,京橋信用ソリューションズの分析コードにおいて、今回の学習で勾配ブースティング法のモデルに実際に渡される n_estimators、learning_rate、random_state はそれぞれいくつですか。設定ファイルに明示されていない値がある場合も、実行時にコード上で適用される値を含めて答えてください。,n_estimators=500、learning_rate=0.3、random_state=42,answered,EDA035,medium,data/processed/share/share/共有ドライブ/プロジェクト/京橋信用ソリューションズ株式会社/04.分析/analysis_project/scripts/run_train.py.md | data/processed/share/share/共有ドライブ/プロジェクト/京橋信用ソリューションズ株式会社/04.分析/analysis_project/src/modeling.py.md,3,EDA035の改善ログ,"n_estimators=500
learning_rate=0.3
random_state=42"
62,青葉与信マネジメントの最終報告資料における、モデル比較で上位2件のスコア差を生んでいる設定差分は何ですか。,n_estimatorsが500と300で異なります。,answered,EDA058_model_diff,high,data\processed\share\share\共有ドライブ\プロジェクト\青葉与信マネジメント株式会社\06.報告書\青葉与信マネジメント株式会社_最終報告.pptx.md | data\processed\share\share\共有ドライブ\プロジェクト\青葉与信マネジメント株式会社\04.分析\analysis_outputs\experiments\leaderboard.csv.data.csv | data\processed\share\share\共有ドライブ\プロジェクト\青葉与信マネジメント株式会社\04.分析\analysis_outputs\experiments\leaderboard.csv.md,3,最終報告のモデル比較表とleaderboard.csv上位2行の設定差分,"{""n_estimators"": [""500"", ""300""]}"
63,青葉与信マネジメントのtrain.xlsxにて算出された回帰係数を使ってid=0を予測した場合の予測値はいくらになりますか。小数第5位まで求めてください。,0.21480,answered,EDA021_bm25_top_sources_fallback,low,share/共有ドライブ/プロジェクト/青葉与信マネジメント株式会社/05.会議/報告資料/報告資料_2025-04-09.docx | share/共有ドライブ/プロジェクト/青葉与信マネジメント株式会社/05.会議/報告資料/報告資料_2025-04-29.docx | share/共有ドライブ/プロジェクト/医療法人社団 恒一会 かえで総合病院/05.会議/報告資料/報告資料_2025-09-16.docx | share/共有ドライブ/プロジェクト/医療法人社団 恒一会 かえで総合病院/05.会議/報告資料/報告資料_2025-09-02.docx,5,採用ログのsource_pathsが空だったため、BM25検索上位ソースを補助根拠として記録,
64,青潮モビリティサービスの最終報告PDFにおいて、将来のフェーズAとフェーズBを実施した場合の想定工数は合計で何時間ですか。,0,answered,EDA021_bm25_top_sources_fallback,low,share/共有ドライブ/プロジェクト/株式会社青潮モビリティサービス/05.会議/会議録/会議録_2025-08-26.docx | share/共有ドライブ/プロジェクト/株式会社青潮モビリティサービス/06.報告書/株式会社青潮モビリティサービス_最終報告.pdf | share/共有ドライブ/プロジェクト/株式会社青潮モビリティサービス/05.会議/報告資料/報告資料_2025-08-06.docx | share/共有ドライブ/プロジェクト/株式会社青潮モビリティサービス/05.会議/報告資料/報告資料_2025-07-23.docx,5,採用ログのsource_pathsが空だったため、BM25検索上位ソースを補助根拠として記録,
65,白峰信用リスク評価のtrain.xlsxにおいて、表示されている相関係数シートで、黄色ハイライトになっているセルの条件を答えてください。,相関係数シートで、相関係数の絶対値が0.5を超えるセル(例:Attr2 と Attr3 の相関係数 -0.9960099740512748)が黄色ハイライトされます。,answered,EDA021_bm25_top_sources_fallback,low,share/共有ドライブ/社内管理/社内用語集.docx | share/共有ドライブ/プロジェクト/医療法人社団 蒼樹会 みなみ野女性医療センター/00.提案/糖尿病統計情報.docx | share/共有ドライブ/プロジェクト/医療法人社団 恒一会 かえで総合病院/05.会議/報告資料/報告資料_2025-09-16.docx | share/共有ドライブ/プロジェクト/株式会社東都人材プラットフォーム/00.提案/データサイエンティスト調査.docx | share/共有ドライブ/プロジェクト/白峰信用リスク評価株式会社/06.報告書/白峰信用リスク評価株式会社_最終報告.pptx,5,採用ログのsource_pathsが空だったため、BM25検索上位ソースを補助根拠として記録,
66,京橋信用ソリューションズのEDAの日付分析の可視化において、件数が最も高いのは何日ですか。,20日,answered,EDA035,medium,data/raw/share/share/共有ドライブ/プロジェクト/京橋信用ソリューションズ株式会社/03.データ/train.csv,1,EDA035の改善ログ,"day
20    1612
18    1345
21    1233
17    1192
6     1145
5     1123
8     1099
14    1095
7     1091
28    1091"
67,完了案件のうち、社内管理のAPRでAPR-M2に該当する案件の中で、提案時金額とFR時の金額が異なる案件を案件略称ですべて挙げてください。,該当案件はありません,answered,EDA021_bm25_top_sources_fallback,low,share/共有ドライブ/社内管理/データアステル社内管理_決裁基準.md | share/共有ドライブ/社内管理/社内用語集.docx | share/共有ドライブ/プロジェクト/青葉与信マネジメント株式会社/05.会議/報告資料/報告資料_2025-04-09.docx | share/共有ドライブ/社内管理/データアステル社内規定_パスワード導出規則.docx | share/共有ドライブ/プロジェクト/株式会社青潮モビリティサービス/05.会議/報告資料/報告資料_2025-07-23.docx,5,採用ログのsource_pathsが空だったため、BM25検索上位ソースを補助根拠として記録,
68,東都人材プラットフォームのデータサイエンス市場の未来予測.pdfにおいて、投資実装係数の計算式が記載されているページの数値情報を式に代入し、投資実装係数を小数で答えてください。,0.5,answered,EDA021_bm25_top_sources_fallback,low,share/共有ドライブ/プロジェクト/株式会社東都人材プラットフォーム/00.提案/データサイエンス市場の未来予測.pdf | share/共有ドライブ/プロジェクト/株式会社東都人材プラットフォーム/00.提案/データサイエンティスト調査.docx,5,採用ログのsource_pathsが空だったため、BM25検索上位ソースを補助根拠として記録,
69,白峰信用リスク評価の最終報告資料において、パイロット運用は本番化スケジュール上で第何週目から第何週目に実施予定ですか。,W7〜W8,answered,EDA035,medium,data/processed/share/share/共有ドライブ/プロジェクト/白峰信用リスク評価株式会社/06.報告書/白峰信用リスク評価株式会社_最終報告.pptx.md,1,EDA035の改善ログ,"W7
W8
パイロット運用
パイロット運用
パイロット運用(並行運用)による運用指標の観測(3ヶ月)
契約上は固定価格での実施であり、現段階での追加作業は別見積が必要(契約書§14)。運用移行にあたっては、本報告書の「直近の必須事項」を完了した上でパイロット運用を行うことを推奨する。"
70,白峰信用リスク評価の5月27日の報告資料で Open として優先フォロー対象に挙げられているアクションIDの中で、会議録において完了となっていないIDを上げてください。,なし,answered,EDA046,medium,data/processed/share/share/共有ドライブ/プロジェクト/白峰信用リスク評価株式会社/06.報告書/白峰信用リスク評価株式会社_最終報告.pptx.md | data/processed/share/share/共有ドライブ/プロジェクト/白峰信用リスク評価株式会社/06.報告書/白峰信用リスク評価株式会社_最終報告.pptx.structure.json,2,EDA046の改善ログ,"Open
""text"": ""Open"","
71,青嶺不動産アセットマネジメントの会議録の中で、太字、下線、イタリックのすべてに該当する箇所を抽出してください。,"4,250,000円",answered,EDA046,medium,data/processed/share/share/共有ドライブ/プロジェクト/株式会社青嶺不動産アセットマネジメント/05.会議/会議録/会議録_2025-08-06.docx.structure.json | data/processed/share/share/共有ドライブ/プロジェクト/株式会社青嶺不動産アセットマネジメント/05.会議/会議録/会議録_2025-08-26.docx.structure.json | data/processed/share/share/共有ドライブ/プロジェクト/株式会社青嶺不動産アセットマネジメント/05.会議/会議録/会議録_2025-09-16.docx.structure.json,3,EDA046の改善ログ,"data/processed/share/share/共有ドライブ/プロジェクト/株式会社青嶺不動産アセットマネジメント/05.会議/会議録/会議録_2025-08-06.docx.structure.json block=24: 4,250,000円"
72,KSSにおいて、データエンジニアが担当するタスクIDはいくつありますか。,0,answered,EDA021_bm25_top_sources_fallback,low,share/共有ドライブ/プロジェクト/株式会社東都人材プラットフォーム/00.提案/データサイエンティスト調査.docx | share/共有ドライブ/プロジェクト/青葉与信マネジメント株式会社/05.会議/報告資料/報告資料_2025-04-09.docx | share/共有ドライブ/プロジェクト/医療法人社団 恒一会 かえで総合病院/05.会議/報告資料/報告資料_2025-09-02.docx | share/共有ドライブ/プロジェクト/医療法人社団 恒一会 かえで総合病院/00.提案/提案書.pptx | share/共有ドライブ/プロジェクト/京橋信用ソリューションズ株式会社/05.会議/会議録/会議録_2025-10-01.pdf,5,採用ログのsource_pathsが空だったため、BM25検索上位ソースを補助根拠として記録,
73,恒一会のPPで言及されている One-Hot Encoding のカテゴリ数閾値を実装設定から確認したうえで、その条件により One-Hot Encoding の対象となるカテゴリ列をすべて答えてください。,対象列はありません,answered,EDA046,medium,data/processed/share/share/共有ドライブ/プロジェクト/医療法人社団 恒一会 かえで総合病院/00.提案/提案書.pptx.md | data/processed/share/share/共有ドライブ/プロジェクト/医療法人社団 恒一会 かえで総合病院/00.提案/提案書.pptx.structure.json,2,EDA046の改善ログ,"One-Hot Encoding
""text"": ""One-Hot Encoding"","
74,青葉与信マネジメントの提案書_v1.pptxから提案書_v2.pptxに修正されたもののうち、案件遂行に関連する変更を挙げてください。,変更なし,answered,EDA046,medium,data/processed/share/share/共有ドライブ/プロジェクト/青葉与信マネジメント株式会社/00.提案/提案書_v1.pptx.md | data/processed/share/share/共有ドライブ/プロジェクト/青葉与信マネジメント株式会社/00.提案/提案書_v3.pptx.md,2,EDA046の改善ログ,"• ベースラインモデルを構築し基準性能を把握
• ロジスティック回帰等の説明性重視モデルを中心に評価
• 必要に応じて決定木系モデルの重要度も比較利用
• 上位/下位リスク群の不良率差を可視化"
75,MINAMINOのPP内のPL案において、モデル構築は第何週に実施することになっていますか。,第4週,answered,EDA054,medium,data/processed/share/share/共有ドライブ/プロジェクト/医療法人社団 蒼樹会 みなみ野女性医療センター/02.計画/スケジュール.xlsx.sheets/スケジュール管理表.csv,1,EDA054の採用ログ,第4週
76,"AOMINEの契約条件において、契約単価が現状よりも2,000円高く、実績工数が11.2時間少なかった場合、税込請求金額は、実際の税込請求金額と比べていくら変動しますか。","22,400円",answered,EDA021_bm25_top_sources_fallback,low,share/共有ドライブ/プロジェクト/株式会社東都人材プラットフォーム/06.報告書/株式会社東都人材プラットフォーム_最終報告.pptx | share/共有ドライブ/プロジェクト/医療法人社団 恒一会 かえで総合病院/00.提案/提案書.pptx | share/共有ドライブ/プロジェクト/医療法人社団 恒一会 かえで総合病院/06.報告書/医療法人社団 恒一会 かえで総合病院_最終報告_old.pptx | share/共有ドライブ/プロジェクト/医療法人社団 恒一会 かえで総合病院/06.報告書/医療法人社団 恒一会 かえで総合病院_最終報告.pptx | share/共有ドライブ/プロジェクト/医療法人社団 蒼泉会 ひがし丘総合病院/00.提案/提案書.pptx,5,採用ログのsource_pathsが空だったため、BM25検索上位ソースを補助根拠として記録,
77,蒼泉会 ひがし丘総合病院のtrain.xlsxのSheet2において、黄色ハイライトされている数値に対応するデータの抽出条件と集計内容を答えてください。,Sheet2!E14=6746、条件: col_2=northwest、col_3=6103.852518680003、col_4=3、集計: col_5,answered,EDA046,medium,data/processed/share/share/共有ドライブ/プロジェクト/医療法人社団 蒼泉会 ひがし丘総合病院/03.データ/train.xlsx.structure.json,1,EDA046の改善ログ,data/processed/share/share/共有ドライブ/プロジェクト/医療法人社団 蒼泉会 ひがし丘総合病院/03.データ/train.xlsx.structure.json Sheet2!E14=6746、条件: col_2=northwest、col_3=6103.852518680003、col_4=3、集計: col_5
78,ひがし丘の契約条件において、ACTHが200時間を超えた場合の精算方法に関する規定内容を答えてください。,超過分は別途請求する,answered,EDA021_bm25_top_sources_fallback,low,share/共有ドライブ/プロジェクト/医療法人社団 恒一会 かえで総合病院/05.会議/報告資料/報告資料_2025-09-02.docx | share/共有ドライブ/プロジェクト/株式会社青嶺不動産アセットマネジメント/01.契約/契約書.docx | share/共有ドライブ/プロジェクト/医療法人社団 恒一会 かえで総合病院/05.会議/報告資料/報告資料_2025-09-16.docx | share/共有ドライブ/プロジェクト/青葉与信マネジメント株式会社/05.会議/報告資料/報告資料_2025-04-09.docx | share/共有ドライブ/プロジェクト/青葉与信マネジメント株式会社/05.会議/報告資料/報告資料_2025-04-29.docx,5,採用ログのsource_pathsが空だったため、BM25検索上位ソースを補助根拠として記録,
79,恒一会 かえで総合病院の計画フォルダ内において、データアステル側の担当者のうち、1タスク当たりの想定工数（想定工数 ÷ 担当タスク数）が最も大きい人のフルネームと、その1タスク当たりの想定工数を小数第2位で答えてください。ファイルに鍵がかかっている場合は社内管理を確認してください。,松本 真央、35.00時間,answered,EDA057_kaede_locked_schedule_fallback_actions,medium,data/raw/share/share/共有ドライブ/プロジェクト/医療法人社団 恒一会 かえで総合病院/02.計画/スケジュール.xlsx | data/processed/share/share/共有ドライブ/プロジェクト/医療法人社団 恒一会 かえで総合病院/05.会議/報告資料/報告資料_2025-09-16.docx.md | data/processed/share/share/共有ドライブ/プロジェクト/医療法人社団 恒一会 かえで総合病院/05.会議/会議録/会議録_2025-09-30.docx.md | data/processed/share/share/共有ドライブ/プロジェクト/医療法人社団 恒一会 かえで総合病院/06.報告書/医療法人社団 恒一会 かえで総合病院_最終報告.pptx.md,4,EDA057個別routeで採用,"{""schedule_status"": {""status"": ""BadZipFile"", ""path"": ""data\\raw\\share\\share\\共有ドライブ\\プロジェクト\\医療法人社団 恒一会 かえで総合病院\\02.計画\\スケジュール.xlsx"", ""error"": ""File is not a zip file""}, ""total_hours_source"": ""data\\processed\\share\\share\\共有ドライブ\\プロジェクト\\医療法人社団 恒一会 かえで総合病院\\06.報告書\\医療法人社団 恒一会 かえで総合病院_最終報告.pptx.md"", ""action_record_count"": 16}"
80,東都人材プラットフォームのtrain.xlsxにおいて、Sheet2の黄色にハイライトされたセルの抽出条件と集計内容を答えてください。,抽出条件はGender=Male、target=2、Age=40-44、Country=Spain。集計内容は個数=12。,answered,EDA055,medium,data/processed/share/share/共有ドライブ/プロジェクト/株式会社東都人材プラットフォーム/03.データ/train.xlsx.structure.json | data/processed/share/share/共有ドライブ/プロジェクト/株式会社東都人材プラットフォーム/03.データ/train.xlsx.sheets/Sheet1.csv,2,EDA055の採用ログ,抽出条件はGender=Male、target=2、Age=40-44、Country=Spain。集計内容は個数=12。
81,京橋信用ソリューションズとの契約書において、太字で記載されている部分を抽出してください。,契約締結日兼効力発生日:2025-10-01,answered,EDA035,medium,data/processed/share/share/共有ドライブ/プロジェクト/京橋信用ソリューションズ株式会社/01.契約/契約書.docx.structure.json,1,EDA035の改善ログ,"data/processed/share/share/共有ドライブ/プロジェクト/京橋信用ソリューションズ株式会社/01.契約/契約書.docx.structure.json block=115: 契約締結日兼効力発生日:2025-10-01 {'text': '契約締結日兼効力発生日:2025-10-01', 'bold': True, 'italic': False, 'underline': False, 'font_color': '', 'highlight': '', 'font_name': '', 'font_size_pt': None}"
82,蒼泉会 ひがし丘総合病院のスケジュール.xlsxにおいて、WBSシートでオレンジ色にハイライトされている行のタスクIDをすべて教えてください。,T02、T14、T16、T22、T24,answered,EDA035,medium,data/processed/share/share/共有ドライブ/プロジェクト/医療法人社団 蒼泉会 ひがし丘総合病院/02.計画/スケジュール.xlsx.structure.json,1,EDA035の改善ログ,"data/processed/share/share/共有ドライブ/プロジェクト/医療法人社団 蒼泉会 ひがし丘総合病院/02.計画/スケジュール.xlsx.structure.json WBS fill=FFFFF0E6: {'No': '2', 'フェーズ': 'フェーズ1 立上げ・要件確認', 'タスクID': 'T02', 'タスク名': 'キックオフ実施', '詳細・内容': '目的変数charges定義、対象範囲、除外列id、評価指標確認。会議運営・報告ルール・医療データ取扱い留意点を合意', '担当者': '加藤 大輔 / 宮本 恒一', '開始日': '2025-07-08', '終了日': '2025-07-08', '依存タスク': 'T01', '成果物': 'キックオフ議事録', 'ステータス': '完了', '備考': 'MS1対応。クライアント会議'}
data/processed/share/share/共有ドライブ/プロジェクト/医療法人社団 蒼泉会 ひがし丘総合病院/02.計画/スケジュール.xlsx.structure.json WBS fill=FFFFF0E6: {'No': '14', 'フェーズ': 'フェーズ3 モデリング・評価', 'タスクID': 'T14', 'タスク名': '中間報告会実施', '詳細・内容': '初期モデル結果、重要変数傾向、深掘り観点を確認', '担当者': '加藤 大輔 / 山本 彩乃', '開始日': '2025-07-22', '終了日': '2025-07-22', '依存タスク': 'T13', '成果物': '中間報告議事録', 'ステータス': '完了', '備考': 'MS3対応。クライアント会議'}
data/processed/share/share/共有ドライブ/プロジェクト/医療法人社団 蒼泉会 ひがし丘総合病院/02.計画/スケジュール.xlsx.structure.json WBS fill=FFFFF0E6: {'No': '16', 'フェーズ': 'フェーズ3 モデリング・評価', 'タスクID': 'T16', 'タスク名': '変更管理チェックポイント実施', '詳細・内容': '追加要望の影響範囲、納期、費用影響を判定', '担当者': '加藤 大輔 / 宮本 恒一', '開始日': '2025-07-24', '終了日': '2025-07-24', '依存タスク': 'T14', '成果物': '変更管理判定記録', 'ステータス': '完了', '備考': 'MS4対応。追加対応は時間単価ベースで別途見積'}
data/processed/share/share/共有ドライブ/プロジェクト/医療法人社団 蒼泉会 ひがし丘総合病院/02.計画/スケジュール.xlsx.structure.json WBS fill=FFFFF0E6: {'No': '22', 'フェーズ': 'フェーズ4 示唆整理・最終報告', 'タスクID': 'T22', 'タスク名': '最終報告会実施', '詳細・内容': '最終成果物提出、説明完了、次フェーズ候補整理', '担当者': '加藤 大輔 / 山本 彩乃 / 藤田 彩', '開始日': '2025-08-05', '終了日': '2025-08-05', '依存タスク': 'T21', '成果物': '最終報告議事録', 'ステータス': '完了', '備考': 'MS7対応。クライアント会議'}
data/processed/share/share/共有ドライブ/プロジェクト/医療法人社団 蒼泉会 ひがし丘総合病院/02.計画/スケジュール.xlsx.structure.json WBS fill=FFFFF0E6: {'No': '24', 'フェーズ': '支払管理', 'タスクID': 'T24', 'タスク名': '第1回実績精算請求・支払管理', '詳細・内容': '支払条件:当月分タイムシート確定後、請求書受領から5営業日以内。金額(税込):4,675,000円', '担当者': '加藤 大輔 / 宮本 恒一', '開始日': '2025-07-08', '終了日': '2025-08-13', '依存タスク': 'T02', '成果物': '請求・支払管理記録', 'ステータス': '完了', '備考': 'MS8対応。支払期日:2025-08-13'}"
83,蒼樹会 みなみ野女性医療センターのtrain.xlsxにおいて、回帰分析の結果として記載されている係数をindex=1770のデータに当てはめたときの予測値はいくつですか。小数第5位まで答えてください。,0.38317,answered,EDA055,medium,data/processed/share/share/共有ドライブ/プロジェクト/医療法人社団 蒼樹会 みなみ野女性医療センター/03.データ/train.xlsx.sheets/Sheet1.csv | data/processed/share/share/共有ドライブ/プロジェクト/医療法人社団 蒼樹会 みなみ野女性医療センター/03.データ/train.xlsx.sheets/train.csv,2,EDA055の採用ログ,0.38317
84,東都人材プラットフォームの最終報告書で分析結果が記載されている中で、モデル毎のF1スコアがランキング形式で記載されているページ数を教えてください。,5ページ目。,answered,EDA021_bm25_top_sources_fallback,low,share/共有ドライブ/プロジェクト/医療法人社団 恒一会 かえで総合病院/05.会議/報告資料/報告資料_2025-09-16.docx | share/共有ドライブ/プロジェクト/株式会社東都人材プラットフォーム/06.報告書/株式会社東都人材プラットフォーム_最終報告.pptx | share/共有ドライブ/プロジェクト/青葉与信マネジメント株式会社/06.報告書/青葉与信マネジメント株式会社_最終報告.pptx,5,採用ログのsource_pathsが空だったため、BM25検索上位ソースを補助根拠として記録,
85,青葉バイオメディカル機器の最終報告において、設定されたKPIとして未達成とされている項目を挙げてください。,なし,answered,EDA021_bm25_top_sources_fallback,low,share/共有ドライブ/プロジェクト/株式会社青葉バイオメディカル機器/06.報告書/株式会社青葉バイオメディカル機器_最終報告.pptx,5,採用ログのsource_pathsが空だったため、BM25検索上位ソースを補助根拠として記録,
86,各案件のPP・契約書・PLAN・FRにおいて、DA側の実施体制として役割付きで記載されている人物は全部で何人ですか。,9,answered,EDA046,medium,data/processed/share/share/共有ドライブ/プロジェクト/京橋信用ソリューションズ株式会社/06.報告書/京橋信用ソリューションズ株式会社_最終報告.pptx.structure.json | data/processed/share/share/共有ドライブ/社内管理/社内用語集.docx.structure.json,3,EDA046の改善ログ,"""契約書"",
""Plan""
""PLAN"","
87,完了案件のうち、社内管理のAPRでAPR-M1に該当し、かつ顧客データのサンプル数が10000行以上の案件を、案件略称ですべて挙げてください。,該当案件なし,answered,EDA021_bm25_top_sources_fallback,low,share/共有ドライブ/社内管理/社内用語集.docx | share/共有ドライブ/社内管理/データアステル社内管理_決裁基準.md | share/共有ドライブ/社内管理/データアステル社内規定_パスワード導出規則.docx | share/共有ドライブ/プロジェクト/医療法人社団 恒一会 かえで総合病院/05.会議/報告資料/報告資料_2025-09-16.docx | share/共有ドライブ/プロジェクト/株式会社青潮モビリティサービス/05.会議/報告資料/報告資料_2025-07-23.docx,5,採用ログのsource_pathsが空だったため、BM25検索上位ソースを補助根拠として記録,
88,蒼樹会 みなみ野女性医療センターの提案書内のスケジュール案において、第5週目に実施することになっている項目は何ですか。,解釈分析・特徴量整理、業務活用示唆整理、最終報告書ドラフト作成,answered,EDA021_bm25_top_sources_fallback,low,share/共有ドライブ/プロジェクト/医療法人社団 蒼樹会 みなみ野女性医療センター/02.計画/スケジュール.xlsx | share/共有ドライブ/プロジェクト/医療法人社団 蒼樹会 みなみ野女性医療センター/00.提案/提案書.pptx | share/共有ドライブ/プロジェクト/医療法人社団 蒼樹会 みなみ野女性医療センター/06.報告書/医療法人社団 蒼樹会 みなみ野女性医療センター_最終報告.pdf,5,採用ログのsource_pathsが空だったため、BM25検索上位ソースを補助根拠として記録,
89,京橋信用ソリューションズのスケジュール.xlsxにおいて、フェーズNo6にて最後に開始するタスク名は何ですか。,最終モデル確定・再評価,answered,EDA035,medium,data/processed/share/share/共有ドライブ/プロジェクト/京橋信用ソリューションズ株式会社/02.計画/スケジュール.xlsx.sheets/WBSタスク一覧.csv,1,EDA035の改善ログ,"タスクID                      T23
フェーズNo.                    6.0
フェーズ名            最終成果物化・納品・検収会
タスク名               最終モデル確定・再評価
詳細・補足           最終モデルの確定と再評価実施
担当者                      鈴木 美咲
開始日                 2025-11-01
終了日                 2025-11-05
日数                  =H24-G24+1
依存タスク                      T22
成果物                     最終評価結果
ステータス                       完了
CP                           ●
備考                            
_date      2025-11-01 00:00:00"
90,青潮モビリティサービスのスケジュール.xlsxにおいて、バッファとして使用した工数の合計は何時間ですか。,14時間,answered,EDA021_bm25_top_sources_fallback,low,share/共有ドライブ/プロジェクト/株式会社青潮モビリティサービス/02.計画/スケジュール.xlsx | share/共有ドライブ/プロジェクト/株式会社青潮モビリティサービス/06.報告書/株式会社青潮モビリティサービス_最終報告.pdf | share/共有ドライブ/プロジェクト/株式会社青潮モビリティサービス/05.会議/報告資料/報告資料_2025-07-23.docx,5,採用ログのsource_pathsが空だったため、BM25検索上位ソースを補助根拠として記録,
91,京橋信用ソリューションズの顧客データにおいて、目的変数と最も強い負の相関を持つカラムは何ですか。,campaign,answered,EDA046,medium,data/processed/share/share/共有ドライブ/プロジェクト/京橋信用ソリューションズ株式会社/03.データ/train.csv.data.csv,1,EDA046の改善ログ,"campaign   -0.076118
day        -0.031058
id         -0.003555
age         0.020892
balance     0.045826
previous    0.083825
pdays       0.100930
duration    0.401390"
92,恒一会 かえで総合病院案件において、マイルストーンID、タスクID、アクションIDの3種類のIDは合計でいくつ発行されていますか。マークダウンファイル以外から算出してください。,41件,answered,EDA021_bm25_top_sources_fallback,low,share/共有ドライブ/プロジェクト/医療法人社団 恒一会 かえで総合病院/00.提案/提案書.pptx | share/共有ドライブ/プロジェクト/株式会社東都人材プラットフォーム/02.計画/スケジュール.xlsx | share/共有ドライブ/プロジェクト/医療法人社団 恒一会 かえで総合病院/05.会議/報告資料/報告資料_2025-09-16.docx | share/共有ドライブ/プロジェクト/医療法人社団 恒一会 かえで総合病院/05.会議/報告資料/報告資料_2025-09-02.docx,5,採用ログのsource_pathsが空だったため、BM25検索上位ソースを補助根拠として記録,
93,蒼樹会 みなみ野女性医療センターのアクションIDA10の内容をそのまま抜き出してください。,index再実験の結果反映,answered,EDA053_safe,medium,EDA/EDA052/rendered_pages/医療法人社団_蒼樹会_みなみ野女性医療センター_会議録_2025_05_15_pdf_page002.png,1,EDA053_safeの採用ログ,index再実験の結果反映
94,蒼樹会 みなみ野女性医療センターのスケジュール.xlsxにおいて、MS3に紐づくタスクのうち、ビジネスアナリストが関わっているタスクIDを答えてください。,[],answered,EDA021_bm25_top_sources_fallback,low,share/共有ドライブ/プロジェクト/医療法人社団 蒼樹会 みなみ野女性医療センター/02.計画/スケジュール.xlsx | share/共有ドライブ/プロジェクト/青葉与信マネジメント株式会社/05.会議/報告資料/報告資料_2025-04-09.docx | share/共有ドライブ/プロジェクト/医療法人社団 蒼樹会 みなみ野女性医療センター/00.提案/提案書.pptx | share/共有ドライブ/プロジェクト/医療法人社団 蒼樹会 みなみ野女性医療センター/06.報告書/医療法人社団 蒼樹会 みなみ野女性医療センター_最終報告.pdf,5,採用ログのsource_pathsが空だったため、BM25検索上位ソースを補助根拠として記録,
95,青嶺不動産アセットマネジメントのスケジュール_r1.xlsxとスケジュール_r2.xlsxを比較したとき、未着手から完了への変更を除いて、案件遂行に関連する変更点を挙げてください。,T15「モデル評価・重要特徴量整理」の担当者が、渡辺 遥から渡辺 遥 / 小林 直樹に変更された。,answered,EDA056,medium,data/processed/share/share/共有ドライブ/プロジェクト/株式会社青嶺不動産アセットマネジメント/02.計画/スケジュール_r1.xlsx.sheets/スケジュール.csv | data/processed/share/share/共有ドライブ/プロジェクト/株式会社青嶺不動産アセットマネジメント/02.計画/スケジュール_r2.xlsx.sheets/スケジュール.csv,2,EDA056の採用ログ,T15「モデル評価・重要特徴量整理」の担当者が、渡辺 遥から渡辺 遥 / 小林 直樹に変更された。
96,青葉与信マネジメントのチェックポイント2として設定されている内容に関連するタスクIDを教えてください。,T05、T06、T07、T08,answered,EDA054,medium,EDA/EDA050/tables/checkpoint_task_inventory.csv | data/processed/share/share/共有ドライブ/プロジェクト/青葉与信マネジメント株式会社/02.計画/スケジュール.xlsx.sheets/Sheet2.csv,2,EDA054の採用ログ,T05、T06、T07、T08
97,青葉バイオメディカル機器のtrain.xlsxにおいて、黄色ハイライトが交差している2つのセルの値の差の絶対値を計算してください。,3778,answered,EDA046,medium,data/processed/share/share/共有ドライブ/プロジェクト/株式会社青葉バイオメディカル機器/03.データ/train.xlsx.structure.json,499,EDA046の改善ログ,"data/processed/share/share/共有ドライブ/プロジェクト/株式会社青葉バイオメディカル機器/03.データ/train.xlsx.structure.json train!R2=6151、条件: id=train_0000、Age=41、Attrition=No、集計: MonthlyIncome
data/processed/share/share/共有ドライブ/プロジェクト/株式会社青葉バイオメディカル機器/03.データ/train.xlsx.structure.json train!R3=2373、条件: id=train_0001、Age=26、Attrition=Yes、集計: MonthlyIncome
data/processed/share/share/共有ドライブ/プロジェクト/株式会社青葉バイオメディカル機器/03.データ/train.xlsx.structure.json train!R4=1878、条件: id=train_0002、Age=18、Attrition=Yes、集計: MonthlyIncome
data/processed/share/share/共有ドライブ/プロジェクト/株式会社青葉バイオメディカル機器/03.データ/train.xlsx.structure.json train!R5=13525、条件: id=train_0003、Age=42、Attrition=No、集計: MonthlyIncome
data/processed/share/share/共有ドライブ/プロジェクト/株式会社青葉バイオメディカル機器/03.データ/train.xlsx.structure.json train!R6=2293、条件: id=train_0004、Age=24、Attrition=Yes、集計: MonthlyIncome
data/processed/share/share/共有ドライブ/プロジェクト/株式会社青葉バイオメディカル機器/03.データ/train.xlsx.structure.json train!R7=10851、条件: id=train_0005、Age=45、Attrition=No、集計: MonthlyIncome
data/processed/share/share/共有ドライブ/プロジェクト/株式会社青葉バイオメディカル機器/03.データ/train.xlsx.structure.json train!R8=4377、条件: id=train_0006、Age=24、Attrition=No、集計: MonthlyIncome
data/processed/share/share/共有ドライブ/プロジェクト/株式会社青葉バイオメディカル機器/03.データ/train.xlsx.structure.json train!R9=3690、条件: id=train_0007、Age=50、Attrition=No、集計: MonthlyIncome
data/processed/share/share/共有ドライブ/プロジェクト/株式会社青葉バイオメディカル機器/03.データ/train.xlsx.structure.json train!R10=2657、条件: id=train_0008、Age=31、Attrition=No、集計: MonthlyIncome
data/processed/share/share/共有ドライブ/プロジェクト/株式会社青葉バイオメディカル機器/03.データ/train.xlsx.structure.json train!R11=8789、条件: id=train_0009、Age=35、Attrition=No、集計: MonthlyIncome
data/processed/share/share/共有ドライブ/プロジェクト/株式会社青葉バイオメディカル機器/03.データ/train.xlsx.structure.json train!R12=2904、条件: id=train_0010、Age=23、Attrition=No、集計: MonthlyIncome
data/processed/share/share/共有ドライブ/プロジェクト/株式会社青葉バイオメディカル機器/03.データ/train.xlsx.structure.json train!R13=5467、条件: id=train_0011、Age=47、Attrition=No、集計: MonthlyIncome
data/processed/share/share/共有ドライブ/プロジェクト/株式会社青葉バイオメディカル機器/03.データ/train.xlsx.structure.json train!R14=1951、条件: id=train_0012、Age=35、Attrition=No、集計: MonthlyIncome
data/processed/share/share/共有ドライブ/プロジェクト/株式会社青葉バイオメディカル機器/03.データ/train.xlsx.structure.json train!R15=5476、条件: id=train_0013、Age=31、Attrition=No、集計: MonthlyIncome
data/processed/share/share/共有ドライブ/プロジェクト/株式会社青葉バイオメディカル機器/03.データ/train.xlsx.structure.json train!R16=6549、条件: id=train_0014、Age=28、Attrition=No、集計: MonthlyIncome
data/processed/share/share/共有ドライブ/プロジェクト/株式会社青葉バイオメディカル機器/03.データ/train.xlsx.structure.json train!R17=3904、条件: id=train_0015、Age=26、Attrition=No、集計: MonthlyIncome
data/processed/share/share/共有ドライブ/プロジェクト/株式会社青葉バイオメディカル機器/03.データ/train.xlsx.structure.json train!R18=3423、条件: id=train_0016、Age=46、Attrition=No、集計: MonthlyIncome
data/processed/share/share/共有ドライブ/プロジェクト/株式会社青葉バイオメディカル機器/03.データ/train.xlsx.structure.json train!R19=2272、条件: id=train_0017、Age=23、Attrition=No、集計: MonthlyIncome
data/processed/share/share/共有ドライブ/プロジェクト/株式会社青葉バイオメディカル機器/03.データ/train.xlsx.structure.json train!R20=11904、条件: id=train_0018、Age=59、Attrition=No、集計: MonthlyIncome
data/processed/share/share/共有ドライブ/プロジェクト/株式会社青葉バイオメディカル機器/03.データ/train.xlsx.structure.json train!R21=6142、条件: id=train_0019、Age=27、Attrition=No、集計: MonthlyIncome
data/processed/share/share/共有ドライブ/プロジェクト/株式会社青葉バイオメディカル機器/03.データ/train.xlsx.structure.json train!R22=2782、条件: id=train_0020、Age=37、Attrition=No、集計: MonthlyIncome
data/processed/share/share/共有ドライブ/プロジェクト/株式会社青葉バイオメディカル機器/03.データ/train.xlsx.structure.json train!R23=9602、条件: id=train_0021、Age=37、Attrition=No、集計: MonthlyIncome
data/processed/share/share/共有ドライブ/プロジェクト/株式会社青葉バイオメディカル機器/03.データ/train.xlsx.structure.json train!R24=2596、条件: id=train_0022、Age=28、Attrition=Yes、集計: MonthlyIncome
data/processed/share/share/共有ドライブ/プロジェクト/株式会社青葉バイオメディカル機器/03.データ/train.xlsx.structure.json train!R25=2089、条件: id=train_0023、Age=43、Attrition=No、集計: MonthlyIncome
data/processed/share/share/共有ドライブ/プロジェクト/株式会社青葉バイオメディカル機器/03.データ/train.xlsx.structure.json train!R26=5301、条件: id=train_0024、Age=30、Attrition=No、集計: MonthlyIncome
data/processed/share/share/共有ドライブ/プロジェクト/株式会社青葉バイオメディカル機器/03.データ/train.xlsx.structure.json train!R27=16307、条件: id=train_0025、Age=51、Attrition=No、集計: MonthlyIncome
data/processed/share/share/共有ドライブ/プロジェクト/株式会社青葉バイオメディカル機器/03.データ/train.xlsx.structure.json train!R28=6929、条件: id=train_0026、Age=31、Attrition=No、集計: MonthlyIncome
data/processed/share/share/共有ドライブ/プロジェクト/株式会社青葉バイオメディカル機器/03.データ/train.xlsx.structure.json train!R29=16823、条件: id=train_0027、Age=40、Attrition=No、集計: MonthlyIncome
data/processed/share/share/共有ドライブ/プロジェクト/株式会社青葉バイオメディカル機器/03.データ/train.xlsx.structure.json train!R30=13973、条件: id=train_0028、Age=50、Attrition=No、集計: MonthlyIncome
data/processed/share/share/共有ドライブ/プロジェクト/株式会社青葉バイオメディカル機器/03.データ/train.xlsx.structure.json train!R31=2044、条件: id=train_0029、Age=20、Attrition=Yes、集計: MonthlyIncome
data/processed/share/share/共有ドライブ/プロジェクト/株式会社青葉バイオメディカル機器/03.データ/train.xlsx.structure.json train!R32=2974、条件: id=train_0030、Age=29、Attrition=No、集計: MonthlyIncome
data/processed/share/share/共有ドライブ/プロジェクト/株式会社青葉バイオメディカル機器/03.データ/train.xlsx.structure.json train!R33=5304、条件: id=train_0031、Age=30、Attrition=No、集計: MonthlyIncome
data/processed/share/share/共有ドライブ/プロジェクト/株式会社青葉バイオメディカル機器/03.データ/train.xlsx.structure.json train!R34=7428、条件: id=train_0032、Age=37、Attrition=No、集計: MonthlyIncome
data/processed/share/share/共有ドライブ/プロジェクト/株式会社青葉バイオメディカル機器/03.データ/train.xlsx.structure.json train!R35=6577、条件: id=train_0033、Age=30、Attrition=No、集計: MonthlyIncome
data/processed/share/share/共有ドライブ/プロジェクト/株式会社青葉バイオメディカル機器/03.データ/train.xlsx.structure.json train!R36=2406、条件: id=train_0034、Age=38、Attrition=No、集計: MonthlyIncome
data/processed/share/share/共有ドライブ/プロジェクト/株式会社青葉バイオメディカル機器/03.データ/train.xlsx.structure.json train!R37=3195、条件: id=train_0035、Age=44、Attrition=No、集計: MonthlyIncome
data/processed/share/share/共有ドライブ/プロジェクト/株式会社青葉バイオメディカル機器/03.データ/train.xlsx.structure.json train!R38=3748、条件: id=train_0036、Age=30、Attrition=No、集計: MonthlyIncome
dat"
98,TM案件において、RATEが変更されたのは何年何月1日からと想定されますか。,o 契約開始日: 2025-08-06(適用開始),answered,EDA021_bm25_top_sources_fallback,low,share/共有ドライブ/プロジェクト/株式会社青嶺不動産アセットマネジメント/05.会議/報告資料/報告資料_2025-08-06.pdf | share/共有ドライブ/プロジェクト/株式会社東都人材プラットフォーム/00.提案/データサイエンティスト調査.docx | share/共有ドライブ/プロジェクト/医療法人社団 恒一会 かえで総合病院/05.会議/報告資料/報告資料_2025-09-02.docx | share/共有ドライブ/プロジェクト/株式会社青嶺不動産アセットマネジメント/00.提案/ニューヨーク不動産市場の最新動向調査.pdf,5,採用ログのsource_pathsが空だったため、BM25検索上位ソースを補助根拠として記録,
99,蒼樹会 みなみ野女性医療センターの糖尿病統計情報調査結果において、死亡率が最も高い都道府県の死亡率は、4番目に低い都道府県の死亡率の何倍ですか。小数第2位まで求めてください。,3.00,answered,EDA021_bm25_top_sources_fallback,low,share/共有ドライブ/プロジェクト/医療法人社団 蒼樹会 みなみ野女性医療センター/00.提案/糖尿病統計情報.docx,5,採用ログのsource_pathsが空だったため、BM25検索上位ソースを補助根拠として記録,
