0,分析アプローチの全体像に、「データ理解・品質確認」「前処理方針策定」「モデル比較」「リスクセグメンテーション」「ガバナンス・監査対応」の5段階と、各段階の具体的作業内容が追加された。
1,案件遂行に関する実質的な変更なし（体制・スコープ・分析手順の内容は同一で、主にレイアウト・図表化の変更）。
2,プロジェクトキックオフ実施、中間報告会実施、最終報告会実施
3,"time_and_materials／実績工数に基づき、案件完了後に最終成果物の検収を経て一括精算する。／30分単位／25,000円／時間"
4,BMI
5,6
6,実績工数の最終確定値および確定した最終請求金額が資料に含まれていないため、差額は算出できません。
7,hr=8、weekday=2で抽出したtempの最大値：0.78
8,"14,744ドル"
9,案件遂行に関する実質的な変更なし（体制・スコープ・分析手順の内容は同一で、主にレイアウト・図表化の変更）。
10,958
11,該当箇所なし
12,2ページ
13,7104
14,案件遂行に関する実質的な変更なし（体制・スコープ・分析手順の内容は同一で、主にレイアウト・図表化の変更）。
15,Gender=Male、target=2、Age=40-44、Country=Spainで抽出した件数：12
16,0.589
17,2.32%
18,2ページ
19,T04、T05、T06、T07、T08、T09、T10、T11、T12、T13、T14、T15、T16、T17
20,分析計画書初版作成
21,人材戦略部長
22,記述統計の埋め込み画像が更新され、旧版のAttr1～Attr64に加えて、新版では目的変数classの記述統計が追加された。
23,"398,750円"
24,"AOMINE、13,556行"
25,"-11,851,246"
26,TOTO、AOMINE
27,7項目
28,BMI
29,"(6.088138, 6.288138]"
30,1.18%
31,"MINAMINO、1,320円/行"
32,BOROUGH__x__BLOCK、BOROUGH__x__LOT、BOROUGH__x__ZIP CODE、BLOCK__x__LOT、BLOCK__x__ZIP CODE、LOT__x__ZIP CODE
33,0.18696
34,A08「分析用リポジトリ／環境・アクセス権の整備（データ格納先・アクセス確認）」、A09「週次定例のスケジュール確定（初回：2025-04-10）と招集送付」
35,0.90527
36,0.09619113
37,"22,000円/時間"
38,該当なし。契約金額（税込）の合計は0円。
39,hum
40,"1位：2025年10月 11,412,500円、2位：2025年9月 9,858,750円、3位：2025年8月 8,118,000円"
41,11件
42,sex=female、smoker=yes、region=southeastで抽出したcharges=2のデータに対するbmiの平均：35.95093
43,石川 直樹
44,鈴木
45,A01、A02、A03、A07、A08、A09、A10
46,7201
47,1899年
48,100万ドル超～500万ドル以下
49,WBS・進捗管理台帳確定（タスク割振・ガント更新）
50,"13,222ドル"
51,第6週～第8週
52,監視ダッシュボード構築
53,6
54,0.50534
55,AOMINE、14.5時間
56,1200
57,0.42396
58,7103
59,13ページ
60,AI-05、AI-08、AI-09
61,n_estimators=300、learning_rate=0.1、random_state=42
62,上位2件はいずれもextra_treesで、n_estimatorsが500と300で異なる。
63,0.15002
64,80～130時間
65,Sheet2は相関係数が-0.9未満のセルが黄色ハイライト、Sheet3は相関係数が-0.99未満のセルが黄色ハイライト。
66,20日
67,AOMINE、AOSHIO、AOBM
68,1.3986
69,第5週～第6週
70,AI-05
71,"4,250,000円"
72,5件（T03、T07、T11、T12、T25）
73,カテゴリ数閾値は100（ユニーク数100未満）。対象列はGender。
74,プロジェクト体制のビジネスアナリストが藤田 彩から井上 里奈に変更された。
75,第4週
76,"79,200円増加"
77,"children=3、smoker=noで抽出したageの合計：4,674"
78,"ACTHが200時間を超えても上限精算にはならず、実績工数を30分単位（30分未満切り上げ）で集計し、時間単価25,000円（税別）を乗じて月次精算する。"
79,池田 直哉、7.00時間/タスク
80,Gender=Male、target=3、Age=30-34、Profession=Software Engineerで抽出した件数：61
81,契約締結日兼効力発生日：2025-10-01
82,T02、T14、T16、T22、T24
83,0.38317
84,5ページ
85,該当なし（全6項目が達成）
86,19人
87,AYM
88,解釈・業務示唆整理
89,最終報告・成果物提出・検収会
90,8時間
91,campaign
92,49
93,前処理パイプライン実装：0値を疑似欠損（NA）扱いの処理と補完ロジック（中央値等）の実装・ドキュメント化
94,T09
95,T15の担当者が「渡辺 遥」から「渡辺 遥 / 小林 直樹」に変更された。
96,T05、T06、T07、T08
97,272
98,2025年7月1日
99,2.49倍
