raw_relative_path,status,processed_markdown_path,processed_structure_path,paragraph_count,table_count,image_count,markdown_bytes,structure_bytes,error_type,error_message
share/共有ドライブ/プロジェクト/京橋信用ソリューションズ株式会社/01.契約/契約書.docx,ok,data/processed/share/share/共有ドライブ/プロジェクト/京橋信用ソリューションズ株式会社/01.契約/契約書.docx.md,data/processed/share/share/共有ドライブ/プロジェクト/京橋信用ソリューションズ株式会社/01.契約/契約書.docx.structure.json,125,1,0,22907,158756,,
share/共有ドライブ/プロジェクト/京橋信用ソリューションズ株式会社/05.会議/報告資料/報告資料_2025-10-01.docx,ok,data/processed/share/share/共有ドライブ/プロジェクト/京橋信用ソリューションズ株式会社/05.会議/報告資料/報告資料_2025-10-01.docx.md,data/processed/share/share/共有ドライブ/プロジェクト/京橋信用ソリューションズ株式会社/05.会議/報告資料/報告資料_2025-10-01.docx.structure.json,83,0,0,13321,122760,,
share/共有ドライブ/プロジェクト/京橋信用ソリューションズ株式会社/05.会議/報告資料/報告資料_2025-10-29.docx,ok,data/processed/share/share/共有ドライブ/プロジェクト/京橋信用ソリューションズ株式会社/05.会議/報告資料/報告資料_2025-10-29.docx.md,data/processed/share/share/共有ドライブ/プロジェクト/京橋信用ソリューションズ株式会社/05.会議/報告資料/報告資料_2025-10-29.docx.structure.json,125,0,0,18152,185033,,
share/共有ドライブ/プロジェクト/医療法人社団 恒一会 かえで総合病院/01.契約/契約書_pw-kaede20250902.docx,error,,,0,0,0,0,0,BadZipFile,File is not a zip file
share/共有ドライブ/プロジェクト/医療法人社団 恒一会 かえで総合病院/01.契約/契約書_pw解除版.docx,ok,data/processed/share/share/共有ドライブ/プロジェクト/医療法人社団 恒一会 かえで総合病院/01.契約/契約書_pw解除版.docx.md,data/processed/share/share/共有ドライブ/プロジェクト/医療法人社団 恒一会 かえで総合病院/01.契約/契約書_pw解除版.docx.structure.json,114,1,0,20637,148169,,
share/共有ドライブ/プロジェクト/医療法人社団 恒一会 かえで総合病院/05.会議/会議録/会議録_2025-09-02.docx,ok,data/processed/share/share/共有ドライブ/プロジェクト/医療法人社団 恒一会 かえで総合病院/05.会議/会議録/会議録_2025-09-02.docx.md,data/processed/share/share/共有ドライブ/プロジェクト/医療法人社団 恒一会 かえで総合病院/05.会議/会議録/会議録_2025-09-02.docx.structure.json,67,1,0,11924,107339,,
share/共有ドライブ/プロジェクト/医療法人社団 恒一会 かえで総合病院/05.会議/会議録/会議録_2025-09-16.docx,ok,data/processed/share/share/共有ドライブ/プロジェクト/医療法人社団 恒一会 かえで総合病院/05.会議/会議録/会議録_2025-09-16.docx.md,data/processed/share/share/共有ドライブ/プロジェクト/医療法人社団 恒一会 かえで総合病院/05.会議/会議録/会議録_2025-09-16.docx.structure.json,75,1,0,15596,123869,,
share/共有ドライブ/プロジェクト/医療法人社団 恒一会 かえで総合病院/05.会議/会議録/会議録_2025-09-30.docx,ok,data/processed/share/share/共有ドライブ/プロジェクト/医療法人社団 恒一会 かえで総合病院/05.会議/会議録/会議録_2025-09-30.docx.md,data/processed/share/share/共有ドライブ/プロジェクト/医療法人社団 恒一会 かえで総合病院/05.会議/会議録/会議録_2025-09-30.docx.structure.json,82,1,0,16250,133246,,
share/共有ドライブ/プロジェクト/医療法人社団 恒一会 かえで総合病院/05.会議/報告資料/報告資料_2025-09-02.docx,ok,data/processed/share/share/共有ドライブ/プロジェクト/医療法人社団 恒一会 かえで総合病院/05.会議/報告資料/報告資料_2025-09-02.docx.md,data/processed/share/share/共有ドライブ/プロジェクト/医療法人社団 恒一会 かえで総合病院/05.会議/報告資料/報告資料_2025-09-02.docx.structure.json,90,0,0,16276,138968,,
share/共有ドライブ/プロジェクト/医療法人社団 恒一会 かえで総合病院/05.会議/報告資料/報告資料_2025-09-16.docx,ok,data/processed/share/share/共有ドライブ/プロジェクト/医療法人社団 恒一会 かえで総合病院/05.会議/報告資料/報告資料_2025-09-16.docx.md,data/processed/share/share/共有ドライブ/プロジェクト/医療法人社団 恒一会 かえで総合病院/05.会議/報告資料/報告資料_2025-09-16.docx.structure.json,99,0,0,16796,150727,,
share/共有ドライブ/プロジェクト/医療法人社団 蒼樹会 みなみ野女性医療センター/00.提案/糖尿病統計情報.docx,ok,data/processed/share/share/共有ドライブ/プロジェクト/医療法人社団 蒼樹会 みなみ野女性医療センター/00.提案/糖尿病統計情報.docx.md,data/processed/share/share/共有ドライブ/プロジェクト/医療法人社団 蒼樹会 みなみ野女性医療センター/00.提案/糖尿病統計情報.docx.structure.json,62,7,0,27433,101030,,
share/共有ドライブ/プロジェクト/医療法人社団 蒼樹会 みなみ野女性医療センター/01.契約/契約書.docx,ok,data/processed/share/share/共有ドライブ/プロジェクト/医療法人社団 蒼樹会 みなみ野女性医療センター/01.契約/契約書.docx.md,data/processed/share/share/共有ドライブ/プロジェクト/医療法人社団 蒼樹会 みなみ野女性医療センター/01.契約/契約書.docx.structure.json,118,1,0,19272,123650,,
share/共有ドライブ/プロジェクト/医療法人社団 蒼泉会 ひがし丘総合病院/01.契約/契約書.docx,ok,data/processed/share/share/共有ドライブ/プロジェクト/医療法人社団 蒼泉会 ひがし丘総合病院/01.契約/契約書.docx.md,data/processed/share/share/共有ドライブ/プロジェクト/医療法人社団 蒼泉会 ひがし丘総合病院/01.契約/契約書.docx.structure.json,140,2,0,24173,157409,,
share/共有ドライブ/プロジェクト/医療法人社団 蒼泉会 ひがし丘総合病院/05.会議/会議録/会議録_2025-07-08.docx,ok,data/processed/share/share/共有ドライブ/プロジェクト/医療法人社団 蒼泉会 ひがし丘総合病院/05.会議/会議録/会議録_2025-07-08.docx.md,data/processed/share/share/共有ドライブ/プロジェクト/医療法人社団 蒼泉会 ひがし丘総合病院/05.会議/会議録/会議録_2025-07-08.docx.structure.json,134,1,0,17612,126949,,
share/共有ドライブ/プロジェクト/医療法人社団 蒼泉会 ひがし丘総合病院/05.会議/会議録/会議録_2025-07-22.docx,ok,data/processed/share/share/共有ドライブ/プロジェクト/医療法人社団 蒼泉会 ひがし丘総合病院/05.会議/会議録/会議録_2025-07-22.docx.md,data/processed/share/share/共有ドライブ/プロジェクト/医療法人社団 蒼泉会 ひがし丘総合病院/05.会議/会議録/会議録_2025-07-22.docx.structure.json,127,1,0,19084,135935,,
share/共有ドライブ/プロジェクト/医療法人社団 蒼泉会 ひがし丘総合病院/05.会議/会議録/会議録_2025-08-05.docx,ok,data/processed/share/share/共有ドライブ/プロジェクト/医療法人社団 蒼泉会 ひがし丘総合病院/05.会議/会議録/会議録_2025-08-05.docx.md,data/processed/share/share/共有ドライブ/プロジェクト/医療法人社団 蒼泉会 ひがし丘総合病院/05.会議/会議録/会議録_2025-08-05.docx.structure.json,144,1,0,21770,153131,,
share/共有ドライブ/プロジェクト/医療法人社団 蒼泉会 ひがし丘総合病院/05.会議/報告資料/報告資料_2025-07-08.docx,ok,data/processed/share/share/共有ドライブ/プロジェクト/医療法人社団 蒼泉会 ひがし丘総合病院/05.会議/報告資料/報告資料_2025-07-08.docx.md,data/processed/share/share/共有ドライブ/プロジェクト/医療法人社団 蒼泉会 ひがし丘総合病院/05.会議/報告資料/報告資料_2025-07-08.docx.structure.json,96,9,0,18959,130915,,
share/共有ドライブ/プロジェクト/医療法人社団 蒼泉会 ひがし丘総合病院/05.会議/報告資料/報告資料_2025-07-22.docx,ok,data/processed/share/share/共有ドライブ/プロジェクト/医療法人社団 蒼泉会 ひがし丘総合病院/05.会議/報告資料/報告資料_2025-07-22.docx.md,data/processed/share/share/共有ドライブ/プロジェクト/医療法人社団 蒼泉会 ひがし丘総合病院/05.会議/報告資料/報告資料_2025-07-22.docx.structure.json,200,2,0,27048,216175,,
share/共有ドライブ/プロジェクト/株式会社東都人材プラットフォーム/00.提案/データサイエンティスト調査.docx,ok,data/processed/share/share/共有ドライブ/プロジェクト/株式会社東都人材プラットフォーム/00.提案/データサイエンティスト調査.docx.md,data/processed/share/share/共有ドライブ/プロジェクト/株式会社東都人材プラットフォーム/00.提案/データサイエンティスト調査.docx.structure.json,128,3,1,68447,206826,,
share/共有ドライブ/プロジェクト/株式会社東都人材プラットフォーム/01.契約/契約書.docx,ok,data/processed/share/share/共有ドライブ/プロジェクト/株式会社東都人材プラットフォーム/01.契約/契約書.docx.md,data/processed/share/share/共有ドライブ/プロジェクト/株式会社東都人材プラットフォーム/01.契約/契約書.docx.structure.json,123,1,0,21017,120786,,
share/共有ドライブ/プロジェクト/株式会社東都人材プラットフォーム/05.会議/会議録/会議録_2025-08-18.docx,ok,data/processed/share/share/共有ドライブ/プロジェクト/株式会社東都人材プラットフォーム/05.会議/会議録/会議録_2025-08-18.docx.md,data/processed/share/share/共有ドライブ/プロジェクト/株式会社東都人材プラットフォーム/05.会議/会議録/会議録_2025-08-18.docx.structure.json,71,1,0,13304,118424,,
share/共有ドライブ/プロジェクト/株式会社東都人材プラットフォーム/05.会議/会議録/会議録_2025-09-08.docx,ok,data/processed/share/share/共有ドライブ/プロジェクト/株式会社東都人材プラットフォーム/05.会議/会議録/会議録_2025-09-08.docx.md,data/processed/share/share/共有ドライブ/プロジェクト/株式会社東都人材プラットフォーム/05.会議/会議録/会議録_2025-09-08.docx.structure.json,104,1,0,18553,125351,,
share/共有ドライブ/プロジェクト/株式会社東都人材プラットフォーム/05.会議/会議録/会議録_2025-09-26.docx,ok,data/processed/share/share/共有ドライブ/プロジェクト/株式会社東都人材プラットフォーム/05.会議/会議録/会議録_2025-09-26.docx.md,data/processed/share/share/共有ドライブ/プロジェクト/株式会社東都人材プラットフォーム/05.会議/会議録/会議録_2025-09-26.docx.structure.json,103,1,0,20048,123175,,
share/共有ドライブ/プロジェクト/株式会社青嶺不動産アセットマネジメント/01.契約/契約書.docx,ok,data/processed/share/share/共有ドライブ/プロジェクト/株式会社青嶺不動産アセットマネジメント/01.契約/契約書.docx.md,data/processed/share/share/共有ドライブ/プロジェクト/株式会社青嶺不動産アセットマネジメント/01.契約/契約書.docx.structure.json,127,4,0,22628,137574,,
share/共有ドライブ/プロジェクト/株式会社青嶺不動産アセットマネジメント/05.会議/会議録/会議録_2025-08-06.docx,ok,data/processed/share/share/共有ドライブ/プロジェクト/株式会社青嶺不動産アセットマネジメント/05.会議/会議録/会議録_2025-08-06.docx.md,data/processed/share/share/共有ドライブ/プロジェクト/株式会社青嶺不動産アセットマネジメント/05.会議/会議録/会議録_2025-08-06.docx.structure.json,70,1,0,38521,158981,,
share/共有ドライブ/プロジェクト/株式会社青嶺不動産アセットマネジメント/05.会議/会議録/会議録_2025-08-26.docx,ok,data/processed/share/share/共有ドライブ/プロジェクト/株式会社青嶺不動産アセットマネジメント/05.会議/会議録/会議録_2025-08-26.docx.md,data/processed/share/share/共有ドライブ/プロジェクト/株式会社青嶺不動産アセットマネジメント/05.会議/会議録/会議録_2025-08-26.docx.structure.json,86,1,0,42844,171516,,
share/共有ドライブ/プロジェクト/株式会社青嶺不動産アセットマネジメント/05.会議/会議録/会議録_2025-09-16.docx,ok,data/processed/share/share/共有ドライブ/プロジェクト/株式会社青嶺不動産アセットマネジメント/05.会議/会議録/会議録_2025-09-16.docx.md,data/processed/share/share/共有ドライブ/プロジェクト/株式会社青嶺不動産アセットマネジメント/05.会議/会議録/会議録_2025-09-16.docx.structure.json,102,1,0,18653,154946,,
share/共有ドライブ/プロジェクト/株式会社青潮モビリティサービス/01.契約/契約書.docx,ok,data/processed/share/share/共有ドライブ/プロジェクト/株式会社青潮モビリティサービス/01.契約/契約書.docx.md,data/processed/share/share/共有ドライブ/プロジェクト/株式会社青潮モビリティサービス/01.契約/契約書.docx.structure.json,150,3,0,23812,145597,,
share/共有ドライブ/プロジェクト/株式会社青潮モビリティサービス/05.会議/会議録/会議録_2025-07-23.docx,ok,data/processed/share/share/共有ドライブ/プロジェクト/株式会社青潮モビリティサービス/05.会議/会議録/会議録_2025-07-23.docx.md,data/processed/share/share/共有ドライブ/プロジェクト/株式会社青潮モビリティサービス/05.会議/会議録/会議録_2025-07-23.docx.structure.json,83,1,0,12442,115594,,
share/共有ドライブ/プロジェクト/株式会社青潮モビリティサービス/05.会議/会議録/会議録_2025-08-06.docx,ok,data/processed/share/share/共有ドライブ/プロジェクト/株式会社青潮モビリティサービス/05.会議/会議録/会議録_2025-08-06.docx.md,data/processed/share/share/共有ドライブ/プロジェクト/株式会社青潮モビリティサービス/05.会議/会議録/会議録_2025-08-06.docx.structure.json,84,1,0,13623,114503,,
share/共有ドライブ/プロジェクト/株式会社青潮モビリティサービス/05.会議/会議録/会議録_2025-08-26.docx,ok,data/processed/share/share/共有ドライブ/プロジェクト/株式会社青潮モビリティサービス/05.会議/会議録/会議録_2025-08-26.docx.md,data/processed/share/share/共有ドライブ/プロジェクト/株式会社青潮モビリティサービス/05.会議/会議録/会議録_2025-08-26.docx.structure.json,101,1,0,17768,146047,,
share/共有ドライブ/プロジェクト/株式会社青潮モビリティサービス/05.会議/報告資料/基礎分析.docx,ok,data/processed/share/share/共有ドライブ/プロジェクト/株式会社青潮モビリティサービス/05.会議/報告資料/基礎分析.docx.md,data/processed/share/share/共有ドライブ/プロジェクト/株式会社青潮モビリティサービス/05.会議/報告資料/基礎分析.docx.structure.json,2,0,0,439,1591,,
share/共有ドライブ/プロジェクト/株式会社青潮モビリティサービス/05.会議/報告資料/報告資料_2025-07-23.docx,ok,data/processed/share/share/共有ドライブ/プロジェクト/株式会社青潮モビリティサービス/05.会議/報告資料/報告資料_2025-07-23.docx.md,data/processed/share/share/共有ドライブ/プロジェクト/株式会社青潮モビリティサービス/05.会議/報告資料/報告資料_2025-07-23.docx.structure.json,86,0,0,14897,151981,,
share/共有ドライブ/プロジェクト/株式会社青潮モビリティサービス/05.会議/報告資料/報告資料_2025-08-06.docx,ok,data/processed/share/share/共有ドライブ/プロジェクト/株式会社青潮モビリティサービス/05.会議/報告資料/報告資料_2025-08-06.docx.md,data/processed/share/share/共有ドライブ/プロジェクト/株式会社青潮モビリティサービス/05.会議/報告資料/報告資料_2025-08-06.docx.structure.json,103,0,0,16185,202944,,
share/共有ドライブ/プロジェクト/株式会社青葉バイオメディカル機器/01.契約/契約書.docx,ok,data/processed/share/share/共有ドライブ/プロジェクト/株式会社青葉バイオメディカル機器/01.契約/契約書.docx.md,data/processed/share/share/共有ドライブ/プロジェクト/株式会社青葉バイオメディカル機器/01.契約/契約書.docx.structure.json,141,1,0,21968,119039,,
share/共有ドライブ/プロジェクト/株式会社青葉バイオメディカル機器/01.契約/契約書_draft.docx,ok,data/processed/share/share/共有ドライブ/プロジェクト/株式会社青葉バイオメディカル機器/01.契約/契約書_draft.docx.md,data/processed/share/share/共有ドライブ/プロジェクト/株式会社青葉バイオメディカル機器/01.契約/契約書_draft.docx.structure.json,141,1,0,21980,119063,,
share/共有ドライブ/プロジェクト/株式会社青葉バイオメディカル機器/05.会議/会議録/会議録_2025-06-23.docx,ok,data/processed/share/share/共有ドライブ/プロジェクト/株式会社青葉バイオメディカル機器/05.会議/会議録/会議録_2025-06-23.docx.md,data/processed/share/share/共有ドライブ/プロジェクト/株式会社青葉バイオメディカル機器/05.会議/会議録/会議録_2025-06-23.docx.structure.json,130,1,0,16829,128239,,
share/共有ドライブ/プロジェクト/株式会社青葉バイオメディカル機器/05.会議/会議録/会議録_2025-07-11.docx,ok,data/processed/share/share/共有ドライブ/プロジェクト/株式会社青葉バイオメディカル機器/05.会議/会議録/会議録_2025-07-11.docx.md,data/processed/share/share/共有ドライブ/プロジェクト/株式会社青葉バイオメディカル機器/05.会議/会議録/会議録_2025-07-11.docx.structure.json,125,1,0,17220,123637,,
share/共有ドライブ/プロジェクト/株式会社青葉バイオメディカル機器/05.会議/会議録/会議録_2025-07-25.docx,ok,data/processed/share/share/共有ドライブ/プロジェクト/株式会社青葉バイオメディカル機器/05.会議/会議録/会議録_2025-07-25.docx.md,data/processed/share/share/共有ドライブ/プロジェクト/株式会社青葉バイオメディカル機器/05.会議/会議録/会議録_2025-07-25.docx.structure.json,130,1,0,21639,156211,,
share/共有ドライブ/プロジェクト/株式会社青葉バイオメディカル機器/05.会議/報告資料/報告資料_2025-06-23.docx,ok,data/processed/share/share/共有ドライブ/プロジェクト/株式会社青葉バイオメディカル機器/05.会議/報告資料/報告資料_2025-06-23.docx.md,data/processed/share/share/共有ドライブ/プロジェクト/株式会社青葉バイオメディカル機器/05.会議/報告資料/報告資料_2025-06-23.docx.structure.json,116,5,0,18779,149549,,
share/共有ドライブ/プロジェクト/株式会社青葉バイオメディカル機器/05.会議/報告資料/報告資料_2025-07-11.docx,ok,data/processed/share/share/共有ドライブ/プロジェクト/株式会社青葉バイオメディカル機器/05.会議/報告資料/報告資料_2025-07-11.docx.md,data/processed/share/share/共有ドライブ/プロジェクト/株式会社青葉バイオメディカル機器/05.会議/報告資料/報告資料_2025-07-11.docx.structure.json,139,8,0,23563,153575,,
share/共有ドライブ/プロジェクト/白峰信用リスク評価株式会社/01.契約/契約書.docx,ok,data/processed/share/share/共有ドライブ/プロジェクト/白峰信用リスク評価株式会社/01.契約/契約書.docx.md,data/processed/share/share/共有ドライブ/プロジェクト/白峰信用リスク評価株式会社/01.契約/契約書.docx.structure.json,148,1,0,23769,144043,,
share/共有ドライブ/プロジェクト/青葉与信マネジメント株式会社/01.契約/契約書.docx,ok,data/processed/share/share/共有ドライブ/プロジェクト/青葉与信マネジメント株式会社/01.契約/契約書.docx.md,data/processed/share/share/共有ドライブ/プロジェクト/青葉与信マネジメント株式会社/01.契約/契約書.docx.structure.json,130,1,0,20763,135582,,
share/共有ドライブ/プロジェクト/青葉与信マネジメント株式会社/05.会議/報告資料/報告資料_2025-04-09.docx,ok,data/processed/share/share/共有ドライブ/プロジェクト/青葉与信マネジメント株式会社/05.会議/報告資料/報告資料_2025-04-09.docx.md,data/processed/share/share/共有ドライブ/プロジェクト/青葉与信マネジメント株式会社/05.会議/報告資料/報告資料_2025-04-09.docx.structure.json,97,0,0,17163,191942,,
share/共有ドライブ/プロジェクト/青葉与信マネジメント株式会社/05.会議/報告資料/報告資料_2025-04-29.docx,ok,data/processed/share/share/共有ドライブ/プロジェクト/青葉与信マネジメント株式会社/05.会議/報告資料/報告資料_2025-04-29.docx.md,data/processed/share/share/共有ドライブ/プロジェクト/青葉与信マネジメント株式会社/05.会議/報告資料/報告資料_2025-04-29.docx.structure.json,106,0,0,19284,246911,,
share/共有ドライブ/社内管理/データアステル社内規定_パスワード導出規則.docx,ok,data/processed/share/share/共有ドライブ/社内管理/データアステル社内規定_パスワード導出規則.docx.md,data/processed/share/share/共有ドライブ/社内管理/データアステル社内規定_パスワード導出規則.docx.structure.json,13,0,0,2473,8669,,
share/共有ドライブ/社内管理/社内用語集.docx,ok,data/processed/share/share/共有ドライブ/社内管理/社内用語集.docx.md,data/processed/share/share/共有ドライブ/社内管理/社内用語集.docx.structure.json,12,9,0,15812,50628,,
