raw_relative_path,status,error_type,error_message,processed_markdown_path,processed_structure_path,slide_count,text_shape_count,table_count,image_count,chart_count
share/共有ドライブ/プロジェクト/京橋信用ソリューションズ株式会社/00.提案/提案書_final.pptx,ok,,,data/processed/share/share/共有ドライブ/プロジェクト/京橋信用ソリューションズ株式会社/00.提案/提案書_final.pptx.md,data/processed/share/share/共有ドライブ/プロジェクト/京橋信用ソリューションズ株式会社/00.提案/提案書_final.pptx.structure.json,18,198,1,0,0
share/共有ドライブ/プロジェクト/京橋信用ソリューションズ株式会社/00.提案/提案書_v1.pptx,ok,,,data/processed/share/share/共有ドライブ/プロジェクト/京橋信用ソリューションズ株式会社/00.提案/提案書_v1.pptx.md,data/processed/share/share/共有ドライブ/プロジェクト/京橋信用ソリューションズ株式会社/00.提案/提案書_v1.pptx.structure.json,18,198,1,0,0
share/共有ドライブ/プロジェクト/京橋信用ソリューションズ株式会社/06.報告書/京橋信用ソリューションズ株式会社_最終報告.pptx,ok,,,data/processed/share/share/共有ドライブ/プロジェクト/京橋信用ソリューションズ株式会社/06.報告書/京橋信用ソリューションズ株式会社_最終報告.pptx.md,data/processed/share/share/共有ドライブ/プロジェクト/京橋信用ソリューションズ株式会社/06.報告書/京橋信用ソリューションズ株式会社_最終報告.pptx.structure.json,17,117,3,0,1
share/共有ドライブ/プロジェクト/医療法人社団 恒一会 かえで総合病院/00.提案/提案書.pptx,ok,,,data/processed/share/share/共有ドライブ/プロジェクト/医療法人社団 恒一会 かえで総合病院/00.提案/提案書.pptx.md,data/processed/share/share/共有ドライブ/プロジェクト/医療法人社団 恒一会 かえで総合病院/00.提案/提案書.pptx.structure.json,19,293,0,0,0
share/共有ドライブ/プロジェクト/医療法人社団 恒一会 かえで総合病院/06.報告書/医療法人社団 恒一会 かえで総合病院_最終報告.pptx,ok,,,data/processed/share/share/共有ドライブ/プロジェクト/医療法人社団 恒一会 かえで総合病院/06.報告書/医療法人社団 恒一会 かえで総合病院_最終報告.pptx.md,data/processed/share/share/共有ドライブ/プロジェクト/医療法人社団 恒一会 かえで総合病院/06.報告書/医療法人社団 恒一会 かえで総合病院_最終報告.pptx.structure.json,18,217,5,0,1
share/共有ドライブ/プロジェクト/医療法人社団 恒一会 かえで総合病院/06.報告書/医療法人社団 恒一会 かえで総合病院_最終報告_old.pptx,ok,,,data/processed/share/share/共有ドライブ/プロジェクト/医療法人社団 恒一会 かえで総合病院/06.報告書/医療法人社団 恒一会 かえで総合病院_最終報告_old.pptx.md,data/processed/share/share/共有ドライブ/プロジェクト/医療法人社団 恒一会 かえで総合病院/06.報告書/医療法人社団 恒一会 かえで総合病院_最終報告_old.pptx.structure.json,18,175,6,0,0
share/共有ドライブ/プロジェクト/医療法人社団 蒼樹会 みなみ野女性医療センター/00.提案/~$提案書.pptx,error,RuntimeError,temporary_office_file,,,,,,,
share/共有ドライブ/プロジェクト/医療法人社団 蒼樹会 みなみ野女性医療センター/00.提案/提案書.pptx,ok,,,data/processed/share/share/共有ドライブ/プロジェクト/医療法人社団 蒼樹会 みなみ野女性医療センター/00.提案/提案書.pptx.md,data/processed/share/share/共有ドライブ/プロジェクト/医療法人社団 蒼樹会 みなみ野女性医療センター/00.提案/提案書.pptx.structure.json,14,233,0,0,0
share/共有ドライブ/プロジェクト/医療法人社団 蒼泉会 ひがし丘総合病院/00.提案/提案書.pptx,ok,,,data/processed/share/share/共有ドライブ/プロジェクト/医療法人社団 蒼泉会 ひがし丘総合病院/00.提案/提案書.pptx.md,data/processed/share/share/共有ドライブ/プロジェクト/医療法人社団 蒼泉会 ひがし丘総合病院/00.提案/提案書.pptx.structure.json,15,146,3,0,0
share/共有ドライブ/プロジェクト/株式会社東都人材プラットフォーム/00.提案/提案書.pptx,ok,,,data/processed/share/share/共有ドライブ/プロジェクト/株式会社東都人材プラットフォーム/00.提案/提案書.pptx.md,data/processed/share/share/共有ドライブ/プロジェクト/株式会社東都人材プラットフォーム/00.提案/提案書.pptx.structure.json,16,121,2,0,0
share/共有ドライブ/プロジェクト/株式会社東都人材プラットフォーム/06.報告書/株式会社東都人材プラットフォーム_最終報告.pptx,ok,,,data/processed/share/share/共有ドライブ/プロジェクト/株式会社東都人材プラットフォーム/06.報告書/株式会社東都人材プラットフォーム_最終報告.pptx.md,data/processed/share/share/共有ドライブ/プロジェクト/株式会社東都人材プラットフォーム/06.報告書/株式会社東都人材プラットフォーム_最終報告.pptx.structure.json,16,171,2,0,1
share/共有ドライブ/プロジェクト/株式会社青嶺不動産アセットマネジメント/00.提案/old/提案書.pptx,ok,,,data/processed/share/share/共有ドライブ/プロジェクト/株式会社青嶺不動産アセットマネジメント/00.提案/old/提案書.pptx.md,data/processed/share/share/共有ドライブ/プロジェクト/株式会社青嶺不動産アセットマネジメント/00.提案/old/提案書.pptx.structure.json,15,88,4,0,0
share/共有ドライブ/プロジェクト/株式会社青嶺不動産アセットマネジメント/00.提案/提案書.pptx,ok,,,data/processed/share/share/共有ドライブ/プロジェクト/株式会社青嶺不動産アセットマネジメント/00.提案/提案書.pptx.md,data/processed/share/share/共有ドライブ/プロジェクト/株式会社青嶺不動産アセットマネジメント/00.提案/提案書.pptx.structure.json,15,88,4,0,0
share/共有ドライブ/プロジェクト/株式会社青嶺不動産アセットマネジメント/06.報告書/株式会社青嶺不動産アセットマネジメント_最終報告.pptx,ok,,,data/processed/share/share/共有ドライブ/プロジェクト/株式会社青嶺不動産アセットマネジメント/06.報告書/株式会社青嶺不動産アセットマネジメント_最終報告.pptx.md,data/processed/share/share/共有ドライブ/プロジェクト/株式会社青嶺不動産アセットマネジメント/06.報告書/株式会社青嶺不動産アセットマネジメント_最終報告.pptx.structure.json,17,188,0,0,0
share/共有ドライブ/プロジェクト/株式会社青潮モビリティサービス/00.提案/提案書.pptx,ok,,,data/processed/share/share/共有ドライブ/プロジェクト/株式会社青潮モビリティサービス/00.提案/提案書.pptx.md,data/processed/share/share/共有ドライブ/プロジェクト/株式会社青潮モビリティサービス/00.提案/提案書.pptx.structure.json,16,211,5,0,0
share/共有ドライブ/プロジェクト/株式会社青潮モビリティサービス/05.会議/報告資料/基礎分析.pptx,ok,,,data/processed/share/share/共有ドライブ/プロジェクト/株式会社青潮モビリティサービス/05.会議/報告資料/基礎分析.pptx.md,data/processed/share/share/共有ドライブ/プロジェクト/株式会社青潮モビリティサービス/05.会議/報告資料/基礎分析.pptx.structure.json,1,1,0,1,0
share/共有ドライブ/プロジェクト/株式会社青葉バイオメディカル機器/06.報告書/株式会社青葉バイオメディカル機器_最終報告.pptx,ok,,,data/processed/share/share/共有ドライブ/プロジェクト/株式会社青葉バイオメディカル機器/06.報告書/株式会社青葉バイオメディカル機器_最終報告.pptx.md,data/processed/share/share/共有ドライブ/プロジェクト/株式会社青葉バイオメディカル機器/06.報告書/株式会社青葉バイオメディカル機器_最終報告.pptx.structure.json,21,300,7,0,0
share/共有ドライブ/プロジェクト/白峰信用リスク評価株式会社/00.提案/提案書.pptx,ok,,,data/processed/share/share/共有ドライブ/プロジェクト/白峰信用リスク評価株式会社/00.提案/提案書.pptx.md,data/processed/share/share/共有ドライブ/プロジェクト/白峰信用リスク評価株式会社/00.提案/提案書.pptx.structure.json,19,241,0,0,0
share/共有ドライブ/プロジェクト/白峰信用リスク評価株式会社/00.提案/提案書old.pptx,ok,,,data/processed/share/share/共有ドライブ/プロジェクト/白峰信用リスク評価株式会社/00.提案/提案書old.pptx.md,data/processed/share/share/共有ドライブ/プロジェクト/白峰信用リスク評価株式会社/00.提案/提案書old.pptx.structure.json,19,231,0,1,0
share/共有ドライブ/プロジェクト/白峰信用リスク評価株式会社/06.報告書/白峰信用リスク評価株式会社_最終報告.pptx,ok,,,data/processed/share/share/共有ドライブ/プロジェクト/白峰信用リスク評価株式会社/06.報告書/白峰信用リスク評価株式会社_最終報告.pptx.md,data/processed/share/share/共有ドライブ/プロジェクト/白峰信用リスク評価株式会社/06.報告書/白峰信用リスク評価株式会社_最終報告.pptx.structure.json,19,194,3,0,1
share/共有ドライブ/プロジェクト/青葉与信マネジメント株式会社/00.提案/提案書_v1.pptx,ok,,,data/processed/share/share/共有ドライブ/プロジェクト/青葉与信マネジメント株式会社/00.提案/提案書_v1.pptx.md,data/processed/share/share/共有ドライブ/プロジェクト/青葉与信マネジメント株式会社/00.提案/提案書_v1.pptx.structure.json,15,241,6,0,0
share/共有ドライブ/プロジェクト/青葉与信マネジメント株式会社/00.提案/提案書_v2.pptx,ok,,,data/processed/share/share/共有ドライブ/プロジェクト/青葉与信マネジメント株式会社/00.提案/提案書_v2.pptx.md,data/processed/share/share/共有ドライブ/プロジェクト/青葉与信マネジメント株式会社/00.提案/提案書_v2.pptx.structure.json,15,241,6,0,0
share/共有ドライブ/プロジェクト/青葉与信マネジメント株式会社/00.提案/提案書_v3.pptx,ok,,,data/processed/share/share/共有ドライブ/プロジェクト/青葉与信マネジメント株式会社/00.提案/提案書_v3.pptx.md,data/processed/share/share/共有ドライブ/プロジェクト/青葉与信マネジメント株式会社/00.提案/提案書_v3.pptx.structure.json,15,275,5,0,0
share/共有ドライブ/プロジェクト/青葉与信マネジメント株式会社/06.報告書/old/青葉与信マネジメント株式会社_最終報告.pptx,ok,,,data/processed/share/share/共有ドライブ/プロジェクト/青葉与信マネジメント株式会社/06.報告書/old/青葉与信マネジメント株式会社_最終報告.pptx.md,data/processed/share/share/共有ドライブ/プロジェクト/青葉与信マネジメント株式会社/06.報告書/old/青葉与信マネジメント株式会社_最終報告.pptx.structure.json,14,144,8,0,1
share/共有ドライブ/プロジェクト/青葉与信マネジメント株式会社/06.報告書/青葉与信マネジメント株式会社_最終報告.pptx,ok,,,data/processed/share/share/共有ドライブ/プロジェクト/青葉与信マネジメント株式会社/06.報告書/青葉与信マネジメント株式会社_最終報告.pptx.md,data/processed/share/share/共有ドライブ/プロジェクト/青葉与信マネジメント株式会社/06.報告書/青葉与信マネジメント株式会社_最終報告.pptx.structure.json,15,143,8,0,1
share/共有ドライブ/社内管理/座席表.pptx,ok,,,data/processed/share/share/共有ドライブ/社内管理/座席表.pptx.md,data/processed/share/share/共有ドライブ/社内管理/座席表.pptx.structure.json,1,0,0,1,0
