project,source_path,row_index,task_ids,person_names,hours_candidates,text
京橋信用ソリューションズ株式会社,data/processed/share/share/共有ドライブ/プロジェクト/京橋信用ソリューションズ株式会社/02.計画/スケジュール.xlsx.sheets/WBSタスク一覧.csv,0,T01,統制確立 契約発効 | 週間 佐藤 | 開始 契約開始日 | 開始記録 完了,,T01 1.0 立上げ・統制確立 契約発効・プロジェクト開始 契約開始日 2025-10-01、契約期間6週間 佐藤 健一 2025-10-01 2025-10-01 =H2-G2+1 - 開始記録 完了 ● MS1関連
京橋信用ソリューションズ株式会社,data/processed/share/share/共有ドライブ/プロジェクト/京橋信用ソリューションズ株式会社/02.計画/スケジュール.xlsx.sheets/WBSタスク一覧.csv,1,T01 | T02,会議実施 目的 | 決定事項一覧 完了 | 確定 佐藤 | 関連 出席 | 高橋 恒一,,"T02 キックオフ会議実施 目的、KPI、スコープ、体制、レビュー計画を確定 佐藤 健一 / 高橋 恒一 2025-10-01 2025-10-01 =H3-G3+1 T01 議事録、決定事項一覧 完了 ● MS1関連 出席: 高橋,佐藤,鈴木,斎藤,井上"
京橋信用ソリューションズ株式会社,data/processed/share/share/共有ドライブ/プロジェクト/京橋信用ソリューションズ株式会社/02.計画/スケジュール.xlsx.sheets/WBSタスク一覧.csv,2,T02 | T03,受領確認記録 完了 | 正本確認 正本 | 確認 斎藤,,T03 データ受領・正本確認 正本データ前提の確認 斎藤 悠斗 2025-10-01 2025-10-02 =H4-G4+1 T02 データ受領確認記録 完了 ●
京橋信用ソリューションズ株式会社,data/processed/share/share/共有ドライブ/プロジェクト/京橋信用ソリューションズ株式会社/02.計画/スケジュール.xlsx.sheets/WBSタスク一覧.csv,3,T02 | T04,分析前提確認 分析対象 | 確認 井上 | 鈴木 美咲,,T04 カラム定義・分析前提確認 分析対象カラムと前提条件の確認 井上 里奈 / 鈴木 美咲 2025-10-01 2025-10-03 =H5-G5+1 T02 前提確認メモ 完了
京橋信用ソリューションズ株式会社,data/processed/share/share/共有ドライブ/プロジェクト/京橋信用ソリューションズ株式会社/02.計画/スケジュール.xlsx.sheets/WBSタスク一覧.csv,4,T02 | T05,整備 佐藤 | 監査証跡台帳初期化 課題管理表 | 管理記録 完了,,T05 進行管理台帳・監査証跡台帳初期化 課題管理表、版管理表、アクセス管理記録の整備 佐藤 健一 2025-10-01 2025-10-03 =H6-G6+1 T02 課題管理表、版管理表、アクセス管理記録 完了 金融ガバナンス要件
京橋信用ソリューションズ株式会社,data/processed/share/share/共有ドライブ/プロジェクト/京橋信用ソリューションズ株式会社/02.計画/スケジュール.xlsx.sheets/WBSタスク一覧.csv,5,T01 | T06,佐藤 健一 | 支払管理 着手金 | 関連 契約締結後 | 高橋 恒一,,"T06 着手金請求・支払管理 着手金 2,887,500円(税込)、支払期日 2025-10-08 佐藤 健一 / 高橋 恒一 2025-10-01 2025-10-08 =H7-G7+1 T01 支払管理記録(着手金) 完了 MS8関連 契約締結後5営業日以内 2025/11/18に支払確認済"
京橋信用ソリューションズ株式会社,data/processed/share/share/共有ドライブ/プロジェクト/京橋信用ソリューションズ株式会社/02.計画/スケジュール.xlsx.sheets/WBSタスク一覧.csv,6,T03 | T04 | T07,品質確認 欠損値 | 品質確認結果 完了 | 斎藤 悠斗,,"T07 2.0 データ理解・EDA データ品質確認 欠損値、型、整合性等の品質チェック 斎藤 悠斗 2025-10-02 2025-10-07 =H8-G8+1 T03,T04 データ品質確認結果 完了 ●"
京橋信用ソリューションズ株式会社,data/processed/share/share/共有ドライブ/プロジェクト/京橋信用ソリューションズ株式会社/02.計画/スケジュール.xlsx.sheets/WBSタスク一覧.csv,7,T07 | T08,特別値確認 鈴木 | 結果資料 完了,,T08 探索的データ分析(EDA) 分布・不均衡・特別値確認 鈴木 美咲 2025-10-06 2025-10-10 =H9-G9+1 T07 EDA結果資料 完了 ●
京橋信用ソリューションズ株式会社,data/processed/share/share/共有ドライブ/プロジェクト/京橋信用ソリューションズ株式会社/02.計画/スケジュール.xlsx.sheets/WBSタスク一覧.csv,8,T04 | T08 | T09,接続 井上 | 接続 業務示唆仮説,,"T09 業務仮説整理・KPI接続 業務示唆仮説の整理とKPIへの接続 井上 里奈 2025-10-06 2025-10-10 =H10-G10+1 T04,T08 業務示唆仮説メモ 完了"
京橋信用ソリューションズ株式会社,data/processed/share/share/共有ドライブ/プロジェクト/京橋信用ソリューションズ株式会社/02.計画/スケジュール.xlsx.sheets/WBSタスク一覧.csv,9,T08 | T09 | T10,論点一覧 完了 | 論点一覧作成 佐藤 | 鈴木 美咲,,"T10 EDAレビュー・論点整理 EDA結果の確認と論点一覧作成 佐藤 健一 / 鈴木 美咲 2025-10-13 2025-10-14 =H11-G11+1 T08,T09 EDA論点一覧 完了 ● MS2関連 CP2: EDA論点確定確認"
京橋信用ソリューションズ株式会社,data/processed/share/share/共有ドライブ/プロジェクト/京橋信用ソリューションズ株式会社/02.計画/スケジュール.xlsx.sheets/WBSタスク一覧.csv,10,T10 | T11,分割方針策定 鈴木 | 前処理設計 学習 | 前処理設計書 完了 | 斎藤 悠斗 | 構築 学習,,T11 3.0 前処理設計・ベースライン構築 学習/検証分割・前処理設計 学習データと検証データの分割方針策定 鈴木 美咲 / 斎藤 悠斗 2025-10-15 2025-10-17 =H12-G12+1 T10 前処理設計書 完了 ●
京橋信用ソリューションズ株式会社,data/processed/share/share/共有ドライブ/プロジェクト/京橋信用ソリューションズ株式会社/02.計画/スケジュール.xlsx.sheets/WBSタスク一覧.csv,11,T11 | T12,実装 斎藤 | 実装 特殊値,,T12 pdays=-1・unknown 取扱い実装 特殊値の前処理ロジック実装 斎藤 悠斗 2025-10-15 2025-10-17 =H13-G13+1 T11 前処理実装コード、処理ログ 完了 ● duration分岐に関連
京橋信用ソリューションズ株式会社,data/processed/share/share/共有ドライブ/プロジェクト/京橋信用ソリューションズ株式会社/02.計画/スケジュール.xlsx.sheets/WBSタスク一覧.csv,12,T11 | T12 | T13,構築 初期 | 評価 鈴木 | 評価結果 完了,,"T13 ベースラインモデル構築 初期モデルの構築と評価 鈴木 美咲 2025-10-16 2025-10-20 =H14-G14+1 T11,T12 ベースライン評価結果 完了 ●"
京橋信用ソリューションズ株式会社,data/processed/share/share/共有ドライブ/プロジェクト/京橋信用ソリューションズ株式会社/02.計画/スケジュール.xlsx.sheets/WBSタスク一覧.csv,13,T13 | T14,分岐評価 用途別 | 比較 鈴木 | 用途別比較結果 完了,,T14 duration含有/非含有モデル分岐評価 用途別にduration変数の有無で比較 鈴木 美咲 2025-10-17 2025-10-21 =H15-G15+1 T13 用途別比較結果 完了 ●
京橋信用ソリューションズ株式会社,data/processed/share/share/共有ドライブ/プロジェクト/京橋信用ソリューションズ株式会社/02.計画/スケジュール.xlsx.sheets/WBSタスク一覧.csv,14,T13 | T14 | T15,池田 恒一 | 記録 完了,,"T15 ベースライン評価レビュー QA観点でのベースライン結果レビュー 池田 恒一 2025-10-21 2025-10-21 =H16-G16+1 T13,T14 QAレビュー記録 完了 ● MS3関連 CP3: ベースライン評価妥当性確認"
京橋信用ソリューションズ株式会社,data/processed/share/share/共有ドライブ/プロジェクト/京橋信用ソリューションズ株式会社/02.計画/スケジュール.xlsx.sheets/WBSタスク一覧.csv,15,T15 | T16,性能比較 鈴木 | 性能評価 複数 | 比較表 完了 | 説明性整理 比較,,T16 4.0 モデル比較・説明性整理 比較モデル構築・性能評価 複数モデルの構築と性能比較 鈴木 美咲 2025-10-22 2025-10-24 =H17-G17+1 T15 モデル比較表 完了 ●
京橋信用ソリューションズ株式会社,data/processed/share/share/共有ドライブ/プロジェクト/京橋信用ソリューションズ株式会社/02.計画/スケジュール.xlsx.sheets/WBSタスク一覧.csv,16,T16 | T17,井上 里奈 | 分析 鈴木 | 説明例 完了,,T17 説明可能性整理・重要変数分析 モデルの説明可能性と重要変数の分析 鈴木 美咲 / 井上 里奈 2025-10-22 2025-10-27 =H18-G18+1 T16 重要変数分析資料、説明例 完了
京橋信用ソリューションズ株式会社,data/processed/share/share/共有ドライブ/プロジェクト/京橋信用ソリューションズ株式会社/02.計画/スケジュール.xlsx.sheets/WBSタスク一覧.csv,17,T16 | T18,公平性確認 池田 | 初期確認 金融 | 鈴木 美咲,,T18 公平性・バイアス初期確認 金融ガバナンス要件としての公平性確認 池田 恒一 / 鈴木 美咲 2025-10-24 2025-10-27 =H19-G19+1 T16 公平性確認メモ 完了 金融ガバナンス要件
京橋信用ソリューションズ株式会社,data/processed/share/share/共有ドライブ/プロジェクト/京橋信用ソリューションズ株式会社/02.計画/スケジュール.xlsx.sheets/WBSタスク一覧.csv,18,T16 | T17 | T18 | T19,中間報告資料作成 中間報告書 | 佐藤 健一 | 作成 井上 | 説明資料 完了,,"T19 中間報告資料作成 中間報告書および説明資料の作成 井上 里奈 / 佐藤 健一 2025-10-24 2025-10-28 =H20-G20+1 T16,T17,T18 中間報告書、説明資料 完了 ●"
京橋信用ソリューションズ株式会社,data/processed/share/share/共有ドライブ/プロジェクト/京橋信用ソリューションズ株式会社/02.計画/スケジュール.xlsx.sheets/WBSタスク一覧.csv,19,T19 | T20,報告 佐藤 | 変更管理判定 中間報告会実施 | 承認事項一覧 完了 | 高橋 恒一,,"T20 5.0 中間報告・変更管理判定 中間報告会実施 EDA、前処理方針、比較モデル、評価軸、監査観点を報告 佐藤 健一 / 高橋 恒一 2025-10-29 2025-10-29 =H21-G21+1 T19 中間報告議事録、承認事項一覧 完了 ● MS4関連 CP4 出席: 高橋,佐藤,鈴木,井上,池田"
京橋信用ソリューションズ株式会社,data/processed/share/share/共有ドライブ/プロジェクト/京橋信用ソリューションズ株式会社/02.計画/スケジュール.xlsx.sheets/WBSタスク一覧.csv,20,T20 | T21,変更要求判定記録 完了 | 確定 佐藤 | 高橋 恒一,,T21 変更管理チェックポイント実施 スコープ内継続可否、追加要求有無、最終報告反映範囲を確定 佐藤 健一 / 高橋 恒一 2025-10-30 2025-10-30 =H22-G22+1 T20 変更要求判定記録 完了 ● MS5関連 CP5 変更管理判定
京橋信用ソリューションズ株式会社,data/processed/share/share/共有ドライブ/プロジェクト/京橋信用ソリューションズ株式会社/02.計画/スケジュール.xlsx.sheets/WBSタスク一覧.csv,21,T20 | T21 | T22,井上 里奈 | 最終分析方針書 完了 | 最終方針確定 指摘反映優先順位付 | 確定 鈴木,,"T22 中間指摘反映・最終方針確定 指摘反映優先順位付け、最終分析方針の確定 鈴木 美咲 / 井上 里奈 2025-10-30 2025-10-31 =H23-G23+1 T20,T21 最終分析方針書 完了 ● リスクバッファ期間"
京橋信用ソリューションズ株式会社,data/processed/share/share/共有ドライブ/プロジェクト/京橋信用ソリューションズ株式会社/02.計画/スケジュール.xlsx.sheets/WBSタスク一覧.csv,22,T22 | T23,再評価 最終 | 再評価実施 鈴木 | 最終評価結果 完了 | 検収会 最終,,T23 6.0 最終成果物化・納品・検収会 最終モデル確定・再評価 最終モデルの確定と再評価実施 鈴木 美咲 2025-11-01 2025-11-05 =H24-G24+1 T22 最終評価結果 完了 ●
京橋信用ソリューションズ株式会社,data/processed/share/share/共有ドライブ/プロジェクト/京橋信用ソリューションズ株式会社/02.計画/スケジュール.xlsx.sheets/WBSタスク一覧.csv,23,T23 | T24,作成 井上 | 分析補足資料 完了 | 分析補足資料作成 最終報告書 | 鈴木 美咲,,T24 最終報告書・分析補足資料作成 最終報告書および分析補足資料の作成 井上 里奈 / 鈴木 美咲 2025-11-03 2025-11-07 =H25-G25+1 T23 最終報告書、分析補足資料 完了 ●
京橋信用ソリューションズ株式会社,data/processed/share/share/共有ドライブ/プロジェクト/京橋信用ソリューションズ株式会社/02.計画/スケジュール.xlsx.sheets/WBSタスク一覧.csv,24,T23 | T25,最終整理 斎藤 | 池田 恒一 | 監査証跡整理 再現性管理情報 | 監査証跡記録 完了,,T25 再現性管理情報・監査証跡整理 再現性管理情報と監査証跡の最終整理 斎藤 悠斗 / 池田 恒一 2025-11-03 2025-11-07 =H26-G26+1 T23 再現性管理情報、監査証跡記録 完了 金融ガバナンス要件
京橋信用ソリューションズ株式会社,data/processed/share/share/共有ドライブ/プロジェクト/京橋信用ソリューションズ株式会社/02.計画/スケジュール.xlsx.sheets/WBSタスク一覧.csv,25,T24 | T25 | T26,修正版成果物 完了 | 再分析 池田,,"T26 品質保証レビュー・リスクバッファ QA指摘反映、図表差替え、数値整合確認、軽微な再分析 池田 恒一 2025-11-08 2025-11-10 =H27-G27+1 T24,T25 QAレビュー結果、修正版成果物 完了 ● CP6: 最終QA完了確認 リスクバッファ期間"
京橋信用ソリューションズ株式会社,data/processed/share/share/共有ドライブ/プロジェクト/京橋信用ソリューションズ株式会社/02.計画/スケジュール.xlsx.sheets/WBSタスク一覧.csv,26,T26 | T27,検収会 最終報告書 | 納品記録 完了 | 説明完了 佐藤 | 高橋 恒一,,"T27 最終報告・成果物提出・検収会 最終報告書、補足資料、再現性管理情報を提出し説明完了 佐藤 健一 / 高橋 恒一 2025-11-11 2025-11-11 =H28-G28+1 T26 最終報告議事録、納品記録 完了 ● MS6関連 CP7 出席: 高橋,山田,佐藤,鈴木,池田"
京橋信用ソリューションズ株式会社,data/processed/share/share/共有ドライブ/プロジェクト/京橋信用ソリューションズ株式会社/02.計画/スケジュール.xlsx.sheets/WBSタスク一覧.csv,27,T27 | T28,処理 検収結果反映 | 検収記録 完了 | 確定 佐藤,,T28 7.0 検収後支払・クローズ処理 検収結果反映 検収結果を記録、是正要否または受入完了を確定 佐藤 健一 2025-11-12 2025-11-12 =H29-G29+1 T27 検収記録 完了 MS7関連 CP8
京橋信用ソリューションズ株式会社,data/processed/share/share/共有ドライブ/プロジェクト/京橋信用ソリューションズ株式会社/02.計画/スケジュール.xlsx.sheets/WBSタスク一覧.csv,28,T28 | T29,"佐藤 健一 | 営業日以内
期日 | 支払管理 検収金 | 関連 検収完了後 | 高橋 恒一",,"T29 検収金請求・支払管理 検収金 2,887,500円(税込)、支払期日 2025-11-18 佐藤 健一 / 高橋 恒一 2025-11-12 2025-11-18 =H30-G30+1 T28 支払管理記録(検収金) 完了 MS9関連 検収完了後5営業日以内 期日に支払い確認済み"
京橋信用ソリューションズ株式会社,data/processed/share/share/共有ドライブ/プロジェクト/京橋信用ソリューションズ株式会社/02.計画/スケジュール.xlsx.sheets/WBSタスク一覧.csv,29,T29 | T30,報告 完了 | 完了 佐藤,,T30 プロジェクトクローズ クローズ報告の作成と完了 佐藤 健一 2025-11-18 2025-11-18 =H31-G31+1 T29 クローズ報告 完了
京橋信用ソリューションズ株式会社,data/processed/share/share/共有ドライブ/プロジェクト/京橋信用ソリューションズ株式会社/02.計画/スケジュール.xlsx.sheets/マイルストーン.csv,0,T01 | T02,,,"MS1 キックオフ完了 2025-10-01 M01 キックオフ 目的、KPI、スコープ、体制、レビュー計画、正本データ前提を確定 T01, T02 完了"
京橋信用ソリューションズ株式会社,data/processed/share/share/共有ドライブ/プロジェクト/京橋信用ソリューションズ株式会社/02.計画/スケジュール.xlsx.sheets/マイルストーン.csv,1,T10,,,MS2 EDA完了 2025-10-14 週次進捗確認 データ品質、分布、カテゴリ別傾向、特別値論点を整理完了 T10 完了
京橋信用ソリューションズ株式会社,data/processed/share/share/共有ドライブ/プロジェクト/京橋信用ソリューションズ株式会社/02.計画/スケジュール.xlsx.sheets/マイルストーン.csv,2,T15,週次進捗確認 学習,,MS3 ベースライン評価完了 2025-10-21 週次進捗確認 学習/検証分割、前処理方針、ベースライン結果、duration分岐方針を確定 T15 完了
京橋信用ソリューションズ株式会社,data/processed/share/share/共有ドライブ/プロジェクト/京橋信用ソリューションズ株式会社/02.計画/スケジュール.xlsx.sheets/マイルストーン.csv,3,T20,,,MS4 中間報告完了 2025-10-29 M02 中間報告 EDA、前処理方針、比較モデル、評価軸、監査観点の論点を報告完了 T20 完了
京橋信用ソリューションズ株式会社,data/processed/share/share/共有ドライブ/プロジェクト/京橋信用ソリューションズ株式会社/02.計画/スケジュール.xlsx.sheets/マイルストーン.csv,4,T21,,,MS5 変更管理判定完了 2025-10-30 変更管理チェックポイント スコープ内継続可否、追加要求有無、最終報告反映範囲を確定 T21 完了
京橋信用ソリューションズ株式会社,data/processed/share/share/共有ドライブ/プロジェクト/京橋信用ソリューションズ株式会社/02.計画/スケジュール.xlsx.sheets/マイルストーン.csv,5,T27,検収会 最終報告書,,MS6 最終成果物提出・最終報告完了 2025-11-11 M03 最終報告・検収会 最終報告書、補足資料、再現性管理情報を提出し説明完了 T27 完了
京橋信用ソリューションズ株式会社,data/processed/share/share/共有ドライブ/プロジェクト/京橋信用ソリューションズ株式会社/02.計画/スケジュール.xlsx.sheets/マイルストーン.csv,6,T28,,,MS7 検収判定反映完了 2025-11-12 検収フォロー 検収結果を記録し、是正要否または受入完了を確定 T28 完了
京橋信用ソリューションズ株式会社,data/processed/share/share/共有ドライブ/プロジェクト/京橋信用ソリューションズ株式会社/02.計画/スケジュール.xlsx.sheets/マイルストーン.csv,7,T06,,,"MS8 第1回支払期日(着手金) 2025-10-08 - 着手金 2,887,500円(税込)の支払期日到来 T06 完了"
京橋信用ソリューションズ株式会社,data/processed/share/share/共有ドライブ/プロジェクト/京橋信用ソリューションズ株式会社/02.計画/スケジュール.xlsx.sheets/マイルストーン.csv,8,T29,,,"MS9 第2回支払期日(検収金) 2025-11-18 - 検収金 2,887,500円(税込)の支払期日到来 T29 完了"
京橋信用ソリューションズ株式会社,data/processed/share/share/共有ドライブ/プロジェクト/京橋信用ソリューションズ株式会社/02.計画/スケジュール.xlsx.sheets/リソース計画.csv,1,,担当者 主担当領域,,担当者 主担当領域 関連タスク
京橋信用ソリューションズ株式会社,data/processed/share/share/共有ドライブ/プロジェクト/京橋信用ソリューションズ株式会社/02.計画/スケジュール.xlsx.sheets/リソース計画.csv,2,T01 | T02 | T05 | T06 | T10 | T19 | T20 | T21 | T27 | T28 | T29 | T30,佐藤 健一,,"佐藤 健一 全体進行管理、会議体運営、課題・変更管理、納品・検収・支払管理 T01,T02,T05,T06,T10,T19,T20,T21,T27,T28,T29,T30"
京橋信用ソリューションズ株式会社,data/processed/share/share/共有ドライブ/プロジェクト/京橋信用ソリューションズ株式会社/02.計画/スケジュール.xlsx.sheets/リソース計画.csv,3,T04 | T08 | T10 | T11 | T13 | T14 | T16 | T17 | T18 | T22 | T23 | T24,鈴木 美咲,,"鈴木 美咲 分析設計、EDA方針策定、モデル構築・比較、説明可能性整理 T04,T08,T10,T11,T13,T14,T16,T17,T18,T22,T23,T24"
京橋信用ソリューションズ株式会社,data/processed/share/share/共有ドライブ/プロジェクト/京橋信用ソリューションズ株式会社/02.計画/スケジュール.xlsx.sheets/リソース計画.csv,4,T03 | T07 | T11 | T12 | T25,斎藤 悠斗,,"斎藤 悠斗 データ受領・正本確認、前処理実装、再現性管理情報整備、実行ログ保全 T03,T07,T11,T12,T25"
京橋信用ソリューションズ株式会社,data/processed/share/share/共有ドライブ/プロジェクト/京橋信用ソリューションズ株式会社/02.計画/スケジュール.xlsx.sheets/リソース計画.csv,5,T04 | T09 | T17 | T19 | T22 | T24,井上 里奈,,"井上 里奈 業務要件整理、KPI接続、中間/最終報告の業務ストーリー構成、示唆整理 T04,T09,T17,T19,T22,T24"
京橋信用ソリューションズ株式会社,data/processed/share/share/共有ドライブ/プロジェクト/京橋信用ソリューションズ株式会社/02.計画/スケジュール.xlsx.sheets/リソース計画.csv,6,T15 | T18 | T25 | T26,池田 恒一,,"池田 恒一 数値・文書整合性レビュー、公平性観点レビュー、最終成果物QA、監査証跡確認 T15,T18,T25,T26"
京橋信用ソリューションズ株式会社,data/processed/share/share/共有ドライブ/プロジェクト/京橋信用ソリューションズ株式会社/02.計画/スケジュール.xlsx.sheets/リソース計画.csv,7,T02 | T06 | T20 | T21 | T27 | T29,高橋 恒一,,"高橋 恒一 業務観点レビュー、承認・検収判断、支払関連処理窓口 T02,T06,T20,T21,T27,T29"
医療法人社団 蒼樹会 みなみ野女性医療センター,data/processed/share/share/共有ドライブ/プロジェクト/医療法人社団 蒼樹会 みなみ野女性医療センター/02.計画/スケジュール.xlsx.sheets/スケジュール管理表.csv,0,T01,松本 真央 | 議事録確定 伊藤 | 開始合意 目的,,1 フェーズ1:立上げ・計画確定 T01 キックオフ実施・開始合意 目的・スコープ・体制・連絡運用の合意、議事録確定 伊藤 翔太、松本 真央 2025-04-03 2025-04-03 - キックオフ議事録 MS1 キックオフ 完了 CP1:キックオフ完了。クリティカルパス上のタスク。
医療法人社団 蒼樹会 みなみ野女性医療センター,data/processed/share/share/共有ドライブ/プロジェクト/医療法人社団 蒼樹会 みなみ野女性医療センター/02.計画/スケジュール.xlsx.sheets/スケジュール管理表.csv,1,T01 | T02,前提条件固定 対象 | 固定 伊藤 | 岡田 佑樹,,2 フェーズ1:立上げ・計画確定 T02 データ受領確認・前提条件固定 対象データの受領確認と分析前提条件の固定 伊藤 翔太、岡田 佑樹 2025-04-03 2025-04-04 T01 前提条件整理メモ MS1 - 完了 クリティカルパス上のタスク
医療法人社団 蒼樹会 みなみ野女性医療センター,data/processed/share/share/共有ドライブ/プロジェクト/医療法人社団 蒼樹会 みなみ野女性医療センター/02.計画/スケジュール.xlsx.sheets/スケジュール管理表.csv,2,T01 | T03,策定 伊藤,,3 フェーズ1:立上げ・計画確定 T03 体制・連絡ルール確定 プロジェクト体制と連絡運用ルールの策定 伊藤 翔太 2025-04-04 2025-04-07 T01 進行管理ルール - - 完了
医療法人社団 蒼樹会 みなみ野女性医療センター,data/processed/share/share/共有ドライブ/プロジェクト/医療法人社団 蒼樹会 みなみ野女性医療センター/02.計画/スケジュール.xlsx.sheets/スケジュール管理表.csv,3,T02 | T04,確認 岡田,,4 フェーズ2:データ理解・品質診断 T04 データプロファイリング実施 データの基本統計量・分布・型を確認 岡田 佑樹 2025-04-08 2025-04-10 T02 プロファイル結果 - - 完了 クリティカルパス上のタスク
医療法人社団 蒼樹会 みなみ野女性医療センター,data/processed/share/share/共有ドライブ/プロジェクト/医療法人社団 蒼樹会 みなみ野女性医療センター/02.計画/スケジュール.xlsx.sheets/スケジュール管理表.csv,4,T04 | T05,岡田 佑樹 | 明確化 鈴木,,5 フェーズ2:データ理解・品質診断 T05 データ品質診断・疑似欠損論点整理 0値の扱いに関する論点整理、疑似欠損候補の明確化 鈴木 美咲、岡田 佑樹 2025-04-10 2025-04-14 T04 分析用データ理解メモ MS2 - 完了 クリティカルパス上のタスク。重点監視対象。
医療法人社団 蒼樹会 みなみ野女性医療センター,data/processed/share/share/共有ドライブ/プロジェクト/医療法人社団 蒼樹会 みなみ野女性医療センター/02.計画/スケジュール.xlsx.sheets/スケジュール管理表.csv,5,T05 | T06,値論点整理完了確認 鈴木 | 松本 真央 | 週次進捗確認 完了,,6 フェーズ2:データ理解・品質診断 T06 データ理解レビュー・論点確定 データ品質の主要論点確定、0値論点整理完了確認 鈴木 美咲、松本 真央 2025-04-15 2025-04-15 T05 論点一覧 MS2 週次進捗確認 完了 CP2:データ理解完了。クリティカルパス上のタスク。
医療法人社団 蒼樹会 みなみ野女性医療センター,data/processed/share/share/共有ドライブ/プロジェクト/医療法人社団 蒼樹会 みなみ野女性医療センター/02.計画/スケジュール.xlsx.sheets/スケジュール管理表.csv,6,T06 | T07,前処理案設計 前処理 | 岡田 佑樹 | 鈴木 美咲,,7 フェーズ3:前処理・評価設計 T07 前処理案設計 前処理ルールの策定(欠損補完、正規化等) 鈴木 美咲、岡田 佑樹 2025-04-16 2025-04-18 T06 前処理案 MS3 - 完了 クリティカルパス上のタスク
医療法人社団 蒼樹会 みなみ野女性医療センター,data/processed/share/share/共有ドライブ/プロジェクト/医療法人社団 蒼樹会 みなみ野女性医療センター/02.計画/スケジュール.xlsx.sheets/スケジュール管理表.csv,7,T06 | T08,設計 鈴木 | 週次進捗確認 完了,,8 フェーズ3:前処理・評価設計 T08 評価指標・比較観点設計 モデル評価指標と比較条件の設計 鈴木 美咲 2025-04-17 2025-04-18 T06 評価設計メモ MS3 週次進捗確認 完了 非クリティカルだが重要。T07と並行実施。
医療法人社団 蒼樹会 みなみ野女性医療センター,data/processed/share/share/共有ドライブ/プロジェクト/医療法人社団 蒼樹会 みなみ野女性医療センター/02.計画/スケジュール.xlsx.sheets/スケジュール管理表.csv,8,T07 | T08 | T09,作成 松本 | 資料作成 前処理 | 鈴木 美咲,,"9 フェーズ3:前処理・評価設計 T09 中間レビュー資料作成 前処理・評価方針書および中間レビュー資料の作成 松本 真央、鈴木 美咲 2025-04-21 2025-04-23 T07, T08 中間レビュー資料、前処理・評価方針書 MS3 - 完了 クリティカルパス上のタスク"
医療法人社団 蒼樹会 みなみ野女性医療センター,data/processed/share/share/共有ドライブ/プロジェクト/医療法人社団 蒼樹会 みなみ野女性医療センター/02.計画/スケジュール.xlsx.sheets/スケジュール管理表.csv,9,T09 | T10,合意 伊藤 | 実施 疑似欠損対応方針 | 鈴木 美咲,,10 フェーズ3:前処理・評価設計 T10 中間レビュー実施 疑似欠損対応方針、評価指標、最終報告論点の合意 伊藤 翔太、鈴木 美咲 2025-04-24 2025-04-24 T09 中間レビュー議事録 MS4 中間レビュー 完了 CP3:中間レビュー承認。クリティカルパス上のタスク。重点監視対象。
医療法人社団 蒼樹会 みなみ野女性医療センター,data/processed/share/share/共有ドライブ/プロジェクト/医療法人社団 蒼樹会 みなみ野女性医療センター/02.計画/スケジュール.xlsx.sheets/スケジュール管理表.csv,10,T10 | T11,作業計画確定 伊藤 | 変更管理確認 完了,,11 フェーズ4:モデル構築・比較 T11 変更管理チェックポイント 追加要望の契約内外判定、以降の作業計画確定 伊藤 翔太 2025-04-25 2025-04-25 T10 変更管理判定記録 MS5 変更管理確認 完了 CP4:変更管理CP通過。クリティカルパス上のタスク。分析方針バッファ日。
医療法人社団 蒼樹会 みなみ野女性医療センター,data/processed/share/share/共有ドライブ/プロジェクト/医療法人社団 蒼樹会 みなみ野女性医療センター/02.計画/スケジュール.xlsx.sheets/スケジュール管理表.csv,11,T11 | T12,初期性能評価 鈴木,,12 フェーズ4:モデル構築・比較 T12 ベースラインモデル構築 ベースラインモデルの構築と初期性能評価 鈴木 美咲 2025-04-25 2025-04-28 T11 ベースライン結果 - - 完了 クリティカルパス上のタスク
医療法人社団 蒼樹会 みなみ野女性医療センター,data/processed/share/share/共有ドライブ/プロジェクト/医療法人社団 蒼樹会 みなみ野女性医療センター/02.計画/スケジュール.xlsx.sheets/スケジュール管理表.csv,12,T12 | T13,比較 複数候補 | 週次進捗確認 完了 | 鈴木 美咲,,13 フェーズ4:モデル構築・比較 T13 候補モデル学習・比較 複数候補モデルの学習、性能比較、採用候補絞り込み 鈴木 美咲 2025-04-28 2025-05-01 T12 モデル比較結果サマリ MS6 週次進捗確認 完了 クリティカルパス上のタスク
医療法人社団 蒼樹会 みなみ野女性医療センター,data/processed/share/share/共有ドライブ/プロジェクト/医療法人社団 蒼樹会 みなみ野女性医療センター/02.計画/スケジュール.xlsx.sheets/スケジュール管理表.csv,13,T13 | T14,松本 真央 | 特徴量整理 寄与因子 | 特徴量重要度整理 鈴木,,14 フェーズ4:モデル構築・比較 T14 解釈分析・特徴量整理 寄与因子の解釈、特徴量重要度整理 鈴木 美咲、松本 真央 2025-05-01 2025-05-02 T13 解釈結果メモ MS6 - 完了 クリティカルパス上のタスク
医療法人社団 蒼樹会 みなみ野女性医療センター,data/processed/share/share/共有ドライブ/プロジェクト/医療法人社団 蒼樹会 みなみ野女性医療センター/02.計画/スケジュール.xlsx.sheets/スケジュール管理表.csv,14,T14 | T15,完了 非 | 整理 松本 | 業務活用示唆整理 分析結果,,15 フェーズ5:解釈・報告書作成 T15 業務活用示唆整理 分析結果の業務への活用示唆を整理 松本 真央 2025-05-05 2025-05-07 T14 業務活用示唆一覧 MS7 - 完了 非クリティカルだが重要
医療法人社団 蒼樹会 みなみ野女性医療センター,data/processed/share/share/共有ドライブ/プロジェクト/医療法人社団 蒼樹会 みなみ野女性医療センター/02.計画/スケジュール.xlsx.sheets/スケジュール管理表.csv,15,T14 | T15 | T16,作成 最終報告書 | 統合 松本 | 鈴木 美咲,,"16 フェーズ5:解釈・報告書作成 T16 最終報告書ドラフト作成 最終報告書ドラフトの執筆・統合 松本 真央、鈴木 美咲 2025-05-05 2025-05-09 T14, T15 最終報告書ドラフト MS7 社内レビュー 完了 クリティカルパス上のタスク"
医療法人社団 蒼樹会 みなみ野女性医療センター,data/processed/share/share/共有ドライブ/プロジェクト/医療法人社団 蒼樹会 みなみ野女性医療センター/02.計画/スケジュール.xlsx.sheets/スケジュール管理表.csv,16,T16 | T17,確認 池田,,17 フェーズ6:QA・最終化・報告 T17 QAレビュー 文書整合、数値整合、品質ゲート確認 池田 直哉 2025-05-12 2025-05-13 T16 QAレビュー記録 MS8 - 完了 CP5:QAレビュー完了。クリティカルパス上のタスク。重点監視対象。
医療法人社団 蒼樹会 みなみ野女性医療センター,data/processed/share/share/共有ドライブ/プロジェクト/医療法人社団 蒼樹会 みなみ野女性医療センター/02.計画/スケジュール.xlsx.sheets/スケジュール管理表.csv,17,T17 | T18,提出版整形 伊藤 | 松本 真央 | 鈴木 美咲,,18 フェーズ6:QA・最終化・報告 T18 リスクバッファ・軽微修正反映 QA指摘反映、軽微修正、提出版整形 伊藤 翔太、鈴木 美咲、松本 真央 2025-05-14 2025-05-14 T17 提出版成果物一式 MS8 - 完了 クリティカルパス上のタスク。最終化バッファ日。
医療法人社団 蒼樹会 みなみ野女性医療センター,data/processed/share/share/共有ドライブ/プロジェクト/医療法人社団 蒼樹会 みなみ野女性医療センター/02.計画/スケジュール.xlsx.sheets/スケジュール管理表.csv,18,T18 | T19,最終報告会 完了 | 最終報告会 最終成果物提出 | 検収対応方針合意 伊藤 | 池田 直哉 | 鈴木 美咲,,19 フェーズ6:QA・最終化・報告 T19 最終成果物提出・最終報告会 最終成果物提出、説明完了、検収対応方針合意 伊藤 翔太、鈴木 美咲、池田 直哉 2025-05-15 2025-05-15 T18 最終報告書、提出一式、最終報告会議事録 MS9 最終報告会 完了 CP6:最終成果物提出・最終報告会完了。クリティカルパス上のタスク。
医療法人社団 蒼樹会 みなみ野女性医療センター,data/processed/share/share/共有ドライブ/プロジェクト/医療法人社団 蒼樹会 みなみ野女性医療センター/02.計画/スケジュール.xlsx.sheets/スケジュール管理表.csv,19,T19 | T20,伊藤 翔太 | 支払管理 最終成果物,,"20 フェーズ6:QA・最終化・報告 T20 請求・支払管理 最終成果物の検収完了後5営業日以内の一括支払(3,960,000円税込) 伊藤 翔太、林 さくら 2025-05-15 2025-05-22 T19 支払実行記録 MS10 - 完了 CP7:一括支払期日。非クリティカルだが重要。"
医療法人社団 蒼泉会 ひがし丘総合病院,data/processed/share/share/共有ドライブ/プロジェクト/医療法人社団 蒼泉会 ひがし丘総合病院/02.計画/スケジュール.xlsx.sheets/WBS.csv,0,T01,作成 加藤,,1 フェーズ1 立上げ・要件確認 T01 プロジェクト開始準備・招集 キックオフ招集、アジェンダ作成 加藤 大輔 2025-07-08 2025-07-08 なし キックオフ招集、アジェンダ 完了
医療法人社団 蒼泉会 ひがし丘総合病院,data/processed/share/share/共有ドライブ/プロジェクト/医療法人社団 蒼泉会 ひがし丘総合病院/02.計画/スケジュール.xlsx.sheets/WBS.csv,1,T01 | T02,合意 加藤 | 実施 目的変数 | 宮本 恒一 | 議事録 完了,,2 フェーズ1 立上げ・要件確認 T02 キックオフ実施 目的変数charges定義、対象範囲、除外列id、評価指標確認。会議運営・報告ルール・医療データ取扱い留意点を合意 加藤 大輔 / 宮本 恒一 2025-07-08 2025-07-08 T01 キックオフ議事録 完了 MS1対応。クライアント会議
医療法人社団 蒼泉会 ひがし丘総合病院,data/processed/share/share/共有ドライブ/プロジェクト/医療法人社団 蒼泉会 ひがし丘総合病院/02.計画/スケジュール.xlsx.sheets/WBS.csv,2,T02 | T03,定義整合確認 斎藤,,3 フェーズ1 立上げ・要件確認 T03 対象データ・カラム定義確認 データ受領内容確認、カラム定義整合確認 斎藤 悠斗 2025-07-09 2025-07-10 T02 データ確認メモ 完了
医療法人社団 蒼泉会 ひがし丘総合病院,data/processed/share/share/共有ドライブ/プロジェクト/医療法人社団 蒼泉会 ひがし丘総合病院/02.計画/スケジュール.xlsx.sheets/WBS.csv,3,T02 | T04,分析計画書初版 完了 | 分析計画詳細化 分析計画書初版作成 | 山本 彩乃,,4 フェーズ1 立上げ・要件確認 T04 分析計画詳細化 分析計画書初版作成 山本 彩乃 2025-07-09 2025-07-11 T02 分析計画書初版 完了
医療法人社団 蒼泉会 ひがし丘総合病院,data/processed/share/share/共有ドライブ/プロジェクト/医療法人社団 蒼泉会 ひがし丘総合病院/02.計画/スケジュール.xlsx.sheets/WBS.csv,4,T02 | T05,加藤 大輔 | 整備 課題管理表初版更新 | 課題管理表初版 完了,,5 フェーズ1 立上げ・要件確認 T05 課題管理表・運営ルール整備 課題管理表初版更新 加藤 大輔 2025-07-09 2025-07-11 T02 課題管理表初版 完了
医療法人社団 蒼泉会 ひがし丘総合病院,data/processed/share/share/共有ドライブ/プロジェクト/医療法人社団 蒼泉会 ひがし丘総合病院/02.計画/スケジュール.xlsx.sheets/WBS.csv,5,T03 | T04 | T06,不均衡確認 斎藤 | 分布確認 基礎集計 | 基礎集計資料 完了 | 山本 彩乃,,"6 フェーズ2 データ理解・基礎集計 T06 基礎集計・分布確認 基礎集計、分布確認、クラス不均衡確認 斎藤 悠斗 / 山本 彩乃 2025-07-11 2025-07-15 T03, T04 基礎集計資料 完了"
医療法人社団 蒼泉会 ひがし丘総合病院,data/processed/share/share/共有ドライブ/プロジェクト/医療法人社団 蒼泉会 ひがし丘総合病院/02.計画/スケジュール.xlsx.sheets/WBS.csv,6,T06 | T07,山本 彩乃 | 評価方針整理 評価方針整理,,7 フェーズ2 データ理解・基礎集計 T07 クラス不均衡確認・評価方針整理 評価方針整理 山本 彩乃 2025-07-14 2025-07-16 T06 評価方針メモ 完了
医療法人社団 蒼泉会 ひがし丘総合病院,data/processed/share/share/共有ドライブ/プロジェクト/医療法人社団 蒼泉会 ひがし丘総合病院/02.計画/スケジュール.xlsx.sheets/WBS.csv,7,T03 | T06 | T08,前処理仕様確定 前処理仕様 | 確定 斎藤,,"8 フェーズ2 データ理解・基礎集計 T08 前処理仕様確定 前処理仕様メモ確定 斎藤 悠斗 2025-07-14 2025-07-17 T03, T06 データ前処理仕様メモ 完了"
医療法人社団 蒼泉会 ひがし丘総合病院,data/processed/share/share/共有ドライブ/プロジェクト/医療法人社団 蒼泉会 ひがし丘総合病院/02.計画/スケジュール.xlsx.sheets/WBS.csv,8,T06 | T07 | T08 | T09,山本 彩乃 | 藤田 彩,,"9 フェーズ2 データ理解・基礎集計 T09 データ理解レビュー 論点整理、データ理解完了チェックポイント 藤田 彩 / 山本 彩乃 2025-07-17 2025-07-18 T06, T07, T08 論点整理メモ 完了 MS2対応。データ理解完了チェックポイント"
医療法人社団 蒼泉会 ひがし丘総合病院,data/processed/share/share/共有ドライブ/プロジェクト/医療法人社団 蒼泉会 ひがし丘総合病院/02.計画/スケジュール.xlsx.sheets/WBS.csv,9,T07 | T08 | T10,評価 山本 | 評価結果 完了,,"10 フェーズ3 モデリング・評価 T10 ベースラインモデル構築 ベースラインモデル構築・評価 山本 彩乃 2025-07-16 2025-07-18 T07, T08 ベースライン評価結果 完了"
医療法人社団 蒼泉会 ひがし丘総合病院,data/processed/share/share/共有ドライブ/プロジェクト/医療法人社団 蒼泉会 ひがし丘総合病院/02.計画/スケジュール.xlsx.sheets/WBS.csv,10,T10 | T11,構築 比較 | 評価 山本 | 評価結果 完了,,11 フェーズ3 モデリング・評価 T11 比較モデル構築 比較モデル構築・評価 山本 彩乃 2025-07-18 2025-07-21 T10 比較モデル評価結果 完了
医療法人社団 蒼泉会 ひがし丘総合病院,data/processed/share/share/共有ドライブ/プロジェクト/医療法人社団 蒼泉会 ひがし丘総合病院/02.計画/スケジュール.xlsx.sheets/WBS.csv,11,T10 | T11 | T12,藤田 彩 | 解釈整理 山本 | 解釈整理 重要変数整理 | 重要変数整理表 完了,,"12 フェーズ3 モデリング・評価 T12 重要変数・解釈整理 重要変数整理、解釈整理 山本 彩乃 / 藤田 彩 2025-07-18 2025-07-21 T10, T11 重要変数整理表 完了"
医療法人社団 蒼泉会 ひがし丘総合病院,data/processed/share/share/共有ドライブ/プロジェクト/医療法人社団 蒼泉会 ひがし丘総合病院/02.計画/スケジュール.xlsx.sheets/WBS.csv,12,T09 | T11 | T12 | T13,中間報告資料 完了 | 中間報告資料作成 中間報告資料作成 | 藤田 彩,,"13 フェーズ3 モデリング・評価 T13 中間報告資料作成 中間報告資料作成 藤田 彩 2025-07-19 2025-07-21 T09, T11, T12 中間報告資料 完了"
医療法人社団 蒼泉会 ひがし丘総合病院,data/processed/share/share/共有ドライブ/プロジェクト/医療法人社団 蒼泉会 ひがし丘総合病院/02.計画/スケジュール.xlsx.sheets/WBS.csv,13,T13 | T14,中間報告会実施 初期 | 中間報告議事録 完了 | 山本 彩乃 | 確認 加藤,,14 フェーズ3 モデリング・評価 T14 中間報告会実施 初期モデル結果、重要変数傾向、深掘り観点を確認 加藤 大輔 / 山本 彩乃 2025-07-22 2025-07-22 T13 中間報告議事録 完了 MS3対応。クライアント会議
医療法人社団 蒼泉会 ひがし丘総合病院,data/processed/share/share/共有ドライブ/プロジェクト/医療法人社団 蒼泉会 ひがし丘総合病院/02.計画/スケジュール.xlsx.sheets/WBS.csv,14,T14 | T15,斎藤 悠斗 | 追加分析 中間指摘 | 追加分析 山本 | 追加分析結果 完了,,15 フェーズ3 モデリング・評価 T15 中間指摘反映・追加分析 中間指摘の整理と反映、追加分析 山本 彩乃 / 斎藤 悠斗 2025-07-23 2025-07-28 T14 追加分析結果 完了 リスクバッファB01期間内
医療法人社団 蒼泉会 ひがし丘総合病院,data/processed/share/share/共有ドライブ/プロジェクト/医療法人社団 蒼泉会 ひがし丘総合病院/02.計画/スケジュール.xlsx.sheets/WBS.csv,15,T14 | T16,判定 加藤 | 変更管理判定記録 完了 | 実施 追加要望 | 宮本 恒一,,16 フェーズ3 モデリング・評価 T16 変更管理チェックポイント実施 追加要望の影響範囲、納期、費用影響を判定 加藤 大輔 / 宮本 恒一 2025-07-24 2025-07-24 T14 変更管理判定記録 完了 MS4対応。追加対応は時間単価ベースで別途見積
医療法人社団 蒼泉会 ひがし丘総合病院,data/processed/share/share/共有ドライブ/プロジェクト/医療法人社団 蒼泉会 ひがし丘総合病院/02.計画/スケジュール.xlsx.sheets/WBS.csv,16,T15 | T16 | T17,確定 山本 | 確定 最終評価対象,,"17 フェーズ3 モデリング・評価 T17 最終評価対象モデル確定 最終評価対象モデル、採用指標、報告構成を確定 山本 彩乃 2025-07-28 2025-07-29 T15, T16 モデル確定メモ 完了 MS5対応。分析方針凍結"
医療法人社団 蒼泉会 ひがし丘総合病院,data/processed/share/share/共有ドライブ/プロジェクト/医療法人社団 蒼泉会 ひがし丘総合病院/02.計画/スケジュール.xlsx.sheets/WBS.csv,17,T17 | T18,制約整理 業務示唆 | 制約整理 藤田 | 示唆整理資料 完了,,18 フェーズ4 示唆整理・最終報告 T18 業務示唆・制約整理 業務示唆、価格帯セグメント定義、制約整理 藤田 彩 2025-07-29 2025-07-31 T17 示唆整理資料 完了
医療法人社団 蒼泉会 ひがし丘総合病院,data/processed/share/share/共有ドライブ/プロジェクト/医療法人社団 蒼泉会 ひがし丘総合病院/02.計画/スケジュール.xlsx.sheets/WBS.csv,18,T17 | T18 | T19,山本 彩乃 | 最終報告書作成 最終報告書作成 | 最終報告書案 完了 | 藤田 彩,,"19 フェーズ4 示唆整理・最終報告 T19 最終報告書作成 最終報告書作成 藤田 彩 / 山本 彩乃 2025-07-30 2025-08-01 T17, T18 最終報告書案 完了"
医療法人社団 蒼泉会 ひがし丘総合病院,data/processed/share/share/共有ドライブ/プロジェクト/医療法人社団 蒼泉会 ひがし丘総合病院/02.計画/スケジュール.xlsx.sheets/WBS.csv,19,T19 | T20,報告資料確定 池田 | 記録 完了,,20 フェーズ4 示唆整理・最終報告 T20 QAレビュー・整合性確認 QAレビュー完了、整合性確認完了、報告資料確定 池田 直哉 2025-08-01 2025-08-01 T19 QAレビュー記録 完了 MS6対応。最終成果物内部承認
医療法人社団 蒼泉会 ひがし丘総合病院,data/processed/share/share/共有ドライブ/プロジェクト/医療法人社団 蒼泉会 ひがし丘総合病院/02.計画/スケジュール.xlsx.sheets/WBS.csv,20,T20 | T21,加藤 大輔 | 最終報告会準備 最終報告会資料一式準備 | 最終報告会資料一式 完了,,21 フェーズ4 示唆整理・最終報告 T21 最終報告会準備 最終報告会資料一式準備 加藤 大輔 2025-08-04 2025-08-04 T20 最終報告会資料一式 完了
医療法人社団 蒼泉会 ひがし丘総合病院,data/processed/share/share/共有ドライブ/プロジェクト/医療法人社団 蒼泉会 ひがし丘総合病院/02.計画/スケジュール.xlsx.sheets/WBS.csv,21,T21 | T22,候補整理 加藤 | 山本 彩乃 | 最終報告会実施 最終成果物提出 | 最終報告議事録 完了 | 藤田 彩,,22 フェーズ4 示唆整理・最終報告 T22 最終報告会実施 最終成果物提出、説明完了、次フェーズ候補整理 加藤 大輔 / 山本 彩乃 / 藤田 彩 2025-08-05 2025-08-05 T21 最終報告議事録 完了 MS7対応。クライアント会議
医療法人社団 蒼泉会 ひがし丘総合病院,data/processed/share/share/共有ドライブ/プロジェクト/医療法人社団 蒼泉会 ひがし丘総合病院/02.計画/スケジュール.xlsx.sheets/WBS.csv,22,T22 | T23,処理 納品一式 | 記録 加藤 | 記録 完了,,23 フェーズ4 示唆整理・最終報告 T23 成果物納品・クローズ処理 納品一式、クローズ記録 加藤 大輔 2025-08-05 2025-08-05 T22 納品一式、クローズ記録 完了
医療法人社団 蒼泉会 ひがし丘総合病院,data/processed/share/share/共有ドライブ/プロジェクト/医療法人社団 蒼泉会 ひがし丘総合病院/02.計画/スケジュール.xlsx.sheets/WBS.csv,23,T02 | T24,加藤 大輔 | 宮本 恒一 | 支払管理 支払条件 | 支払管理記録 完了,,"24 支払管理 T24 第1回実績精算請求・支払管理 支払条件:当月分タイムシート確定後、請求書受領から5営業日以内。金額(税込):4,675,000円 加藤 大輔 / 宮本 恒一 2025-07-08 2025-08-13 T02 請求・支払管理記録 完了 MS8対応。支払期日:2025-08-13"
医療法人社団 蒼泉会 ひがし丘総合病院,data/processed/share/share/共有ドライブ/プロジェクト/医療法人社団 蒼泉会 ひがし丘総合病院/02.計画/スケジュール.xlsx.sheets/WBS.csv,24,T20 | T25,再調整記録 完了 | 山本 彩乃 | 消化期間 吸収済 | 納品形式調整 加藤,,25 リスク管理 T25 リスクバッファ消化期間 吸収済み差分、再調整記録。QA指摘反映、表現修正、納品形式調整 加藤 大輔 / 山本 彩乃 2025-08-04 2025-08-05 T20 吸収済み差分、再調整記録 完了 リスクバッファB02
医療法人社団 蒼泉会 ひがし丘総合病院,data/processed/share/share/共有ドライブ/プロジェクト/医療法人社団 蒼泉会 ひがし丘総合病院/02.計画/スケジュール.xlsx.sheets/リソース配分.csv,1,,主担当工程 関与率 | 役割 氏名,,役割 氏名 主担当工程 関与率の目安
医療法人社団 蒼泉会 ひがし丘総合病院,data/processed/share/share/共有ドライブ/プロジェクト/医療法人社団 蒼泉会 ひがし丘総合病院/02.計画/スケジュール.xlsx.sheets/リソース配分.csv,8,,主担当 宮本 | 恒一 要件確認 | 意思決定 中,,クライアント主担当 宮本 恒一 要件確認、レビュー、支払承認、意思決定 中
医療法人社団 蒼泉会 ひがし丘総合病院,data/processed/share/share/共有ドライブ/プロジェクト/医療法人社団 蒼泉会 ひがし丘総合病院/02.計画/スケジュール.xlsx.sheets/リソース配分.csv,12,,参画 参照 | 参画 参画 | 要件確認 主担当,,立上げ・要件確認 主担当 参画 参画 参画 参照 主担当
医療法人社団 蒼泉会 ひがし丘総合病院,data/processed/share/share/共有ドライブ/プロジェクト/医療法人社団 蒼泉会 ひがし丘総合病院/02.計画/スケジュール.xlsx.sheets/リソース配分.csv,13,,主担当 主担当 | 参画 参照 | 基礎集計 管理,,データ理解・基礎集計 管理 主担当 主担当 参画 参照 レビュー
医療法人社団 蒼泉会 ひがし丘総合病院,data/processed/share/share/共有ドライブ/プロジェクト/医療法人社団 蒼泉会 ひがし丘総合病院/02.計画/スケジュール.xlsx.sheets/リソース配分.csv,14,,主担当 参画 | 参画 参照 | 評価 管理,,モデリング・評価 管理 主担当 参画 参画 参照 レビュー
医療法人社団 蒼泉会 ひがし丘総合病院,data/processed/share/share/共有ドライブ/プロジェクト/医療法人社団 蒼泉会 ひがし丘総合病院/02.計画/スケジュール.xlsx.sheets/リソース配分.csv,15,,中間報告後調整 管理 | 主担当 参画 | 参画 参照,,中間報告後調整 管理 主担当 参画 参画 参照 意思決定
医療法人社団 蒼泉会 ひがし丘総合病院,data/processed/share/share/共有ドライブ/プロジェクト/医療法人社団 蒼泉会 ひがし丘総合病院/02.計画/スケジュール.xlsx.sheets/リソース配分.csv,16,,主担当 主担当 | 主担当 参画 | 最終報告作成 管理,,最終報告作成 管理 主担当 参画 主担当 主担当 レビュー
医療法人社団 蒼泉会 ひがし丘総合病院,data/processed/share/share/共有ドライブ/プロジェクト/医療法人社団 蒼泉会 ひがし丘総合病院/02.計画/スケジュール.xlsx.sheets/リソース配分.csv,17,,主担当 参照 | 最終報告会 主担当,,最終報告会 主担当 主担当 参照 主担当 参照 主担当
医療法人社団 蒼泉会 ひがし丘総合病院,data/processed/share/share/共有ドライブ/プロジェクト/医療法人社団 蒼泉会 ひがし丘総合病院/02.計画/スケジュール.xlsx.sheets/リソース配分.csv,19,,,,■ 工数運用前提
医療法人社団 蒼泉会 ひがし丘総合病院,data/processed/share/share/共有ドライブ/プロジェクト/医療法人社団 蒼泉会 ひがし丘総合病院/02.計画/スケジュール.xlsx.sheets/リソース配分.csv,21,,,170.0,想定総工数 170時間
医療法人社団 蒼泉会 ひがし丘総合病院,data/processed/share/share/共有ドライブ/プロジェクト/医療法人社団 蒼泉会 ひがし丘総合病院/02.計画/スケジュール.xlsx.sheets/リソース配分.csv,25,,精算方針 実績工数,,精算方針 実績工数に基づく事後精算(月次精算)
株式会社東都人材プラットフォーム,data/processed/share/share/共有ドライブ/プロジェクト/株式会社東都人材プラットフォーム/02.計画/スケジュール.xlsx.sheets/スケジュール.csv,9,T01,藤田 彩 | 資料作成 佐藤,,10 タスク 1. 立上げ・計画確定 T01 プロジェクト立上げ・キックオフ準備 キックオフ資料作成 佐藤 健一、藤田 彩 2025-08-18 2025-08-18 - 完了
株式会社東都人材プラットフォーム,data/processed/share/share/共有ドライブ/プロジェクト/株式会社東都人材プラットフォーム/02.計画/スケジュール.xlsx.sheets/スケジュール.csv,10,T01 | T02,完了 議事録反映期限 | 石川 直樹 | 配布 佐藤,,11 タスク 1. 立上げ・計画確定 T02 キックオフ会議実施(M01) キックオフ議事録作成・配布 佐藤 健一、石川 直樹 2025-08-18 2025-08-18 T01 完了 議事録反映期限: 2025-08-19
株式会社東都人材プラットフォーム,data/processed/share/share/共有ドライブ/プロジェクト/株式会社東都人材プラットフォーム/02.計画/スケジュール.xlsx.sheets/スケジュール.csv,11,T02 | T03,分析計画書初版作成 分析計画書初版 | 渡辺 遥 | 藤田 彩,,12 タスク 1. 立上げ・計画確定 T03 分析計画書初版作成 分析計画書初版 渡辺 遥、藤田 彩 2025-08-19 2025-08-21 T02 完了
株式会社東都人材プラットフォーム,data/processed/share/share/共有ドライブ/プロジェクト/株式会社東都人材プラットフォーム/02.計画/スケジュール.xlsx.sheets/スケジュール.csv,12,T02 | T04,完了 対象 | 斎藤 悠斗 | 読込確認 環境設定記録,,13 タスク 1. 立上げ・計画確定 T04 分析環境準備・データ読込確認 環境設定記録、読込確認メモ 斎藤 悠斗 2025-08-19 2025-08-21 T02 完了 対象データ: data\train.csv
株式会社東都人材プラットフォーム,data/processed/share/share/共有ドライブ/プロジェクト/株式会社東都人材プラットフォーム/02.計画/スケジュール.xlsx.sheets/スケジュール.csv,13,T03 | T04 | T05,完了 立上 | 進捗管理台帳 佐藤,,"14 タスク 1. 立上げ・計画確定 T05 WBS・進捗管理台帳確定 WBS確定版、進捗管理台帳 佐藤 健一 2025-08-20 2025-08-22 T03, T04 完了 立上げ完了チェックポイント: 2025-08-22"
株式会社東都人材プラットフォーム,data/processed/share/share/共有ドライブ/プロジェクト/株式会社東都人材プラットフォーム/02.計画/スケジュール.xlsx.sheets/スケジュール.csv,14,T05 | T06,斎藤 悠斗 | 渡辺 遥,,15 タスク 2. データ理解・EDA T06 データ棚卸し・品質確認 データ棚卸しメモ 斎藤 悠斗、渡辺 遥 2025-08-25 2025-08-27 T05 完了
株式会社東都人材プラットフォーム,data/processed/share/share/共有ドライブ/プロジェクト/株式会社東都人材プラットフォーム/02.計画/スケジュール.xlsx.sheets/スケジュール.csv,15,T05 | T07,斎藤 悠斗 | 論点一覧 渡辺,,16 タスク 2. データ理解・EDA T07 欠損・カテゴリ分布・EDA実施 EDA結果、分布集計、論点一覧 渡辺 遥、斎藤 悠斗 2025-08-25 2025-08-29 T05 完了 Major欠損112件、Experience欠損55件の処理候補整理。クリティカルパス上のタスク
株式会社東都人材プラットフォーム,data/processed/share/share/共有ドライブ/プロジェクト/株式会社東都人材プラットフォーム/02.計画/スケジュール.xlsx.sheets/スケジュール.csv,16,T06 | T07 | T08,藤田 彩 | 解釈注意点整理 業務論点,,"17 タスク 2. データ理解・EDA T08 業務論点整理・解釈注意点整理 業務論点メモ 藤田 彩 2025-08-27 2025-08-29 T06, T07 完了 target分布、Country、Profession、Industry偏在確認"
株式会社東都人材プラットフォーム,data/processed/share/share/共有ドライブ/プロジェクト/株式会社東都人材プラットフォーム/02.計画/スケジュール.xlsx.sheets/スケジュール.csv,17,T07 | T08 | T09,前処理方針設計 前処理方針書 | 斎藤 悠斗 | 渡辺 遥,,"18 タスク 3. 前処理設計・初期モデル T09 前処理方針設計 前処理方針書 渡辺 遥、斎藤 悠斗 2025-09-01 2025-09-03 T07, T08 完了 クリティカルパス上のタスク"
株式会社東都人材プラットフォーム,data/processed/share/share/共有ドライブ/プロジェクト/株式会社東都人材プラットフォーム/02.計画/スケジュール.xlsx.sheets/スケジュール.csv,18,T07 | T10,初期評価 初期評価結果 | 渡辺 遥,,19 タスク 3. 前処理設計・初期モデル T10 ベースラインモデル構築・初期評価 初期評価結果 渡辺 遥 2025-09-01 2025-09-04 T07 完了 クリティカルパス上のタスク。目的変数: target
株式会社東都人材プラットフォーム,data/processed/share/share/共有ドライブ/プロジェクト/株式会社東都人材プラットフォーム/02.計画/スケジュール.xlsx.sheets/スケジュール.csv,19,T09 | T10 | T11,初期確認 属性別確認 | 渡辺 遥 | 藤田 彩,,"20 タスク 3. 前処理設計・初期モデル T11 公平性観点の初期確認 属性別確認メモ 渡辺 遥、藤田 彩 2025-09-03 2025-09-05 T09, T10 完了"
株式会社東都人材プラットフォーム,data/processed/share/share/共有ドライブ/プロジェクト/株式会社東都人材プラットフォーム/02.計画/スケジュール.xlsx.sheets/スケジュール.csv,20,T09 | T10 | T11 | T12,中間報告資料作成 中間報告書 | 完了 中間報告資料完成 | 渡辺 遥 | 藤田 彩,,"21 タスク 3. 前処理設計・初期モデル T12 中間報告資料作成 中間報告書 藤田 彩、渡辺 遥 2025-09-04 2025-09-05 T09, T10, T11 完了 中間報告資料完成チェックポイント: 2025-09-05"
株式会社東都人材プラットフォーム,data/processed/share/share/共有ドライブ/プロジェクト/株式会社東都人材プラットフォーム/02.計画/スケジュール.xlsx.sheets/スケジュール.csv,21,T12 | T13,決定事項一覧 佐藤 | 石川 直樹,,22 タスク 4. 中間報告・変更管理・改善 T13 中間報告会議実施(M02) 中間報告議事録、決定事項一覧 佐藤 健一、石川 直樹 2025-09-08 2025-09-08 T12 完了 クリティカルパス上のタスク。議事録反映期限: 2025-09-09。会議固定日程
株式会社東都人材プラットフォーム,data/processed/share/share/共有ドライブ/プロジェクト/株式会社東都人材プラットフォーム/02.計画/スケジュール.xlsx.sheets/スケジュール.csv,22,T13 | T14,再計画判定 変更管理記録 | 再計画判定表 佐藤 | 高橋 亮,,23 タスク 4. 中間報告・変更管理・改善 T14 変更管理評価・再計画判定 変更管理記録、再計画判定表 佐藤 健一、高橋 亮 2025-09-09 2025-09-09 T13 完了 クリティカルパス上のタスク。中間報告後の変更管理ゲート
株式会社東都人材プラットフォーム,data/processed/share/share/共有ドライブ/プロジェクト/株式会社東都人材プラットフォーム/02.計画/スケジュール.xlsx.sheets/スケジュール.csv,23,T14 | T15,解釈整理資料 渡辺 | 説明性整理 改善版評価結果,,24 タスク 4. 中間報告・変更管理・改善 T15 モデル改善・説明性整理 改善版評価結果、解釈整理資料 渡辺 遥 2025-09-09 2025-09-12 T14 完了 クリティカルパス上のタスク
株式会社東都人材プラットフォーム,data/processed/share/share/共有ドライブ/プロジェクト/株式会社東都人材プラットフォーム/02.計画/スケジュール.xlsx.sheets/スケジュール.csv,24,T15 | T16,渡辺 遥 | 示唆整理 可視化図表 | 藤田 彩,,25 タスク 4. 中間報告・変更管理・改善 T16 可視化・示唆整理 可視化図表、示唆整理メモ 藤田 彩、渡辺 遥 2025-09-10 2025-09-16 T15 完了 クリティカルパス上のタスク
株式会社東都人材プラットフォーム,data/processed/share/share/共有ドライブ/プロジェクト/株式会社東都人材プラットフォーム/02.計画/スケジュール.xlsx.sheets/スケジュール.csv,25,T16 | T17,作成 最終報告書 | 渡辺 遥 | 藤田 彩,,26 タスク 5. 最終化・QA・納品準備 T17 最終報告書ドラフト作成 最終報告書ドラフト 藤田 彩、渡辺 遥 2025-09-15 2025-09-19 T16 完了 クリティカルパス上のタスク
株式会社東都人材プラットフォーム,data/processed/share/share/共有ドライブ/プロジェクト/株式会社東都人材プラットフォーム/02.計画/スケジュール.xlsx.sheets/スケジュール.csv,26,T17 | T18,指摘一覧 清水,,27 タスク 5. 最終化・QA・納品準備 T18 QAレビュー・整合性確認 QAレビュー記録、指摘一覧 清水 麻衣 2025-09-18 2025-09-22 T17 完了 クリティカルパス上のタスク。最終成果物ドラフト完成チェックポイント: 2025-09-19
株式会社東都人材プラットフォーム,data/processed/share/share/共有ドライブ/プロジェクト/株式会社東都人材プラットフォーム/02.計画/スケジュール.xlsx.sheets/スケジュール.csv,27,T18 | T19,分析成果物一式 佐藤 | 完了 納品版凍結 | 最終成果物一式確定 最終報告書 | 清水 麻衣 | 渡辺 遥,,28 タスク 5. 最終化・QA・納品準備 T19 最終成果物一式確定 最終報告書、分析成果物一式 佐藤 健一、渡辺 遥、清水 麻衣 2025-09-22 2025-09-24 T18 完了 納品版凍結チェックポイント: 2025-09-24
株式会社東都人材プラットフォーム,data/processed/share/share/共有ドライブ/プロジェクト/株式会社東都人材プラットフォーム/02.計画/スケジュール.xlsx.sheets/スケジュール.csv,28,T19 | T20,期間 吸収済 | 課題反映版 全体,,29 タスク 5. 最終化・QA・納品準備 T20 リスクバッファ期間 吸収済み課題反映版 全体 2025-09-25 2025-09-25 T19 完了 クリティカルパス上のタスク。全体バッファ日
株式会社東都人材プラットフォーム,data/processed/share/share/共有ドライブ/プロジェクト/株式会社東都人材プラットフォーム/02.計画/スケジュール.xlsx.sheets/スケジュール.csv,29,T20 | T21,受領確認 佐藤 | 石川 直樹 | 高橋 亮,,30 タスク 6. 最終報告・クローズ T21 最終報告会議実施(M03) 最終報告議事録、受領確認 佐藤 健一、石川 直樹、高橋 亮 2025-09-26 2025-09-26 T20 完了 クリティカルパス上のタスク。会議固定日程。議事録反映期限: 2025-09-29
株式会社東都人材プラットフォーム,data/processed/share/share/共有ドライブ/プロジェクト/株式会社東都人材プラットフォーム/02.計画/スケジュール.xlsx.sheets/スケジュール.csv,30,T21 | T22,佐藤 健一 | 完了 契約期間最終日 | 検収準備 検収補足 | 藤田 彩,,31 タスク 6. 最終報告・クローズ T22 納品後質問対応・検収準備 検収補足メモ、納品ログ 藤田 彩、佐藤 健一 2025-09-29 2025-09-29 T21 完了 契約期間最終日。納品後軽微対応バッファ
株式会社東都人材プラットフォーム,data/processed/share/share/共有ドライブ/プロジェクト/株式会社東都人材プラットフォーム/02.計画/スケジュール.xlsx.sheets/スケジュール.csv,31,T21 | T23,佐藤 健一 | 完了 最終一括精算 | 最終一括精算管理 支払確認記録 | 石川 直樹,,"32 タスク 7. 支払・クローズ処理 T23 支払関連確認・最終一括精算管理 支払確認記録 佐藤 健一、石川 直樹 2025-09-26 2025-10-03 T21 完了 最終一括精算 100% 税込4,675,000円。支払条件: 検収完了後5営業日以内、期日通り完了"
株式会社青嶺不動産アセットマネジメント,data/processed/share/share/共有ドライブ/プロジェクト/株式会社青嶺不動産アセットマネジメント/02.計画/スケジュール_r1.xlsx.sheets/スケジュール.csv,2,,成果物 開始日 | 終了日 担当者,,No. タスクID 依存タスク ステータス フェーズ タスク名 詳細・内容 クリティカルパス マイルストーン チェックポイント 成果物 開始日 終了日 担当者 備考
株式会社青嶺不動産アセットマネジメント,data/processed/share/share/共有ドライブ/プロジェクト/株式会社青嶺不動産アセットマネジメント/02.計画/スケジュール_r1.xlsx.sheets/スケジュール.csv,3,T01,佐藤 健一 | 前田 美咲,,1 T01 - 未着手 P1 立上げ・前提固定 プロジェクトキックオフ実施 スコープ、対象データ(data\train.csv)、目的変数(SALE PRICE)、役割分担、会議運営を確認。議事メモ即日配布 ○ MS1: キックオフ完了・前提固定 CP1: キックオフ完了確認 キックオフ議事メモ 2025-08-06 00:00:00 2025-08-06 00:00:00 佐藤 健一 M01 キックオフ会議(クライアント窓口: 前田 美咲 部長)
株式会社青嶺不動産アセットマネジメント,data/processed/share/share/共有ドライブ/プロジェクト/株式会社青嶺不動産アセットマネジメント/02.計画/スケジュール_r1.xlsx.sheets/スケジュール.csv,4,T01 | T02,佐藤 健一 | 前提固定 正本前提 | 役割分担確定 正本前提整理 | 藤田 彩,,2 T02 T01 未着手 P1 立上げ・前提固定 正本前提・スコープ・役割分担確定 正本前提整理、スコープ確定、役割分担の文書化 前提確定メモ 2025-08-06 00:00:00 2025-08-07 00:00:00 佐藤 健一 / 藤田 彩
株式会社青嶺不動産アセットマネジメント,data/processed/share/share/共有ドライブ/プロジェクト/株式会社青嶺不動産アセットマネジメント/02.計画/スケジュール_r1.xlsx.sheets/スケジュール.csv,5,T01 | T03,岡田 佑樹,,3 T03 T01 未着手 P1 立上げ・前提固定 データ受領確認・読込検証 data\train.csv の受領確認および読込検証 ○ 読込確認結果 2025-08-06 00:00:00 2025-08-08 00:00:00 岡田 佑樹
株式会社青嶺不動産アセットマネジメント,data/processed/share/share/共有ドライブ/プロジェクト/株式会社青嶺不動産アセットマネジメント/02.計画/スケジュール_r1.xlsx.sheets/スケジュール.csv,6,T03 | T04,岡田 佑樹 | 渡辺 遥,,4 T04 T03 未着手 P1 立上げ・前提固定 カラム定義・型・利用方針整理 カラム定義、データ型、利用方針の整理。利用不可候補項目の整理を含む ○ 分析計画メモ下書き 2025-08-07 00:00:00 2025-08-11 00:00:00 渡辺 遥 / 岡田 佑樹
株式会社青嶺不動産アセットマネジメント,data/processed/share/share/共有ドライブ/プロジェクト/株式会社青嶺不動産アセットマネジメント/02.計画/スケジュール_r1.xlsx.sheets/スケジュール.csv,7,T02 | T04 | T05,前提固定 分析計画 | 小林 直樹 | 承認 分析計画 | 藤田 彩,,"5 T05 T02, T04 未着手 P1 立上げ・前提固定 分析計画メモ/実施方針書作成・内部承認 カラム利用方針、品質点検観点、進め方を文書化。内部レビューで確定 MS2: 分析計画メモ/実施方針書確定 CP2: 分析計画メモ承認 分析計画メモ/実施方針書 2025-08-08 00:00:00 2025-08-12 00:00:00 藤田 彩 / 小林 直樹 2025-08-12 内部レビュー実施"
株式会社青嶺不動産アセットマネジメント,data/processed/share/share/共有ドライブ/プロジェクト/株式会社青嶺不動産アセットマネジメント/02.計画/スケジュール_r1.xlsx.sheets/スケジュール.csv,8,T04 | T06,初期点検 欠損値 | 品質評価 欠損 | 岡田 佑樹,,6 T06 T04 未着手 P2 データ理解・品質評価 欠損・ゼロ値・異常値の初期点検 欠損値、ゼロ値、異常値の網羅的な初期点検 ○ 品質点検結果一覧 2025-08-11 00:00:00 2025-08-15 00:00:00 岡田 佑樹
株式会社青嶺不動産アセットマネジメント,data/processed/share/share/共有ドライブ/プロジェクト/株式会社青嶺不動産アセットマネジメント/02.計画/スケジュール_r1.xlsx.sheets/スケジュール.csv,9,T04 | T07,岡田 佑樹 | 渡辺 遥,,7 T07 T04 未着手 P2 データ理解・品質評価 BBL観点の重複・粒度確認 BBL(Borough-Block-Lot)観点での重複確認および粒度の検証 重複確認メモ 2025-08-13 00:00:00 2025-08-18 00:00:00 岡田 佑樹 / 渡辺 遥
株式会社青嶺不動産アセットマネジメント,data/processed/share/share/共有ドライブ/プロジェクト/株式会社青嶺不動産アセットマネジメント/02.計画/スケジュール_r1.xlsx.sheets/スケジュール.csv,10,T06 | T07 | T08,品質評価 品質課題整理 | 品質評価完了確認 前処理 | 案作成 品質課題 | 渡辺 遥,,"8 T08 T06, T07 未着手 P2 データ理解・品質評価 品質課題整理と前処理ルール案作成 品質課題の整理および前処理ルール案の作成 ○ MS3: データ品質評価完了 CP3: 品質評価完了確認 前処理ルール案 2025-08-16 00:00:00 2025-08-21 00:00:00 渡辺 遥 分析バッファ: 2025-08-21〜08-22"
株式会社青嶺不動産アセットマネジメント,data/processed/share/share/共有ドライブ/プロジェクト/株式会社青嶺不動産アセットマネジメント/02.計画/スケジュール_r1.xlsx.sheets/スケジュール.csv,11,T06 | T07 | T09,中間報告 探索的分析実施 | 渡辺 遥 | 藤田 彩,,"9 T09 T06, T07 未着手 P3 探索的分析・中間報告 探索的分析実施 SALE PRICE分布確認、BOROUGH・NEIGHBORHOOD・建物分類別比較、欠損有無による価格偏り分析 EDA図表一式 2025-08-18 00:00:00 2025-08-24 00:00:00 渡辺 遥 / 藤田 彩 立地起因の偏りをEDAで確認"
株式会社青嶺不動産アセットマネジメント,data/processed/share/share/共有ドライブ/プロジェクト/株式会社青嶺不動産アセットマネジメント/02.計画/スケジュール_r1.xlsx.sheets/スケジュール.csv,12,T08 | T09 | T10,中間報告 中間報告書作成 | 小林 直樹 | 藤田 彩,,"10 T10 T08, T09 未着手 P3 探索的分析・中間報告 中間報告書作成・内部レビュー 前処理ルール案、分析データセット化方針、モデリング継続条件を含む中間報告書の作成 ○ 中間報告書 2025-08-21 00:00:00 2025-08-25 00:00:00 藤田 彩 / 小林 直樹 2025-08-22 内部レビュー実施"
株式会社青嶺不動産アセットマネジメント,data/processed/share/share/共有ドライブ/プロジェクト/株式会社青嶺不動産アセットマネジメント/02.計画/スケジュール_r1.xlsx.sheets/スケジュール.csv,13,T10 | T11,中間報告 中間報告会実施 | 中間報告承認 中間報告議事 | 佐藤 健一 | 前田 美咲 | 渡辺 遥,,11 T11 T10 未着手 P3 探索的分析・中間報告 中間報告会実施 前処理ルール案、分析データセット化方針、モデリング継続条件の承認を取得 ○ MS4: 中間報告承認 CP4: 中間報告承認 中間報告議事メモ 2025-08-26 00:00:00 2025-08-26 00:00:00 佐藤 健一 / 渡辺 遥 M02 中間報告会議(クライアント窓口: 前田 美咲 部長)
株式会社青嶺不動産アセットマネジメント,data/processed/share/share/共有ドライブ/プロジェクト/株式会社青嶺不動産アセットマネジメント/02.計画/スケジュール_r1.xlsx.sheets/スケジュール.csv,14,T11 | T12,佐藤 健一,,12 T12 T11 未着手 P4 初期モデリング 変更管理チェックポイント1 中間報告後のスコープ・工数・納期影響を確認。追加要求の影響工数を明示 CP5: 変更管理チェックポイント1 変更管理記録 2025-08-27 00:00:00 2025-08-27 00:00:00 佐藤 健一
株式会社青嶺不動産アセットマネジメント,data/processed/share/share/共有ドライブ/プロジェクト/株式会社青嶺不動産アセットマネジメント/02.計画/スケジュール_r1.xlsx.sheets/スケジュール.csv,15,T11 | T13,岡田 佑樹,,13 T13 T11 未着手 P4 初期モデリング 分析データセット作成 モデリング用分析データセット v1 の作成 ○ モデリング用分析データセット v1 2025-08-27 00:00:00 2025-08-29 00:00:00 岡田 佑樹
株式会社青嶺不動産アセットマネジメント,data/processed/share/share/共有ドライブ/プロジェクト/株式会社青嶺不動産アセットマネジメント/02.計画/スケジュール_r1.xlsx.sheets/スケジュール.csv,16,T13 | T14,構築 特徴量設計 | 渡辺 遥,,14 T14 T13 未着手 P4 初期モデリング 特徴量設計・ベースラインモデル構築 特徴量設計およびベースラインモデルの構築。高カーディナリティによる過学習リスクに注意 ○ ベースラインモデル結果 2025-08-30 00:00:00 2025-09-03 00:00:00 渡辺 遥 モデリングバッファ: 2025-09-04〜09-05
株式会社青嶺不動産アセットマネジメント,data/processed/share/share/共有ドライブ/プロジェクト/株式会社青嶺不動産アセットマネジメント/02.計画/スケジュール_r1.xlsx.sheets/スケジュール.csv,17,T14 | T15,渡辺 遥 | 重要特徴量整理 初期,,15 T15 T14 未着手 P4 初期モデリング モデル評価・重要特徴量整理 初期モデル評価結果、重要特徴量、制約事項の整理。立地起因の偏りをモデル解釈で確認 ○ MS5: ベースラインモデル評価完了 CP6: モデル評価完了確認 モデル評価サマリ 2025-09-03 00:00:00 2025-09-05 00:00:00 渡辺 遥 2025-09-05 週次定例実施
株式会社青嶺不動産アセットマネジメント,data/processed/share/share/共有ドライブ/プロジェクト/株式会社青嶺不動産アセットマネジメント/02.計画/スケジュール_r1.xlsx.sheets/スケジュール.csv,18,T15 | T16,整理 業務示唆 | 最終報告準備 業務示唆 | 藤田 彩,,16 T16 T15 未着手 P5 解釈・示唆整理・最終報告準備 業務示唆・活用シナリオ整理 業務示唆、限界、拡張案の整理。市場サイクル情報欠落の前提を明記 示唆整理メモ 2025-09-04 00:00:00 2025-09-09 00:00:00 藤田 彩
株式会社青嶺不動産アセットマネジメント,data/processed/share/share/共有ドライブ/プロジェクト/株式会社青嶺不動産アセットマネジメント/02.計画/スケジュール_r1.xlsx.sheets/スケジュール.csv,19,T15 | T16 | T17,作成 業務示唆 | 最終報告準備 最終報告書 | 渡辺 遥 | 藤田 彩,,"17 T17 T15, T16 未着手 P5 解釈・示唆整理・最終報告準備 最終報告書ドラフト作成 業務示唆、限界、拡張案を含む最終報告書ドラフトの作成 ○ 最終報告書ドラフト 2025-09-08 00:00:00 2025-09-11 00:00:00 藤田 彩 / 渡辺 遥"
株式会社青嶺不動産アセットマネジメント,data/processed/share/share/共有ドライブ/プロジェクト/株式会社青嶺不動産アセットマネジメント/02.計画/スケジュール_r1.xlsx.sheets/スケジュール.csv,20,T17 | T18,小林 直樹 | 整合性確認 成果物整合性確認,,18 T18 T17 未着手 P5 解釈・示唆整理・最終報告準備 QAレビュー・整合性確認 成果物整合性確認、正本定義との突合、表現統一。文書間不整合チェック ○ MS6: 最終報告書ドラフト確定 CP7: 最終報告書ドラフト品質ゲート QAレビュー記録 2025-09-11 00:00:00 2025-09-12 00:00:00 小林 直樹 2025-09-12 内部品質ゲート / 変更管理CP2
株式会社青嶺不動産アセットマネジメント,data/processed/share/share/共有ドライブ/プロジェクト/株式会社青嶺不動産アセットマネジメント/02.計画/スケジュール_r1.xlsx.sheets/スケジュール.csv,21,T15 | T17 | T18 | T19,佐藤 健一 | 全員 最終化,,"19 T19 T15, T17, T18 未着手 P5 解釈・示唆整理・最終報告準備 リスクバッファ対応期間 QA指摘反映、再分析、図表差替え、表現調整、最終報告資料差替え 修正版成果物 2025-09-10 00:00:00 2025-09-15 00:00:00 佐藤 健一 / 全員 最終化バッファ: 2025-09-10〜09-15"
株式会社青嶺不動産アセットマネジメント,data/processed/share/share/共有ドライブ/プロジェクト/株式会社青嶺不動産アセットマネジメント/02.計画/スケジュール_r1.xlsx.sheets/スケジュール.csv,22,T18 | T19 | T20,佐藤 健一 | 前田 美咲 | 承認判断 最終報告書 | 渡辺 遥 | 精算管理 最終報告会実施 | 藤田 彩,,"20 T20 T18, T19 未着手 P6 最終報告・検収・精算管理 最終報告会実施 最終成果物説明、承認判断材料提示 ○ MS7: 最終報告会完了 CP8: 最終報告・承認判断 最終報告書、最終報告議事メモ 2025-09-16 00:00:00 2025-09-16 00:00:00 佐藤 健一 / 渡辺 遥 / 藤田 彩 M03 最終報告会議(クライアント窓口: 前田 美咲 部長)"
株式会社青嶺不動産アセットマネジメント,data/processed/share/share/共有ドライブ/プロジェクト/株式会社青嶺不動産アセットマネジメント/02.計画/スケジュール_r1.xlsx.sheets/スケジュール.csv,23,T20 | T21,佐藤 健一 | 成果物最終納品 検収確認 | 精算管理 検収確認,,21 T21 T20 未着手 P6 最終報告・検収・精算管理 検収確認・成果物最終納品 検収確認および成果物の最終納品 ○ 納品記録 2025-09-17 00:00:00 2025-09-17 00:00:00 佐藤 健一
株式会社青嶺不動産アセットマネジメント,data/processed/share/share/共有ドライブ/プロジェクト/株式会社青嶺不動産アセットマネジメント/02.計画/スケジュール_r1.xlsx.sheets/スケジュール.csv,24,T21 | T22,佐藤 健一 | 最終一括精算支払期日 請求書 | 最終一括精算管理 請求処理 | 管理部門 支払期日 | 精算管理 請求処理,,"22 T22 T21 未着手 P6 最終報告・検収・精算管理 請求処理・最終一括精算管理 請求処理および最終一括精算管理。金額: 4,675,000円(税込:見積)、支払条件: 検収完了後5営業日以内 MS8: 支払処理期限 CP9: 最終一括精算支払期日 請求書、支払管理記録 2025-09-17 00:00:00 2025-09-23 00:00:00 佐藤 健一 / 管理部門 支払期日: 2025-09-23"
株式会社青嶺不動産アセットマネジメント,data/processed/share/share/共有ドライブ/プロジェクト/株式会社青嶺不動産アセットマネジメント/02.計画/スケジュール_r2.xlsx.sheets/スケジュール.csv,0,T01,前田 美咲 | 即日配布 佐藤,,1.0 P1 立上げ・前提固定 T01 プロジェクトキックオフ実施 スコープ、対象データ(data\train.csv)、目的変数(SALE PRICE)、役割分担、会議運営を確認。議事メモ即日配布 佐藤 健一 2025-08-06 2025-08-06 - キックオフ議事メモ 完了 ○ MS1: キックオフ完了・前提固定 CP1: キックオフ完了確認 M01 キックオフ会議(クライアント窓口: 前田 美咲 部長)
株式会社青嶺不動産アセットマネジメント,data/processed/share/share/共有ドライブ/プロジェクト/株式会社青嶺不動産アセットマネジメント/02.計画/スケジュール_r2.xlsx.sheets/スケジュール.csv,1,T01 | T02,役割分担確定 正本前提整理 | 文書化 佐藤 | 藤田 彩,,2.0 P1 立上げ・前提固定 T02 正本前提・スコープ・役割分担確定 正本前提整理、スコープ確定、役割分担の文書化 佐藤 健一 / 藤田 彩 2025-08-06 2025-08-07 T01 前提確定メモ 完了
株式会社青嶺不動産アセットマネジメント,data/processed/share/share/共有ドライブ/プロジェクト/株式会社青嶺不動産アセットマネジメント/02.計画/スケジュール_r2.xlsx.sheets/スケジュール.csv,2,T01 | T03,読込検証 岡田 | 読込確認結果 完了,,3.0 P1 立上げ・前提固定 T03 データ受領確認・読込検証 data\train.csv の受領確認および読込検証 岡田 佑樹 2025-08-06 2025-08-08 T01 読込確認結果 完了 ○
株式会社青嶺不動産アセットマネジメント,data/processed/share/share/共有ドライブ/プロジェクト/株式会社青嶺不動産アセットマネジメント/02.計画/スケジュール_r2.xlsx.sheets/スケジュール.csv,3,T03 | T04,岡田 佑樹 | 渡辺 遥,,4.0 P1 立上げ・前提固定 T04 カラム定義・型・利用方針整理 カラム定義、データ型、利用方針の整理。利用不可候補項目の整理を含む 渡辺 遥 / 岡田 佑樹 2025-08-07 2025-08-11 T03 分析計画メモ下書き 完了 ○
株式会社青嶺不動産アセットマネジメント,data/processed/share/share/共有ドライブ/プロジェクト/株式会社青嶺不動産アセットマネジメント/02.計画/スケジュール_r2.xlsx.sheets/スケジュール.csv,4,T02 | T04 | T05,実施方針書 完了 | 小林 直樹 | 確定 藤田,,"5.0 P1 立上げ・前提固定 T05 分析計画メモ/実施方針書作成・内部承認 カラム利用方針、品質点検観点、進め方を文書化。内部レビューで確定 藤田 彩 / 小林 直樹 2025-08-08 2025-08-12 T02, T04 分析計画メモ/実施方針書 完了 MS2: 分析計画メモ/実施方針書確定 CP2: 分析計画メモ承認 2025-08-12 内部レビュー実施"
株式会社青嶺不動産アセットマネジメント,data/processed/share/share/共有ドライブ/プロジェクト/株式会社青嶺不動産アセットマネジメント/02.計画/スケジュール_r2.xlsx.sheets/スケジュール.csv,5,T04 | T06,初期点検 岡田 | 初期点検 欠損値 | 品質点検結果一覧 完了,,6.0 P2 データ理解・品質評価 T06 欠損・ゼロ値・異常値の初期点検 欠損値、ゼロ値、異常値の網羅的な初期点検 岡田 佑樹 2025-08-11 2025-08-15 T04 品質点検結果一覧 完了 ○
株式会社青嶺不動産アセットマネジメント,data/processed/share/share/共有ドライブ/プロジェクト/株式会社青嶺不動産アセットマネジメント/02.計画/スケジュール_r2.xlsx.sheets/スケジュール.csv,6,T04 | T07,検証 岡田 | 渡辺 遥,,7.0 P2 データ理解・品質評価 T07 BBL観点の重複・粒度確認 BBL(Borough-Block-Lot)観点での重複確認および粒度の検証 岡田 佑樹 / 渡辺 遥 2025-08-13 2025-08-18 T04 重複確認メモ 完了
株式会社青嶺不動産アセットマネジメント,data/processed/share/share/共有ドライブ/プロジェクト/株式会社青嶺不動産アセットマネジメント/02.計画/スケジュール_r2.xlsx.sheets/スケジュール.csv,7,T06 | T07 | T08,作成 渡辺 | 品質評価完了確認 分析 | 案作成 品質課題,,"8.0 P2 データ理解・品質評価 T08 品質課題整理と前処理ルール案作成 品質課題の整理および前処理ルール案の作成 渡辺 遥 2025-08-16 2025-08-21 T06, T07 前処理ルール案 完了 ○ MS3: データ品質評価完了 CP3: 品質評価完了確認 分析バッファ: 2025-08-21〜08-22"
株式会社青嶺不動産アセットマネジメント,data/processed/share/share/共有ドライブ/プロジェクト/株式会社青嶺不動産アセットマネジメント/02.計画/スケジュール_r2.xlsx.sheets/スケジュール.csv,8,T06 | T07 | T09,分析 渡辺 | 図表一式 完了 | 藤田 彩,,"9.0 P3 探索的分析・中間報告 T09 探索的分析実施 SALE PRICE分布確認、BOROUGH・NEIGHBORHOOD・建物分類別比較、欠損有無による価格偏り分析 渡辺 遥 / 藤田 彩 2025-08-18 2025-08-24 T06, T07 EDA図表一式 完了 立地起因の偏りをEDAで確認"
株式会社青嶺不動産アセットマネジメント,data/processed/share/share/共有ドライブ/プロジェクト/株式会社青嶺不動産アセットマネジメント/02.計画/スケジュール_r2.xlsx.sheets/スケジュール.csv,9,T08 | T09 | T10,中間報告書 完了 | 作成 藤田 | 小林 直樹,,"10.0 P3 探索的分析・中間報告 T10 中間報告書作成・内部レビュー 前処理ルール案、分析データセット化方針、モデリング継続条件を含む中間報告書の作成 藤田 彩 / 小林 直樹 2025-08-21 2025-08-25 T08, T09 中間報告書 完了 ○ 2025-08-22 内部レビュー実施"
株式会社青嶺不動産アセットマネジメント,data/processed/share/share/共有ドライブ/プロジェクト/株式会社青嶺不動産アセットマネジメント/02.計画/スケジュール_r2.xlsx.sheets/スケジュール.csv,10,T10 | T11,中間報告会実施 前処理 | 前田 美咲 | 取得 佐藤 | 渡辺 遥,,11.0 P3 探索的分析・中間報告 T11 中間報告会実施 前処理ルール案、分析データセット化方針、モデリング継続条件の承認を取得 佐藤 健一 / 渡辺 遥 2025-08-26 2025-08-26 T10 中間報告議事メモ 完了 ○ MS4: 中間報告承認 CP4: 中間報告承認 M02 中間報告会議(クライアント窓口: 前田 美咲 部長)
株式会社青嶺不動産アセットマネジメント,data/processed/share/share/共有ドライブ/プロジェクト/株式会社青嶺不動産アセットマネジメント/02.計画/スケジュール_r2.xlsx.sheets/スケジュール.csv,11,T11 | T12,変更管理記録 完了 | 明示 佐藤,,12.0 P4 初期モデリング T12 変更管理チェックポイント1 中間報告後のスコープ・工数・納期影響を確認。追加要求の影響工数を明示 佐藤 健一 2025-08-27 2025-08-27 T11 変更管理記録 完了 CP5: 変更管理チェックポイント1
株式会社青嶺不動産アセットマネジメント,data/processed/share/share/共有ドライブ/プロジェクト/株式会社青嶺不動産アセットマネジメント/02.計画/スケジュール_r2.xlsx.sheets/スケジュール.csv,12,T11 | T13,作成 岡田,,13.0 P4 初期モデリング T13 分析データセット作成 モデリング用分析データセット v1 の作成 岡田 佑樹 2025-08-27 2025-08-29 T11 モデリング用分析データセット v1 完了 ○
株式会社青嶺不動産アセットマネジメント,data/processed/share/share/共有ドライブ/プロジェクト/株式会社青嶺不動産アセットマネジメント/02.計画/スケジュール_r2.xlsx.sheets/スケジュール.csv,13,T13 | T14,構築 特徴量設計 | 注意 渡辺 | 結果 完了,,14.0 P4 初期モデリング T14 特徴量設計・ベースラインモデル構築 特徴量設計およびベースラインモデルの構築。高カーディナリティによる過学習リスクに注意 渡辺 遥 2025-08-30 2025-09-03 T13 ベースラインモデル結果 完了 ○ モデリングバッファ: 2025-09-04〜09-05
株式会社青嶺不動産アセットマネジメント,data/processed/share/share/共有ドライブ/プロジェクト/株式会社青嶺不動産アセットマネジメント/02.計画/スケジュール_r2.xlsx.sheets/スケジュール.csv,14,T14 | T15,小林 直樹 | 確認 渡辺 | 重要特徴量整理 初期,,15.0 P4 初期モデリング T15 モデル評価・重要特徴量整理 初期モデル評価結果、重要特徴量、制約事項の整理。立地起因の偏りをモデル解釈で確認 渡辺 遥 / 小林 直樹 2025-09-03 2025-09-05 T14 モデル評価サマリ 完了 ○ MS5: ベースラインモデル評価完了 CP6: モデル評価完了確認 2025-09-05 週次定例実施
株式会社青嶺不動産アセットマネジメント,data/processed/share/share/共有ドライブ/プロジェクト/株式会社青嶺不動産アセットマネジメント/02.計画/スケジュール_r2.xlsx.sheets/スケジュール.csv,15,T15 | T16,整理 業務示唆 | 明記 藤田,,16.0 P5 解釈・示唆整理・最終報告準備 T16 業務示唆・活用シナリオ整理 業務示唆、限界、拡張案の整理。市場サイクル情報欠落の前提を明記 藤田 彩 2025-09-04 2025-09-09 T15 示唆整理メモ 完了
株式会社青嶺不動産アセットマネジメント,data/processed/share/share/共有ドライブ/プロジェクト/株式会社青嶺不動産アセットマネジメント/02.計画/スケジュール_r2.xlsx.sheets/スケジュール.csv,16,T15 | T16 | T17,作成 業務示唆 | 作成 藤田 | 渡辺 遥,,"17.0 P5 解釈・示唆整理・最終報告準備 T17 最終報告書ドラフト作成 業務示唆、限界、拡張案を含む最終報告書ドラフトの作成 藤田 彩 / 渡辺 遥 2025-09-08 2025-09-11 T15, T16 最終報告書ドラフト 完了 ○"
株式会社青嶺不動産アセットマネジメント,data/processed/share/share/共有ドライブ/プロジェクト/株式会社青嶺不動産アセットマネジメント/02.計画/スケジュール_r2.xlsx.sheets/スケジュール.csv,17,T17 | T18,小林 直樹 | 整合性確認 成果物整合性確認 | 記録 完了,,18.0 P5 解釈・示唆整理・最終報告準備 T18 QAレビュー・整合性確認 成果物整合性確認、正本定義との突合、表現統一。文書間不整合チェック 小林 直樹 2025-09-11 2025-09-12 T17 QAレビュー記録 完了 ○ MS6: 最終報告書ドラフト確定 CP7: 最終報告書ドラフト品質ゲート 2025-09-12 内部品質ゲート / 変更管理CP2
株式会社青嶺不動産アセットマネジメント,data/processed/share/share/共有ドライブ/プロジェクト/株式会社青嶺不動産アセットマネジメント/02.計画/スケジュール_r2.xlsx.sheets/スケジュール.csv,18,T15 | T17 | T18 | T19,佐藤 健一 | 修正版成果物 完了,,"19.0 P5 解釈・示唆整理・最終報告準備 T19 リスクバッファ対応期間 QA指摘反映、再分析、図表差替え、表現調整、最終報告資料差替え 佐藤 健一 / 全員 2025-09-10 2025-09-15 T15, T17, T18 修正版成果物 完了 最終化バッファ: 2025-09-10〜09-15"
株式会社青嶺不動産アセットマネジメント,data/processed/share/share/共有ドライブ/プロジェクト/株式会社青嶺不動産アセットマネジメント/02.計画/スケジュール_r2.xlsx.sheets/スケジュール.csv,19,T18 | T19 | T20,前田 美咲 | 承認判断材料提示 佐藤 | 最終報告会実施 最終成果物説明 | 渡辺 遥 | 藤田 彩,,"20.0 P6 最終報告・検収・精算管理 T20 最終報告会実施 最終成果物説明、承認判断材料提示 佐藤 健一 / 渡辺 遥 / 藤田 彩 2025-09-16 2025-09-16 T18, T19 最終報告書、最終報告議事メモ 完了 ○ MS7: 最終報告会完了 CP8: 最終報告・承認判断 M03 最終報告会議(クライアント窓口: 前田 美咲 部長)"
株式会社青嶺不動産アセットマネジメント,data/processed/share/share/共有ドライブ/プロジェクト/株式会社青嶺不動産アセットマネジメント/02.計画/スケジュール_r2.xlsx.sheets/スケジュール.csv,20,T20 | T21,成果物最終納品 検収確認 | 最終納品 佐藤 | 納品記録 完了,,21.0 P6 最終報告・検収・精算管理 T21 検収確認・成果物最終納品 検収確認および成果物の最終納品 佐藤 健一 2025-09-17 2025-09-17 T20 納品記録 完了 ○
株式会社青嶺不動産アセットマネジメント,data/processed/share/share/共有ドライブ/プロジェクト/株式会社青嶺不動産アセットマネジメント/02.計画/スケジュール_r2.xlsx.sheets/スケジュール.csv,21,T21 | T22,営業日以内 佐藤 | 支払管理記録 完了 | 最終一括精算支払期日 支払期日 | 最終一括精算管理 請求処理,,"22.0 P6 最終報告・検収・精算管理 T22 請求処理・最終一括精算管理 請求処理および最終一括精算管理。金額: 4,675,000円(税込:見積)、支払条件: 検収完了後5営業日以内 佐藤 健一 / 管理部門 2025-09-17 2025-09-23 T21 請求書、支払管理記録 完了 MS8: 支払処理期限 CP9: 最終一括精算支払期日 支払期日: 2025-09-23"
株式会社青潮モビリティサービス,data/processed/share/share/共有ドライブ/プロジェクト/株式会社青潮モビリティサービス/02.計画/スケジュール.xlsx.sheets/WBSスケジュール.csv,0,T01,進行計画合意 伊藤,,1 T01 タスク 1. 立上げ・定義確認 キックオフ会議実施 キックオフ議事録、進行計画合意 伊藤 翔太 2025-07-23 2025-07-23 なし 完了 MS1: キックオフ完了 / CP1
株式会社青潮モビリティサービス,data/processed/share/share/共有ドライブ/プロジェクト/株式会社青潮モビリティサービス/02.計画/スケジュール.xlsx.sheets/WBSスケジュール.csv,1,T01 | T02,木村 拓海 | 読込確認 読込確認,,2 T02 タスク 1. 立上げ・定義確認 データ受領・読込確認 読込確認メモ 木村 拓海 2025-07-23 2025-07-24 T01 完了
株式会社青潮モビリティサービス,data/processed/share/share/共有ドライブ/プロジェクト/株式会社青潮モビリティサービス/02.計画/スケジュール.xlsx.sheets/WBSスケジュール.csv,2,T02 | T03,鈴木 美咲,,3 T03 タスク 1. 立上げ・定義確認 データ定義差異確認(yr・workingday含む) 定義差異確認メモ 鈴木 美咲 2025-07-24 2025-07-28 T02 完了 クリティカルパス上
株式会社青潮モビリティサービス,data/processed/share/share/共有ドライブ/プロジェクト/株式会社青潮モビリティサービス/02.計画/スケジュール.xlsx.sheets/WBSスケジュール.csv,3,T02 | T04,品質確認結果 木村,,4 T04 タスク 1. 立上げ・定義確認 データ品質確認(欠損・型・値域・分布) 品質確認結果 木村 拓海 2025-07-24 2025-07-28 T02 完了
株式会社青潮モビリティサービス,data/processed/share/share/共有ドライブ/プロジェクト/株式会社青潮モビリティサービス/02.計画/スケジュール.xlsx.sheets/WBSスケジュール.csv,4,T03 | T04 | T05,図表 鈴木 | 定義確認 初期 | 需要構造把握 初期,,"5 T05 タスク 1. 立上げ・定義確認 初期EDA・需要構造把握 初期EDA図表 鈴木 美咲 2025-07-25 2025-07-29 T03, T04 完了 クリティカルパス上"
株式会社青潮モビリティサービス,data/processed/share/share/共有ドライブ/プロジェクト/株式会社青潮モビリティサービス/02.計画/スケジュール.xlsx.sheets/WBSスケジュール.csv,5,T03 | T04 | T06,分析前提一覧 伊藤 | 分析前提整理 課題管理表 | 完了 非 | 定義確認 課題管理表,,"6 T06 タスク 1. 立上げ・定義確認 課題管理表・分析前提整理 課題管理表、分析前提一覧 伊藤 翔太 2025-07-25 2025-07-29 T03, T04 完了 非クリティカル(重要支援タスク)"
株式会社青潮モビリティサービス,data/processed/share/share/共有ドライブ/プロジェクト/株式会社青潮モビリティサービス/02.計画/スケジュール.xlsx.sheets/WBSスケジュール.csv,6,T03 | T04 | T05 | T06,前処理方針反映可能 鈴木 | 品質確認完了 定義差異確認結果整理済,,"7 MS2 マイルストーン 1. 立上げ・定義確認 データ定義・品質確認完了 定義差異確認結果整理済、前処理方針反映可能 鈴木 美咲 2025-07-29 2025-07-29 T03, T04, T05, T06 完了 CP2 / 到達条件: yr・workingday定義差異確認完了"
株式会社青潮モビリティサービス,data/processed/share/share/共有ドライブ/プロジェクト/株式会社青潮モビリティサービス/02.計画/スケジュール.xlsx.sheets/WBSスケジュール.csv,8,T05 | T06 | T07,前処理仕様書 木村 | 構築 前処理仕様策定,,"9 T07 タスク 2. 前処理設計・ベースライン構築 前処理仕様策定 前処理仕様書 木村 拓海 2025-07-30 2025-07-31 T05, T06 完了 クリティカルパス上"
株式会社青潮モビリティサービス,data/processed/share/share/共有ドライブ/プロジェクト/株式会社青潮モビリティサービス/02.計画/スケジュール.xlsx.sheets/WBSスケジュール.csv,9,T05 | T07 | T08,構築 特徴量設計 | 特徴量一覧 鈴木,,"10 T08 タスク 2. 前処理設計・ベースライン構築 特徴量設計(日付由来・カテゴリ処理) 特徴量一覧 鈴木 美咲 2025-07-30 2025-08-01 T05, T07 完了 クリティカルパス上"
株式会社青潮モビリティサービス,data/processed/share/share/共有ドライブ/プロジェクト/株式会社青潮モビリティサービス/02.計画/スケジュール.xlsx.sheets/WBSスケジュール.csv,10,T07 | T08 | T09,整備 学習 | 木村 拓海 | 構築 学習用,,"11 T09 タスク 2. 前処理設計・ベースライン構築 学習用データセット整備 学習データセット 木村 拓海 2025-07-31 2025-08-01 T07, T08 完了 クリティカルパス上"
株式会社青潮モビリティサービス,data/processed/share/share/共有ドライブ/プロジェクト/株式会社青潮モビリティサービス/02.計画/スケジュール.xlsx.sheets/WBSスケジュール.csv,11,T09 | T10,評価結果 鈴木,,12 T10 タスク 2. 前処理設計・ベースライン構築 ベースラインモデル構築・評価 ベースライン評価結果 鈴木 美咲 2025-08-01 2025-08-04 T09 完了 クリティカルパス上 / 中間報告に直結
株式会社青潮モビリティサービス,data/processed/share/share/共有ドライブ/プロジェクト/株式会社青潮モビリティサービス/02.計画/スケジュール.xlsx.sheets/WBSスケジュール.csv,12,T10 | T11,構築 中間報告資料作成 | 藤田 彩,,13 T11 タスク 2. 前処理設計・ベースライン構築 中間報告資料作成 中間報告資料ドラフト 藤田 彩 2025-08-04 2025-08-05 T10 完了 クリティカルパス上
株式会社青潮モビリティサービス,data/processed/share/share/共有ドライブ/プロジェクト/株式会社青潮モビリティサービス/02.計画/スケジュール.xlsx.sheets/WBSスケジュール.csv,13,T10 | T11,状態 鈴木,,"14 MS3 マイルストーン 2. 前処理設計・ベースライン構築 ベースライン評価完了 ベースラインモデル評価、初期可視化、改善方針案が揃っている状態 鈴木 美咲 2025-08-05 2025-08-05 T10, T11 完了 CP3"
株式会社青潮モビリティサービス,data/processed/share/share/共有ドライブ/プロジェクト/株式会社青潮モビリティサービス/02.計画/スケジュール.xlsx.sheets/WBSスケジュール.csv,15,T11 | T12,中間報告 中間報告会実施 | 中間報告議事録 伊藤,,16 T12 タスク 3. 改善分析・中間報告 中間報告会実施 中間報告議事録 伊藤 翔太 2025-08-06 2025-08-06 T11 完了 MS4: 中間報告ゲート通過 / CP4 / 会議日固定
株式会社青潮モビリティサービス,data/processed/share/share/共有ドライブ/プロジェクト/株式会社青潮モビリティサービス/02.計画/スケジュール.xlsx.sheets/WBSスケジュール.csv,16,T12 | T13,中間報告 改善 | 構築 改善 | 評価結果 鈴木,,17 T13 タスク 3. 改善分析・中間報告 改善モデル構築 改善モデル評価結果 鈴木 美咲 2025-08-07 2025-08-11 T12 完了 クリティカルパス上
株式会社青潮モビリティサービス,data/processed/share/share/共有ドライブ/プロジェクト/株式会社青潮モビリティサービス/02.計画/スケジュール.xlsx.sheets/WBSスケジュール.csv,17,T12 | T14,中間報告 重要因子分析 | 完了 非 | 鈴木 美咲 | 需要傾向可視化 重要因子分析図表,,18 T14 タスク 3. 改善分析・中間報告 重要因子分析・需要傾向可視化 重要因子分析図表 鈴木 美咲 2025-08-07 2025-08-12 T12 完了 非クリティカル(重要支援タスク)
株式会社青潮モビリティサービス,data/processed/share/share/共有ドライブ/プロジェクト/株式会社青潮モビリティサービス/02.計画/スケジュール.xlsx.sheets/WBSスケジュール.csv,18,T12 | T15,中間報告 中間報告反映 | 伊藤 翔太 | 分析方針確定 更新版分析方針 | 完了 非,,19 T15 タスク 3. 改善分析・中間報告 中間報告反映・分析方針確定 更新版分析方針 伊藤 翔太 2025-08-07 2025-08-12 T12 完了 非クリティカル(重要支援タスク)
株式会社青潮モビリティサービス,data/processed/share/share/共有ドライブ/プロジェクト/株式会社青潮モビリティサービス/02.計画/スケジュール.xlsx.sheets/WBSスケジュール.csv,19,T13 | T14 | T15 | T16,最終報告準備 業務示唆 | 要件一覧 藤田 | 要件整理 示唆一覧,,"20 T16 タスク 4. 示唆整理・最終報告準備 業務示唆・追加データ要件整理 示唆一覧、追加データ要件一覧 藤田 彩 2025-08-13 2025-08-18 T13, T14, T15 完了 クリティカルパス上"
株式会社青潮モビリティサービス,data/processed/share/share/共有ドライブ/プロジェクト/株式会社青潮モビリティサービス/02.計画/スケジュール.xlsx.sheets/WBSスケジュール.csv,20,T16 | T17,作成 最終報告書 | 最終報告準備 最終報告書 | 藤田 彩,,21 T17 タスク 4. 示唆整理・最終報告準備 最終報告書ドラフト作成 最終報告書ドラフト 藤田 彩 2025-08-15 2025-08-19 T16 完了 クリティカルパス上
株式会社青潮モビリティサービス,data/processed/share/share/共有ドライブ/プロジェクト/株式会社青潮モビリティサービス/02.計画/スケジュール.xlsx.sheets/WBSスケジュール.csv,21,T16 | T17,最終報告準備 改善 | 状態 藤田,,"22 MS5 マイルストーン 4. 示唆整理・最終報告準備 改善モデル・業務示唆整理完了 モデル比較、重要因子、需要傾向、示唆案、追加データ要件案が揃っている状態 藤田 彩 2025-08-19 2025-08-19 T16, T17 完了"
株式会社青潮モビリティサービス,data/processed/share/share/共有ドライブ/プロジェクト/株式会社青潮モビリティサービス/02.計画/スケジュール.xlsx.sheets/WBSスケジュール.csv,22,T17 | T18,結果 池田,,23 T18 タスク 4. 示唆整理・最終報告準備 QAレビュー・整合性確認 QAレビュー結果 池田 直哉 2025-08-20 2025-08-21 T17 完了 クリティカルパス上 / CP5
株式会社青潮モビリティサービス,data/processed/share/share/共有ドライブ/プロジェクト/株式会社青潮モビリティサービス/02.計画/スケジュール.xlsx.sheets/WBSスケジュール.csv,23,T18,可能状態 池田 | 最終報告準備 最終成果物 | 確定 最終報告資料,,24 MS6 マイルストーン 4. 示唆整理・最終報告準備 最終成果物ドラフト確定 最終報告資料・補足図表・議事要点がレビュー可能状態 池田 直哉 2025-08-21 2025-08-21 T18 完了
株式会社青潮モビリティサービス,data/processed/share/share/共有ドライブ/プロジェクト/株式会社青潮モビリティサービス/02.計画/スケジュール.xlsx.sheets/WBSスケジュール.csv,25,T18 | T19,変更管理判定記録 伊藤 | 検収対応 変更管理,,26 T19 タスク 5. 最終化・検収対応 変更管理チェックポイント 変更管理判定記録 伊藤 翔太 2025-08-22 2025-08-22 T18 完了 MS7 / CP6 / スコープ外要求・追加見積要否判定
株式会社青潮モビリティサービス,data/processed/share/share/共有ドライブ/プロジェクト/株式会社青潮モビリティサービス/02.計画/スケジュール.xlsx.sheets/WBSスケジュール.csv,26,T18 | T19 | T20,伊藤 翔太 | 最終報告会資料 中村 | 検収対応 最終報告会資料確定 | 鈴木 美咲,,"27 T20 タスク 5. 最終化・検収対応 最終報告会資料確定・リハーサル 最終報告会資料 中村 誠 / 伊藤 翔太 / 鈴木 美咲 2025-08-22 2025-08-25 T18, T19 完了 クリティカルパス上"
株式会社青潮モビリティサービス,data/processed/share/share/共有ドライブ/プロジェクト/株式会社青潮モビリティサービス/02.計画/スケジュール.xlsx.sheets/WBSスケジュール.csv,27,T20 | T21,受領判断記録 中村 | 検収会実施 最終報告議事録 | 検収対応 最終報告,,28 T21 タスク 5. 最終化・検収対応 最終報告・検収会実施 最終報告議事録、受領判断記録 中村 誠 2025-08-26 2025-08-26 T20 完了 MS8 / CP7 / 会議日固定 / 支払基準日
株式会社青潮モビリティサービス,data/processed/share/share/共有ドライブ/プロジェクト/株式会社青潮モビリティサービス/02.計画/スケジュール.xlsx.sheets/WBSスケジュール.csv,28,T21 | T22,提出記録 伊藤 | 最終成果物提出 最終報告書 | 検収対応 指摘反映 | 藤田 彩,,29 T22 タスク 5. 最終化・検収対応 指摘反映・最終成果物提出 最終報告書、補足資料、提出記録 伊藤 翔太 / 藤田 彩 2025-08-26 2025-08-27 T21 完了 MS9 / CP8 / クリティカルパス上
株式会社青潮モビリティサービス,data/processed/share/share/共有ドライブ/プロジェクト/株式会社青潮モビリティサービス/02.計画/スケジュール.xlsx.sheets/WBSスケジュール.csv,29,T21 | T22 | T23,検収対応 請求 | 精算処理 請求書 | 精算記録 伊藤,,"30 T23 タスク 5. 最終化・検収対応 請求・精算処理 請求書、精算記録 伊藤 翔太 2025-08-27 2025-09-02 T21, T22 完了"
株式会社青潮モビリティサービス,data/processed/share/share/共有ドライブ/プロジェクト/株式会社青潮モビリティサービス/02.計画/スケジュール.xlsx.sheets/WBSスケジュール.csv,31,T21 | T22,完了 検収完了後 | 支払 支払期日 | 最終一括精算 税込,,"32 MS10 マイルストーン 支払 支払期日 最終一括精算 税込4,675,000円 株式会社青潮モビリティサービス 2025-09-02 2025-09-02 T21, T22 完了 検収完了後5営業日以内"
株式会社青潮モビリティサービス,data/processed/share/share/共有ドライブ/プロジェクト/株式会社青潮モビリティサービス/02.計画/スケジュール.xlsx.sheets/WBSスケジュール_rev.csv,0,T01,進行計画合意 伊藤,,1 T01 タスク 1. 立上げ・定義確認 キックオフ会議実施 キックオフ議事録、進行計画合意 伊藤 翔太 2025-07-23 2025-07-23 なし 完了 MS1: キックオフ完了 / CP1
株式会社青潮モビリティサービス,data/processed/share/share/共有ドライブ/プロジェクト/株式会社青潮モビリティサービス/02.計画/スケジュール.xlsx.sheets/WBSスケジュール_rev.csv,1,T01 | T02,木村 拓海 | 読込確認 読込確認,,2 T02 タスク 1. 立上げ・定義確認 データ受領・読込確認 読込確認メモ 木村 拓海 2025-07-23 2025-07-24 T01 完了
株式会社青潮モビリティサービス,data/processed/share/share/共有ドライブ/プロジェクト/株式会社青潮モビリティサービス/02.計画/スケジュール.xlsx.sheets/WBSスケジュール_rev.csv,2,T02 | T03,鈴木 美咲,,3 T03 タスク 1. 立上げ・定義確認 データ定義差異確認(yr・workingday含む) 定義差異確認メモ 鈴木 美咲 2025-07-24 2025-07-28 T02 完了 クリティカルパス上
株式会社青潮モビリティサービス,data/processed/share/share/共有ドライブ/プロジェクト/株式会社青潮モビリティサービス/02.計画/スケジュール.xlsx.sheets/WBSスケジュール_rev.csv,3,T02 | T04,品質確認結果 木村,,4 T04 タスク 1. 立上げ・定義確認 データ品質確認(欠損・型・値域・分布) 品質確認結果 木村 拓海 2025-07-24 2025-07-28 T02 完了
株式会社青潮モビリティサービス,data/processed/share/share/共有ドライブ/プロジェクト/株式会社青潮モビリティサービス/02.計画/スケジュール.xlsx.sheets/WBSスケジュール_rev.csv,4,T03 | T04 | T05,図表 鈴木 | 定義確認 初期 | 需要構造把握 初期,,"5 T05 タスク 1. 立上げ・定義確認 初期EDA・需要構造把握 初期EDA図表 鈴木 美咲 2025-07-25 2025-07-29 T03, T04 完了 クリティカルパス上"
株式会社青潮モビリティサービス,data/processed/share/share/共有ドライブ/プロジェクト/株式会社青潮モビリティサービス/02.計画/スケジュール.xlsx.sheets/WBSスケジュール_rev.csv,5,T03 | T04 | T06,分析前提一覧 伊藤 | 分析前提整理 課題管理表 | 完了 非 | 定義確認 課題管理表,,"6 T06 タスク 1. 立上げ・定義確認 課題管理表・分析前提整理 課題管理表、分析前提一覧 伊藤 翔太 2025-07-25 2025-07-29 T03, T04 完了 非クリティカル(重要支援タスク)"
株式会社青潮モビリティサービス,data/processed/share/share/共有ドライブ/プロジェクト/株式会社青潮モビリティサービス/02.計画/スケジュール.xlsx.sheets/WBSスケジュール_rev.csv,6,T03 | T04 | T05 | T06,前処理方針反映可能 鈴木 | 品質確認完了 定義差異確認結果整理済,,"7 MS2 マイルストーン 1. 立上げ・定義確認 データ定義・品質確認完了 定義差異確認結果整理済、前処理方針反映可能 鈴木 美咲 2025-07-29 2025-07-29 T03, T04, T05, T06 完了 CP2 / 到達条件: yr・workingday定義差異確認完了"
株式会社青潮モビリティサービス,data/processed/share/share/共有ドライブ/プロジェクト/株式会社青潮モビリティサービス/02.計画/スケジュール.xlsx.sheets/WBSスケジュール_rev.csv,8,T05 | T06 | T07,前処理仕様書 木村 | 構築 前処理仕様策定,,"9 T07 タスク 2. 前処理設計・ベースライン構築 前処理仕様策定 前処理仕様書 木村 拓海 2025-07-30 2025-07-31 T05, T06 完了 クリティカルパス上"
株式会社青潮モビリティサービス,data/processed/share/share/共有ドライブ/プロジェクト/株式会社青潮モビリティサービス/02.計画/スケジュール.xlsx.sheets/WBSスケジュール_rev.csv,9,T05 | T07 | T08,構築 特徴量設計 | 特徴量一覧 鈴木,,"10 T08 タスク 2. 前処理設計・ベースライン構築 特徴量設計(日付由来・カテゴリ処理) 特徴量一覧 鈴木 美咲 2025-07-30 2025-08-01 T05, T07 完了 クリティカルパス上"
株式会社青潮モビリティサービス,data/processed/share/share/共有ドライブ/プロジェクト/株式会社青潮モビリティサービス/02.計画/スケジュール.xlsx.sheets/WBSスケジュール_rev.csv,10,T07 | T08 | T09,整備 学習 | 木村 拓海 | 構築 学習用,,"11 T09 タスク 2. 前処理設計・ベースライン構築 学習用データセット整備 学習データセット 木村 拓海 2025-07-31 2025-08-01 T07, T08 完了 クリティカルパス上"
株式会社青潮モビリティサービス,data/processed/share/share/共有ドライブ/プロジェクト/株式会社青潮モビリティサービス/02.計画/スケジュール.xlsx.sheets/WBSスケジュール_rev.csv,11,T09 | T10,評価結果 鈴木,,12 T10 タスク 2. 前処理設計・ベースライン構築 ベースラインモデル構築・評価 ベースライン評価結果 鈴木 美咲 2025-08-01 2025-08-04 T09 完了 クリティカルパス上 / 中間報告に直結
株式会社青潮モビリティサービス,data/processed/share/share/共有ドライブ/プロジェクト/株式会社青潮モビリティサービス/02.計画/スケジュール.xlsx.sheets/WBSスケジュール_rev.csv,12,T10 | T11,構築 中間報告資料作成 | 藤田 彩,,13 T11 タスク 2. 前処理設計・ベースライン構築 中間報告資料作成 中間報告資料ドラフト 藤田 彩 2025-08-04 2025-08-05 T10 完了 クリティカルパス上
株式会社青潮モビリティサービス,data/processed/share/share/共有ドライブ/プロジェクト/株式会社青潮モビリティサービス/02.計画/スケジュール.xlsx.sheets/WBSスケジュール_rev.csv,13,T10 | T11,状態 鈴木,,"14 MS3 マイルストーン 2. 前処理設計・ベースライン構築 ベースライン評価完了 ベースラインモデル評価、初期可視化、改善方針案が揃っている状態 鈴木 美咲 2025-08-05 2025-08-05 T10, T11 完了 CP3"
株式会社青潮モビリティサービス,data/processed/share/share/共有ドライブ/プロジェクト/株式会社青潮モビリティサービス/02.計画/スケジュール.xlsx.sheets/WBSスケジュール_rev.csv,15,T11 | T12,中間報告 中間報告会実施 | 中間報告議事録 伊藤,,16 T12 タスク 3. 改善分析・中間報告 中間報告会実施 中間報告議事録 伊藤 翔太 2025-08-06 2025-08-06 T11 完了 MS4: 中間報告ゲート通過 / CP4 / 会議日固定
株式会社青潮モビリティサービス,data/processed/share/share/共有ドライブ/プロジェクト/株式会社青潮モビリティサービス/02.計画/スケジュール.xlsx.sheets/WBSスケジュール_rev.csv,16,T12 | T13,中間報告 改善 | 構築 改善 | 評価結果 鈴木,,17 T13 タスク 3. 改善分析・中間報告 改善モデル構築 改善モデル評価結果 鈴木 美咲 2025-08-07 2025-08-11 T12 完了 クリティカルパス上
株式会社青潮モビリティサービス,data/processed/share/share/共有ドライブ/プロジェクト/株式会社青潮モビリティサービス/02.計画/スケジュール.xlsx.sheets/WBSスケジュール_rev.csv,17,T12 | T14,中間報告 重要因子分析 | 完了 非 | 鈴木 美咲 | 需要傾向可視化 重要因子分析図表,,18 T14 タスク 3. 改善分析・中間報告 重要因子分析・需要傾向可視化 重要因子分析図表 鈴木 美咲 2025-08-07 2025-08-12 T12 完了 非クリティカル(重要支援タスク)
株式会社青潮モビリティサービス,data/processed/share/share/共有ドライブ/プロジェクト/株式会社青潮モビリティサービス/02.計画/スケジュール.xlsx.sheets/WBSスケジュール_rev.csv,18,T12 | T15,中間報告 中間報告反映 | 伊藤 翔太 | 分析方針確定 更新版分析方針 | 完了 非,,19 T15 タスク 3. 改善分析・中間報告 中間報告反映・分析方針確定 更新版分析方針 伊藤 翔太 2025-08-07 2025-08-12 T12 完了 非クリティカル(重要支援タスク)
株式会社青潮モビリティサービス,data/processed/share/share/共有ドライブ/プロジェクト/株式会社青潮モビリティサービス/02.計画/スケジュール.xlsx.sheets/WBSスケジュール_rev.csv,19,T13 | T14 | T15 | T16,最終報告準備 業務示唆 | 要件一覧 藤田 | 要件整理 示唆一覧,,"20 T16 タスク 4. 示唆整理・最終報告準備 業務示唆・追加データ要件整理 示唆一覧、追加データ要件一覧 藤田 彩 2025-08-13 2025-08-18 T13, T14, T15 完了 クリティカルパス上"
株式会社青潮モビリティサービス,data/processed/share/share/共有ドライブ/プロジェクト/株式会社青潮モビリティサービス/02.計画/スケジュール.xlsx.sheets/WBSスケジュール_rev.csv,20,T16 | T17,作成 最終報告書 | 最終報告準備 最終報告書 | 藤田 彩,,21 T17 タスク 4. 示唆整理・最終報告準備 最終報告書ドラフト作成 最終報告書ドラフト 藤田 彩 2025-08-15 2025-08-19 T16 完了 クリティカルパス上
株式会社青潮モビリティサービス,data/processed/share/share/共有ドライブ/プロジェクト/株式会社青潮モビリティサービス/02.計画/スケジュール.xlsx.sheets/WBSスケジュール_rev.csv,21,T16 | T17,最終報告準備 改善 | 状態 藤田,,"22 MS5 マイルストーン 4. 示唆整理・最終報告準備 改善モデル・業務示唆整理完了 モデル比較、重要因子、需要傾向、示唆案、追加データ要件案が揃っている状態 藤田 彩 2025-08-19 2025-08-19 T16, T17 完了"
株式会社青潮モビリティサービス,data/processed/share/share/共有ドライブ/プロジェクト/株式会社青潮モビリティサービス/02.計画/スケジュール.xlsx.sheets/WBSスケジュール_rev.csv,22,T17 | T18,結果 池田,,23 T18 タスク 4. 示唆整理・最終報告準備 QAレビュー・整合性確認 QAレビュー結果 池田 直哉 2025-08-20 2025-08-21 T17 完了 クリティカルパス上 / CP5
株式会社青潮モビリティサービス,data/processed/share/share/共有ドライブ/プロジェクト/株式会社青潮モビリティサービス/02.計画/スケジュール.xlsx.sheets/WBSスケジュール_rev.csv,23,T18,可能状態 池田 | 最終報告準備 最終成果物 | 確定 最終報告資料,,24 MS6 マイルストーン 4. 示唆整理・最終報告準備 最終成果物ドラフト確定 最終報告資料・補足図表・議事要点がレビュー可能状態 池田 直哉 2025-08-21 2025-08-21 T18 完了
株式会社青潮モビリティサービス,data/processed/share/share/共有ドライブ/プロジェクト/株式会社青潮モビリティサービス/02.計画/スケジュール.xlsx.sheets/WBSスケジュール_rev.csv,25,T18 | T19,変更管理判定記録 伊藤 | 検収対応 変更管理,,26 T19 タスク 5. 最終化・検収対応 変更管理チェックポイント 変更管理判定記録 伊藤 翔太 2025-08-22 2025-08-22 T18 完了 MS7 / CP6 / スコープ外要求・追加見積要否判定
株式会社青潮モビリティサービス,data/processed/share/share/共有ドライブ/プロジェクト/株式会社青潮モビリティサービス/02.計画/スケジュール.xlsx.sheets/WBSスケジュール_rev.csv,26,T18 | T19 | T20,伊藤 翔太 | 最終報告会資料 中村 | 検収対応 最終報告会資料確定 | 鈴木 美咲,,"27 T20 タスク 5. 最終化・検収対応 最終報告会資料確定・リハーサル 最終報告会資料 中村 誠 / 伊藤 翔太 / 鈴木 美咲 2025-08-22 2025-08-25 T18, T19 完了 クリティカルパス上"
株式会社青潮モビリティサービス,data/processed/share/share/共有ドライブ/プロジェクト/株式会社青潮モビリティサービス/02.計画/スケジュール.xlsx.sheets/WBSスケジュール_rev.csv,27,T20 | T21,受領判断記録 中村 | 検収会実施 最終報告議事録 | 検収対応 最終報告,,28 T21 タスク 5. 最終化・検収対応 最終報告・検収会実施 最終報告議事録、受領判断記録 中村 誠 2025-08-26 2025-08-26 T20 完了 MS8 / CP7 / 会議日固定 / 支払基準日
株式会社青潮モビリティサービス,data/processed/share/share/共有ドライブ/プロジェクト/株式会社青潮モビリティサービス/02.計画/スケジュール.xlsx.sheets/WBSスケジュール_rev.csv,28,T21 | T22,提出記録 伊藤 | 最終成果物提出 最終報告書 | 検収対応 指摘反映 | 藤田 彩,,29 T22 タスク 5. 最終化・検収対応 指摘反映・最終成果物提出 最終報告書、補足資料、提出記録 伊藤 翔太 / 藤田 彩 2025-08-26 2025-08-27 T21 完了 MS9 / CP8 / クリティカルパス上
株式会社青潮モビリティサービス,data/processed/share/share/共有ドライブ/プロジェクト/株式会社青潮モビリティサービス/02.計画/スケジュール.xlsx.sheets/WBSスケジュール_rev.csv,29,T21 | T22 | T23,検収対応 請求 | 精算処理 請求書 | 精算記録 伊藤,,"30 T23 タスク 5. 最終化・検収対応 請求・精算処理 請求書、精算記録 伊藤 翔太 2025-08-27 2025-09-02 T21, T22 完了"
株式会社青潮モビリティサービス,data/processed/share/share/共有ドライブ/プロジェクト/株式会社青潮モビリティサービス/02.計画/スケジュール.xlsx.sheets/WBSスケジュール_rev.csv,31,T21 | T22,完了 検収完了後 | 支払 支払期日 | 最終一括精算 税込,,"32 MS10 マイルストーン 支払 支払期日 最終一括精算 税込4,675,000円(見積) 株式会社青潮モビリティサービス 2025-09-02 2025-09-02 T21, T22 完了 検収完了後5営業日以内、期日通り"
株式会社青葉バイオメディカル機器,data/processed/share/share/共有ドライブ/プロジェクト/株式会社青葉バイオメディカル機器/02.計画/スケジュール.xlsx.sheets/WBS.csv,0,T01,体制確定記録 加藤 | 分析設計 契約発効 | 開始確認 開始通知,,T01 1. 立上げ・分析設計 契約発効・プロジェクト開始確認 開始通知、体制確定記録 加藤 大輔 2025-06-23 2025-06-23 =G2-F2+1 なし ○ 完了 MS1対応
株式会社青葉バイオメディカル機器,data/processed/share/share/共有ドライブ/プロジェクト/株式会社青葉バイオメディカル機器/02.計画/スケジュール.xlsx.sheets/WBS.csv,1,T01 | T02,議事録 加藤,,T02 1. 立上げ・分析設計 キックオフ会議実施 キックオフ議事録 加藤 大輔 2025-06-23 2025-06-23 =G3-F3+1 T01 ○ 完了 M01キックオフ
株式会社青葉バイオメディカル機器,data/processed/share/share/共有ドライブ/プロジェクト/株式会社青葉バイオメディカル機器/02.計画/スケジュール.xlsx.sheets/WBS.csv,2,T02 | T03,斉藤 悠斗,,T03 1. 立上げ・分析設計 データ受領・アクセス確認 データ受領確認メモ 斉藤 悠斗 2025-06-23 2025-06-24 =G4-F4+1 T02 ○ 完了
株式会社青葉バイオメディカル機器,data/processed/share/share/共有ドライブ/プロジェクト/株式会社青葉バイオメディカル機器/02.計画/スケジュール.xlsx.sheets/WBS.csv,3,T03 | T04,分析前提確定 分析用 | 分析設計 定義差分整理 | 初版 渡辺,,T04 1. 立上げ・分析設計 定義差分整理・分析前提確定 分析用データ理解メモ 初版 渡辺 遥 2025-06-24 2025-06-26 =G5-F5+1 T03 ○ 完了 CP2対応
株式会社青葉バイオメディカル機器,data/processed/share/share/共有ドライブ/プロジェクト/株式会社青葉バイオメディカル機器/02.計画/スケジュール.xlsx.sheets/WBS.csv,4,T02 | T05,加藤 大輔,,T05 1. 立上げ・分析設計 プロジェクト計画・進行ルール確定 プロジェクトスケジュール、進行ルール 加藤 大輔 2025-06-24 2025-06-26 =G6-F6+1 T02 完了
株式会社青葉バイオメディカル機器,data/processed/share/share/共有ドライブ/プロジェクト/株式会社青葉バイオメディカル機器/02.計画/スケジュール.xlsx.sheets/WBS.csv,5,T03 | T06,再現環境整備 品質確認 | 分析環境設定記録 斉藤 | 分析設計 初期品質確認,,T06 1. 立上げ・分析設計 初期品質確認・再現環境整備 品質確認メモ、分析環境設定記録 斉藤 悠斗 2025-06-25 2025-06-30 =G7-F7+1 T03 ○ 完了
株式会社青葉バイオメディカル機器,data/processed/share/share/共有ドライブ/プロジェクト/株式会社青葉バイオメディカル機器/02.計画/スケジュール.xlsx.sheets/WBS.csv,6,T04 | T06 | T07,渡辺 遥 | 結果資料 草案,,"T07 2. データ理解・EDA 探索的データ分析(分布・クロス集計) EDA結果資料 草案 渡辺 遥 2025-06-30 2025-07-07 =G8-F8+1 T04, T06 ○ 完了"
株式会社青葉バイオメディカル機器,data/processed/share/share/共有ドライブ/プロジェクト/株式会社青葉バイオメディカル機器/02.計画/スケジュール.xlsx.sheets/WBS.csv,7,T07 | T08,井上 里奈 | 論点整理 論点一覧,,T08 2. データ理解・EDA 業務観点での論点整理 論点一覧、施策観点整理メモ 井上 里奈 2025-07-03 2025-07-08 =G9-F9+1 T07 完了
株式会社青葉バイオメディカル機器,data/processed/share/share/共有ドライブ/プロジェクト/株式会社青葉バイオメディカル機器/02.計画/スケジュール.xlsx.sheets/WBS.csv,8,T07 | T08 | T09,記録 清水,,"T09 2. データ理解・EDA EDA速報・社内レビュー EDA速報レビュー記録 清水 麻衣 2025-07-08 2025-07-09 =G10-F10+1 T07, T08 完了 MS2対応"
株式会社青葉バイオメディカル機器,data/processed/share/share/共有ドライブ/プロジェクト/株式会社青葉バイオメディカル機器/02.計画/スケジュール.xlsx.sheets/WBS.csv,9,T07 | T10,渡辺 遥 | 評価 初期予測 | 評価資料 草案,,T10 2. データ理解・EDA 初期モデル作成・評価 初期予測モデル評価資料 草案 渡辺 遥 2025-07-07 2025-07-10 =G11-F11+1 T07 ○ 完了
株式会社青葉バイオメディカル機器,data/processed/share/share/共有ドライブ/プロジェクト/株式会社青葉バイオメディカル機器/02.計画/スケジュール.xlsx.sheets/WBS.csv,10,T09 | T10 | T11,中間報告資料統合 中間報告書 | 井上 里奈,,"T11 2. データ理解・EDA 中間報告資料統合 中間報告書 井上 里奈 2025-07-09 2025-07-10 =G12-F12+1 T09, T10 ○ 完了"
株式会社青葉バイオメディカル機器,data/processed/share/share/共有ドライブ/プロジェクト/株式会社青葉バイオメディカル機器/02.計画/スケジュール.xlsx.sheets/WBS.csv,11,T11 | T12,中間報告会実施 中間報告会議事録 | 承認事項記録 加藤,,T12 2. データ理解・EDA EDAレビュー・中間報告会実施 中間報告会議事録、承認事項記録 加藤 大輔 2025-07-11 2025-07-11 =G13-F13+1 T11 ○ 完了 MS3対応、M02中間報告
株式会社青葉バイオメディカル機器,data/processed/share/share/共有ドライブ/プロジェクト/株式会社青葉バイオメディカル機器/02.計画/スケジュール.xlsx.sheets/WBS.csv,12,T12 | T13,加藤 大輔 | 影響評価 変更管理記録 | 示唇整理 変更要求整理,,T13 3. モデル評価・示唇整理 変更要求整理・影響評価 変更管理記録 加藤 大輔 2025-07-14 2025-07-14 =G14-F14+1 T12 完了 MS4対応
株式会社青葉バイオメディカル機器,data/processed/share/share/共有ドライブ/プロジェクト/株式会社青葉バイオメディカル機器/02.計画/スケジュール.xlsx.sheets/WBS.csv,13,T13 | T14,変更可否判定結果 加藤 | 示唇整理 変更管理,,T14 3. モデル評価・示唇整理 変更管理チェックポイント 変更可否判定結果 加藤 大輔 2025-07-14 2025-07-14 =G15-F15+1 T13 完了 CP5対応
株式会社青葉バイオメディカル機器,data/processed/share/share/共有ドライブ/プロジェクト/株式会社青葉バイオメディカル機器/02.計画/スケジュール.xlsx.sheets/WBS.csv,14,T12 | T15,施策示唇整理 離職要因分析資料 | 草案 井上,,T15 3. モデル評価・示唇整理 セグメント別要因分析・施策示唇整理 離職要因分析資料 草案 井上 里奈 2025-07-14 2025-07-18 =G16-F16+1 T12 ○ 完了
株式会社青葉バイオメディカル機器,data/processed/share/share/共有ドライブ/プロジェクト/株式会社青葉バイオメディカル機器/02.計画/スケジュール.xlsx.sheets/WBS.csv,15,T12 | T15 | T16,示唇整理 公平性 | 記録 清水,,"T16 3. モデル評価・示唇整理 公平性・利用制約レビュー 公平性・運用注意点レビュー記録 清水 麻衣 2025-07-15 2025-07-18 =G17-F17+1 T12, T15 ○ 完了 CP6対応"
株式会社青葉バイオメディカル機器,data/processed/share/share/共有ドライブ/プロジェクト/株式会社青葉バイオメディカル機器/02.計画/スケジュール.xlsx.sheets/WBS.csv,16,T10 | T15 | T16 | T17,井上 里奈 | 作成 最終報告書 | 示唇整理 最終報告書,,"T17 3. モデル評価・示唇整理 最終報告書ドラフト作成 最終報告書 ドラフト 井上 里奈 2025-07-17 2025-07-22 =G18-F18+1 T15, T16, T10 ○ 完了 MS5対応"
株式会社青葉バイオメディカル機器,data/processed/share/share/共有ドライブ/プロジェクト/株式会社青葉バイオメディカル機器/02.計画/スケジュール.xlsx.sheets/WBS.csv,17,T17 | T18,修正指示一覧 清水 | 検収対応 社内品質保証,,T18 4. 最終化・検収対応 社内品質保証レビュー QAレビュー記録、修正指示一覧 清水 麻衣 2025-07-22 2025-07-23 =G19-F19+1 T17 ○ 完了 CP7対応
株式会社青葉バイオメディカル機器,data/processed/share/share/共有ドライブ/プロジェクト/株式会社青葉バイオメディカル機器/02.計画/スケジュール.xlsx.sheets/WBS.csv,18,T18 | T19,井上 里奈 | 検収対応 最終成果物修正 | 確定 最終報告書 | 評価資料 渡辺,,T19 4. 最終化・検収対応 最終成果物修正・確定 最終報告書、EDA結果資料、離職要因分析資料、モデル評価資料 渡辺 遥 / 井上 里奈 2025-07-23 2025-07-24 =G20-F20+1 T18 ○ 完了
株式会社青葉バイオメディカル機器,data/processed/share/share/共有ドライブ/プロジェクト/株式会社青葉バイオメディカル機器/02.計画/スケジュール.xlsx.sheets/WBS.csv,19,T19 | T20,検収会実施 最終報告会議事録 | 検収対応 最終報告 | 検収方針確認記録 加藤,,T20 4. 最終化・検収対応 最終報告・検収会実施 最終報告会議事録、検収方針確認記録 加藤 大輔 2025-07-25 2025-07-25 =G21-F21+1 T19 ○ 完了 MS6対応、M03検収会、CP8対応
株式会社青葉バイオメディカル機器,data/processed/share/share/共有ドライブ/プロジェクト/株式会社青葉バイオメディカル機器/02.計画/スケジュール.xlsx.sheets/WBS.csv,20,T18 | T21,対応期間 修正反映履歴 | 追加説明記録 加藤,,T21 4. 最終化・検収対応 リスクバッファ対応期間 修正反映履歴、追加説明記録 加藤 大輔 2025-07-24 2025-07-28 =G22-F22+1 T18 完了 RB2バッファ期間
株式会社青葉バイオメディカル機器,data/processed/share/share/共有ドライブ/プロジェクト/株式会社青葉バイオメディカル機器/02.計画/スケジュール.xlsx.sheets/WBS.csv,21,T20 | T21 | T22,検収対応 最終成果物提出 | 納品一覧 加藤,,"T22 4. 最終化・検収対応 最終成果物提出 納品一式、納品一覧 加藤 大輔 2025-07-28 2025-07-28 =G23-F23+1 T20, T21 ○ 完了 MS7対応、CP9対応"
株式会社青葉バイオメディカル機器,data/processed/share/share/共有ドライブ/プロジェクト/株式会社青葉バイオメディカル機器/02.計画/スケジュール.xlsx.sheets/WBS.csv,22,T22 | T23,工数確定 工数明細 | 検収対応 請求準備 | 請求準備記録 加藤,,T23 4. 最終化・検収対応 請求準備・工数確定 工数明細、請求準備記録 加藤 大輔 2025-07-28 2025-07-29 =G24-F24+1 T22 完了
株式会社青葉バイオメディカル機器,data/processed/share/share/共有ドライブ/プロジェクト/株式会社青葉バイオメディカル機器/02.計画/スケジュール.xlsx.sheets/WBS.csv,23,T23 | T24,山田 太一 | 支払処理完了記録 加藤 | 検収対応 最終一括精算対応,,"T24 4. 最終化・検収対応 最終一括精算対応 請求・支払処理完了記録 加藤 大輔 / 山田 太一 2025-08-01 2025-08-01 =G25-F25+1 T23 ○ 完了 MS8対応、税込3,443,000円、CP10対応"
株式会社青葉バイオメディカル機器,data/processed/share/share/共有ドライブ/プロジェクト/株式会社青葉バイオメディカル機器/02.計画/スケジュール.xlsx.sheets/リソース配分.csv,0,,,,【役割別工数配分】
株式会社青葉バイオメディカル機器,data/processed/share/share/共有ドライブ/プロジェクト/株式会社青葉バイオメディカル機器/02.計画/スケジュール.xlsx.sheets/リソース配分.csv,1,,役割 氏名 | 想定工数 主担当工程,,役割 氏名 想定工数 主担当工程
白峰信用リスク評価株式会社,data/processed/share/share/共有ドライブ/プロジェクト/白峰信用リスク評価株式会社/02.計画/スケジュール.xlsx.sheets/WBS.csv,0,T01,会議資料作成 目的 | 松本 真央 | 資料 完了 | 除外方針確認 伊藤,,"T01 フェーズ1 キックオフ準備 キックオフ準備・会議資料作成 目的、KPI、class定義、id除外方針確認 伊藤 翔太 / 松本 真央 PM / BA 2025-05-13 2025-05-13 =IF(AND(H2<>"""",I2<>""""),NETWORKDAYS(H2,I2),"""") なし キックオフ資料 完了 ●"
白峰信用リスク評価株式会社,data/processed/share/share/共有ドライブ/プロジェクト/白峰信用リスク評価株式会社/02.計画/スケジュール.xlsx.sheets/WBS.csv,1,T01 | T02,完了 伊藤 | 松原 陽介 | 議事録 完了,,"T02 フェーズ1 キックオフ準備 キックオフ実施(M01) MS1: キックオフ完了 伊藤 翔太 / 松原 陽介 PM / 部長 2025-05-13 2025-05-13 =IF(AND(H3<>"""",I3<>""""),NETWORKDAYS(H3,I3),"""") T01 キックオフ議事録 完了 ● マイルストーンMS1"
白峰信用リスク評価株式会社,data/processed/share/share/共有ドライブ/プロジェクト/白峰信用リスク評価株式会社/02.計画/スケジュール.xlsx.sheets/WBS.csv,2,T02 | T03,単一正本運用確認 契約範囲 | 確認 伊藤 | 運営条件確認 契約条件,,"T03 フェーズ1 契約・運営条件確認 契約条件・単一正本運用確認 契約範囲、運営ルール確認 伊藤 翔太 PM 2025-05-14 2025-05-15 =IF(AND(H4<>"""",I4<>""""),NETWORKDAYS(H4,I4),"""") T02 契約確認メモ、運営ルール 完了"
白峰信用リスク評価株式会社,data/processed/share/share/共有ドライブ/プロジェクト/白峰信用リスク評価株式会社/02.計画/スケジュール.xlsx.sheets/WBS.csv,3,T02 | T04,権限確認 受領 | 確定 斎藤 | 確認記録 完了,,"T04 フェーズ1 データ受領・アクセス確認 データ受領・アクセス権限確認 受領データ前提の確定 斎藤 悠斗 DE 2025-05-14 2025-05-16 =IF(AND(H5<>"""",I5<>""""),NETWORKDAYS(H5,I5),"""") T02 受領確認記録、アクセス確認記録 完了 ●"
白峰信用リスク評価株式会社,data/processed/share/share/共有ドライブ/プロジェクト/白峰信用リスク評価株式会社/02.計画/スケジュール.xlsx.sheets/WBS.csv,4,T03 | T04 | T05,伊藤 翔太 | 確定 詳細 | 課題管理表 完了,,"T05 フェーズ1 スケジュール確定 詳細スケジュール・課題管理表確定 伊藤 翔太 PM 2025-05-15 2025-05-16 =IF(AND(H6<>"""",I6<>""""),NETWORKDAYS(H6,I6),"""") T03,T04 スケジュール版管理票、課題管理表 完了"
白峰信用リスク評価株式会社,data/processed/share/share/共有ドライブ/プロジェクト/白峰信用リスク評価株式会社/02.計画/スケジュール.xlsx.sheets/WBS.csv,5,T03 | T06,伊藤 翔太 | 支払確認記録 完了 | 支払管理 着手金請求,,"T06 フェーズ1 支払管理 着手金請求・支払確認 MS2: 着手金支払期日 2025-05-20 伊藤 翔太 PM 2025-05-13 2025-05-20 =IF(AND(H7<>"""",I7<>""""),NETWORKDAYS(H7,I7),"""") T03 請求記録、支払確認記録 完了 マイルストーンMS2 / 着手金40% ¥2,992,000 6/18入金確認"
白峰信用リスク評価株式会社,data/processed/share/share/共有ドライブ/プロジェクト/白峰信用リスク評価株式会社/02.計画/スケジュール.xlsx.sheets/WBS.csv,6,T04 | T05 | T07,全体把握 斎藤 | 初版 完了 | 実施 欠損,,"T07 フェーズ2 データプロファイリング データプロファイリング実施 欠損、外れ値、相関、不均衡の全体把握 斎藤 悠斗 DE 2025-05-19 2025-05-21 =IF(AND(H8<>"""",I8<>""""),NETWORKDAYS(H8,I8),"""") T04,T05 データ確認結果サマリ初版 完了 ●"
白峰信用リスク評価株式会社,data/processed/share/share/共有ドライブ/プロジェクト/白峰信用リスク評価株式会社/02.計画/スケジュール.xlsx.sheets/WBS.csv,7,T07 | T08,列採否比較案 完了 | 斎藤 悠斗 | 欠損分析 欠損分析 | 比較方針整理 山本,,"T08 フェーズ2 欠損分析 欠損分析・高欠損列方針整理 Attr37を含む高欠損列の比較方針整理 山本 彩乃 / 斎藤 悠斗 DS / DE 2025-05-21 2025-05-23 =IF(AND(H9<>"""",I9<>""""),NETWORKDAYS(H9,I9),"""") T07 欠損分析メモ、列採否比較案 完了 ●"
白峰信用リスク評価株式会社,data/processed/share/share/共有ドライブ/プロジェクト/白峰信用リスク評価株式会社/02.計画/スケジュール.xlsx.sheets/WBS.csv,8,T07 | T09,分布分析 外 | 山本 彩乃 | 相関分析 多重共線性確認含 | 相関分析結果 完了,,"T09 フェーズ2 外れ値・分布分析 外れ値・分布・相関分析 多重共線性確認含む 山本 彩乃 DS 2025-05-21 2025-05-26 =IF(AND(H10<>"""",I10<>""""),NETWORKDAYS(H10,I10),"""") T07 分布分析資料、相関分析結果 完了 ●"
白峰信用リスク評価株式会社,data/processed/share/share/共有ドライブ/プロジェクト/白峰信用リスク評価株式会社/02.計画/スケジュール.xlsx.sheets/WBS.csv,9,T08 | T09 | T10,山本 彩乃 | 松本 真央 | 資料 完了,,"T10 フェーズ2 前処理方針レビュー 分析方針レビュー資料作成 山本 彩乃 / 松本 真央 DS / BA 2025-05-26 2025-05-26 =IF(AND(H11<>"""",I11<>""""),NETWORKDAYS(H11,I11),"""") T08,T09 分析方針レビュー資料 完了 ●"
白峰信用リスク評価株式会社,data/processed/share/share/共有ドライブ/プロジェクト/白峰信用リスク評価株式会社/02.計画/スケジュール.xlsx.sheets/WBS.csv,10,T10 | T11,伊藤 翔太 | 決定事項一覧 完了 | 評価条件確定 山本,,"T11 フェーズ2 前処理方針レビュー 分析方針レビュー実施(M02) MS3: 欠損・外れ値・不均衡対応、評価条件確定 山本 彩乃 / 伊藤 翔太 DS / PM 2025-05-27 2025-05-27 =IF(AND(H12<>"""",I12<>""""),NETWORKDAYS(H12,I12),"""") T10 レビュー議事録、決定事項一覧 完了 ● マイルストーンMS3"
白峰信用リスク評価株式会社,data/processed/share/share/共有ドライブ/プロジェクト/白峰信用リスク評価株式会社/02.計画/スケジュール.xlsx.sheets/WBS.csv,11,T11 | T12,斎藤 悠斗 | 理解完了 山本 | 評価指標定義 完了,,"T12 フェーズ2 前処理方針レビュー 前処理仕様・評価条件固定 MS4: データ理解完了 山本 彩乃 / 斎藤 悠斗 DS / DE 2025-05-28 2025-05-30 =IF(AND(H13<>"""",I13<>""""),NETWORKDAYS(H13,I13),"""") T11 前処理仕様、評価指標定義 完了 ● マイルストーンMS4"
白峰信用リスク評価株式会社,data/processed/share/share/共有ドライブ/プロジェクト/白峰信用リスク評価株式会社/02.計画/スケジュール.xlsx.sheets/WBS.csv,12,T12 | T13,初期結果算出 山本 | 構築 学習 | 結果表 完了,,"T13 フェーズ3 ベースラインモデル構築 ベースラインモデル構築 学習・評価条件に基づく初期結果算出 山本 彩乃 DS 2025-06-02 2025-06-06 =IF(AND(H14<>"""",I14<>""""),NETWORKDAYS(H14,I14),"""") T12 ベースライン結果表 完了 ●"
白峰信用リスク評価株式会社,data/processed/share/share/共有ドライブ/プロジェクト/白峰信用リスク評価株式会社/02.計画/スケジュール.xlsx.sheets/WBS.csv,13,T13 | T14,不均衡対応比較 不均衡対応比較 | 値比較表 完了 | 山本 彩乃,,"T14 フェーズ3 不均衡対応比較 不均衡対応比較・しきい値検討 山本 彩乃 DS 2025-06-09 2025-06-13 =IF(AND(H15<>"""",I15<>""""),NETWORKDAYS(H15,I15),"""") T13 比較結果表、しきい値比較表 完了 ●"
白峰信用リスク評価株式会社,data/processed/share/share/共有ドライブ/プロジェクト/白峰信用リスク評価株式会社/02.計画/スケジュール.xlsx.sheets/WBS.csv,14,T14 | T15,中間報告書作成 中間報告書 | 山本 彩乃 | 松本 真央,,"T15 フェーズ3 中間報告書作成 中間報告書ドラフト作成 松本 真央 / 山本 彩乃 BA / DS 2025-06-12 2025-06-16 =IF(AND(H16<>"""",I16<>""""),NETWORKDAYS(H16,I16),"""") T14 中間報告書ドラフト 完了 ●"
白峰信用リスク評価株式会社,data/processed/share/share/共有ドライブ/プロジェクト/白峰信用リスク評価株式会社/02.計画/スケジュール.xlsx.sheets/WBS.csv,15,T15 | T16,山本 彩乃 | 方針合意 伊藤 | 議事録 完了,,"T16 フェーズ3 中間レビュー 中間レビュー実施(M03) MS5: 候補モデル比較軸、しきい値、セグメント方針合意 伊藤 翔太 / 山本 彩乃 PM / DS 2025-06-17 2025-06-17 =IF(AND(H17<>"""",I17<>""""),NETWORKDAYS(H17,I17),"""") T15 中間レビュー議事録 完了 ● マイルストーンMS5"
白峰信用リスク評価株式会社,data/processed/share/share/共有ドライブ/プロジェクト/白峰信用リスク評価株式会社/02.計画/スケジュール.xlsx.sheets/WBS.csv,16,T16 | T17,変更管理 変更管理 | 変更管理判定記録 完了 | 追加対応要否確認 伊藤,,"T17 フェーズ3 変更管理 変更管理チェックポイント MS6: 契約範囲逸脱有無、追加対応要否確認 伊藤 翔太 PM 2025-06-18 2025-06-18 =IF(AND(H18<>"""",I18<>""""),NETWORKDAYS(H18,I18),"""") T16 変更管理判定記録 完了 ● マイルストーンMS6 / リスクバッファB1"
白峰信用リスク評価株式会社,data/processed/share/share/共有ドライブ/プロジェクト/白峰信用リスク評価株式会社/02.計画/スケジュール.xlsx.sheets/WBS.csv,17,T16 | T17 | T18,山本 彩乃 | 斎藤 悠斗 | 評価結果 完了,,"T18 フェーズ4 複数モデル比較 モデル高度化実験 山本 彩乃 / 斎藤 悠斗 DS / DE 2025-06-19 2025-06-27 =IF(AND(H19<>"""",I19<>""""),NETWORKDAYS(H19,I19),"""") T16,T17 候補モデル評価結果 完了 ●"
白峰信用リスク評価株式会社,data/processed/share/share/共有ドライブ/プロジェクト/白峰信用リスク評価株式会社/02.計画/スケジュール.xlsx.sheets/WBS.csv,18,T18 | T19,山本 彩乃 | 松本 真央 | 重要変数整理表 完了,,"T19 フェーズ4 特徴量重要度・セグメント リスクセグメント・重要変数整理 山本 彩乃 / 松本 真央 DS / BA 2025-06-30 2025-07-02 =IF(AND(H20<>"""",I20<>""""),NETWORKDAYS(H20,I20),"""") T18 セグメント分析資料、重要変数整理表 完了 ●"
白峰信用リスク評価株式会社,data/processed/share/share/共有ドライブ/プロジェクト/白峰信用リスク評価株式会社/02.計画/スケジュール.xlsx.sheets/WBS.csv,19,T18 | T19 | T20,山本 彩乃 | 文書化 松本 | 説明可能性資料作成 説明可能性 | 説明資料 完了 | 説明資料作成 監査,,"T20 フェーズ4 監査・説明資料作成 監査・説明可能性資料作成 説明可能性、監査証跡、アクセス制御に関する文書化 松本 真央 / 山本 彩乃 BA / DS 2025-07-01 2025-07-03 =IF(AND(H21<>"""",I21<>""""),NETWORKDAYS(H21,I21),"""") T18,T19 監査向け説明資料 完了 ●"
白峰信用リスク評価株式会社,data/processed/share/share/共有ドライブ/プロジェクト/白峰信用リスク評価株式会社/02.計画/スケジュール.xlsx.sheets/WBS.csv,20,T19 | T20 | T21,修正版成果物 完了 | 説明資料完成 池田,,"T21 フェーズ4 QAレビュー QAレビュー・是正反映 MS7: モデル比較・説明資料完成 池田 恒一 QA 2025-07-03 2025-07-04 =IF(AND(H22<>"""",I22<>""""),NETWORKDAYS(H22,I22),"""") T19,T20 QAレビュー記録、修正版成果物 完了 ● マイルストーンMS7"
白峰信用リスク評価株式会社,data/processed/share/share/共有ドライブ/プロジェクト/白峰信用リスク評価株式会社/02.計画/スケジュール.xlsx.sheets/WBS.csv,21,T21 | T22,山本 彩乃 | 最終報告書作成 最終報告書作成 | 松本 真央,,"T22 フェーズ5 最終報告書作成 最終報告書作成 松本 真央 / 山本 彩乃 BA / DS 2025-07-07 2025-07-11 =IF(AND(H23<>"""",I23<>""""),NETWORKDAYS(H23,I23),"""") T21 最終報告書ドラフト 完了 ●"
白峰信用リスク評価株式会社,data/processed/share/share/共有ドライブ/プロジェクト/白峰信用リスク評価株式会社/02.計画/スケジュール.xlsx.sheets/WBS.csv,22,T22 | T23,伊藤 翔太 | 松本 真央 | 準備 最終 | 資料 完了,,"T23 フェーズ5 最終レビュー準備 最終レビュー資料作成 伊藤 翔太 / 松本 真央 PM / BA 2025-07-10 2025-07-14 =IF(AND(H24<>"""",I24<>""""),NETWORKDAYS(H24,I24),"""") T22 最終レビュー資料 完了 ●"
白峰信用リスク評価株式会社,data/processed/share/share/共有ドライブ/プロジェクト/白峰信用リスク評価株式会社/02.計画/スケジュール.xlsx.sheets/WBS.csv,23,T23 | T24,伊藤 翔太 | 承認事項一覧 完了 | 検収観点確認 中村,,"T24 フェーズ5 最終レビュー 最終レビュー実施(M04) MS8: 最終モデル候補、採用理由、検収観点確認 中村 誠 / 伊藤 翔太 ES / PM 2025-07-15 2025-07-15 =IF(AND(H25<>"""",I25<>""""),NETWORKDAYS(H25,I25),"""") T23 最終レビュー議事録、承認事項一覧 完了 ● マイルストーンMS8"
白峰信用リスク評価株式会社,data/processed/share/share/共有ドライブ/プロジェクト/白峰信用リスク評価株式会社/02.計画/スケジュール.xlsx.sheets/WBS.csv,24,T24 | T25,伊藤 翔太 | 提出記録 完了 | 松本 真央 | 検収反映 最終成果物提出,,"T25 フェーズ5 検収反映 最終成果物提出・検収反映 伊藤 翔太 / 松本 真央 PM / BA 2025-07-16 2025-07-18 =IF(AND(H26<>"""",I26<>""""),NETWORKDAYS(H26,I26),"""") T24 最終報告書確定版、提出記録 完了 ●"
白峰信用リスク評価株式会社,data/processed/share/share/共有ドライブ/プロジェクト/白峰信用リスク評価株式会社/02.計画/スケジュール.xlsx.sheets/WBS.csv,25,T24 | T26,山本 彩乃 | 整合性補強 伊藤 | 期間 最終 | 軽微修正反映 完了,,"T26 フェーズ5 リスクバッファ リスクバッファ期間 最終レビュー後の軽微修正、整合性補強 伊藤 翔太 / 山本 彩乃 PM / DS 2025-07-16 2025-07-18 =IF(AND(H27<>"""",I27<>""""),NETWORKDAYS(H27,I27),"""") T24 是正対応、軽微修正反映 完了 リスクバッファB2"
白峰信用リスク評価株式会社,data/processed/share/share/共有ドライブ/プロジェクト/白峰信用リスク評価株式会社/02.計画/スケジュール.xlsx.sheets/WBS.csv,26,T24 | T27,伊藤 翔太 | 支払確認記録 完了 | 支払管理 検収金請求,,"T27 フェーズ5 支払管理 検収金請求・支払確認 MS9: 検収金支払期日 2025-07-22 伊藤 翔太 PM 2025-07-15 2025-07-22 =IF(AND(H28<>"""",I28<>""""),NETWORKDAYS(H28,I28),"""") T24 請求記録、支払確認記録 完了 マイルストーンMS9 / 検収金60% ¥4,488,000 期日通り入金確認"
白峰信用リスク評価株式会社,data/processed/share/share/共有ドライブ/プロジェクト/白峰信用リスク評価株式会社/02.計画/スケジュール.xlsx.sheets/WBS.csv,27,T25 | T27 | T28,成果物保管 伊藤 | 成果物保管記録 完了,,"T28 フェーズ5 プロジェクトクローズ プロジェクトクローズ 完了報告、成果物保管 伊藤 翔太 PM 2025-07-21 2025-07-22 =IF(AND(H29<>"""",I29<>""""),NETWORKDAYS(H29,I29),"""") T25,T27 完了報告、成果物保管記録 完了 ● 契約完了日"
白峰信用リスク評価株式会社,data/processed/share/share/共有ドライブ/プロジェクト/白峰信用リスク評価株式会社/02.計画/スケジュール.xlsx.sheets/リソース計画.csv,0,,,,役割別主担当
白峰信用リスク評価株式会社,data/processed/share/share/共有ドライブ/プロジェクト/白峰信用リスク評価株式会社/02.計画/スケジュール.xlsx.sheets/リソース計画.csv,1,,役割 略称 | 氏名 主担当工程,,役割 略称 氏名 主担当工程
白峰信用リスク評価株式会社,data/processed/share/share/共有ドライブ/プロジェクト/白峰信用リスク評価株式会社/02.計画/スケジュール.xlsx.sheets/リソース計画.csv,11,,副担当 配分方針 | 期間 主担当,,フェーズ 期間 主担当 副担当 配分方針
青葉与信マネジメント株式会社,data/processed/share/share/共有ドライブ/プロジェクト/青葉与信マネジメント株式会社/02.計画/スケジュール.xlsx.sheets/sheet1.csv,1,,備考 担当者 | 稼働日数 依存 | 開始日 終了日,,タスクID フェーズ フェーズ期間 タスク名 詳細・備考 担当者 開始日 終了日 稼働日数 依存タスク 成果物 ステータス クリティカルパス 備考
青葉与信マネジメント株式会社,data/processed/share/share/共有ドライブ/プロジェクト/青葉与信マネジメント株式会社/02.計画/スケジュール.xlsx.sheets/sheet1.csv,2,T01,会議実施 体制 | 確定 伊藤 | 議事録 完了,,"T01 1. 立上げ・前提確定 04/09~04/11 キックオフ会議実施 体制、目的、loan_status定義、週次運営を確定 伊藤 翔太 2025-04-09 00:00:00 2025-04-09 00:00:00 =IF(G3="""","""",NETWORKDAYS(G3,H3)) — キックオフ議事録 完了 ● MS1対応"
青葉与信マネジメント株式会社,data/processed/share/share/共有ドライブ/プロジェクト/青葉与信マネジメント株式会社/02.計画/スケジュール.xlsx.sheets/sheet1.csv,3,T01 | T02,前提確定記録 完了 | 山本 彩乃 | 確定 中村,,"T02 1. 立上げ・前提確定 04/09~04/11 loan_status業務定義確定 loan_statusの0/1業務定義を確定 中村 浩一 / 山本 彩乃 2025-04-09 00:00:00 2025-04-09 00:00:00 =IF(G4="""","""",NETWORKDAYS(G4,H4)) T01 前提確定記録 完了 最上流必須CP"
青葉与信マネジメント株式会社,data/processed/share/share/共有ドライブ/プロジェクト/青葉与信マネジメント株式会社/02.計画/スケジュール.xlsx.sheets/sheet1.csv,4,T01 | T03,確認 中村 | 藤田 彩,,"T03 1. 立上げ・前提確定 04/09~04/11 interest_rate・grade利用可能時点確認 リーケージ懸念変数の利用可能時点を確認 中村 浩一 / 藤田 彩 2025-04-09 00:00:00 2025-04-10 00:00:00 =IF(G5="""","""",NETWORKDAYS(G5,H5)) T01 リーケージ判断メモ 完了 最上流必須CP"
青葉与信マネジメント株式会社,data/processed/share/share/共有ドライブ/プロジェクト/青葉与信マネジメント株式会社/02.計画/スケジュール.xlsx.sheets/sheet1.csv,5,T01 | T04,会議計画表 完了 | 日程確定 会議体 | 日程表配布 伊藤,,"T04 1. 立上げ・前提確定 04/09~04/11 週次会議・レビュー日程確定 会議体・レビュー日程を確定し日程表配布 伊藤 翔太 2025-04-09 00:00:00 2025-04-10 00:00:00 =IF(G6="""","""",NETWORKDAYS(G6,H6)) T01 会議計画表 完了"
青葉与信マネジメント株式会社,data/processed/share/share/共有ドライブ/プロジェクト/青葉与信マネジメント株式会社/02.計画/スケジュール.xlsx.sheets/sheet1.csv,6,T01 | T05,読込確認 斎藤 | 読込確認 正本 | 読込確認記録 完了,,"T05 2. データ理解・品質確認 04/10~04/18 データ受領・読込確認 正本データ(data\train.csv)の受領・読込確認 斎藤 悠斗 2025-04-10 00:00:00 2025-04-10 00:00:00 =IF(G7="""","""",NETWORKDAYS(G7,H7)) T01 読込確認記録 完了 ●"
青葉与信マネジメント株式会社,data/processed/share/share/共有ドライブ/プロジェクト/青葉与信マネジメント株式会社/02.計画/スケジュール.xlsx.sheets/sheet1.csv,7,T05 | T06,作成 斎藤 | 型整備 欠損値,,"T06 2. データ理解・品質確認 04/10~04/18 データ品質確認・型整備 欠損値、型確認、カテゴリ確認、整形スクリプト作成 斎藤 悠斗 2025-04-10 00:00:00 2025-04-15 00:00:00 =IF(G8="""","""",NETWORKDAYS(G8,H8)) T05 品質確認結果、整形スクリプト 完了 ●"
青葉与信マネジメント株式会社,data/processed/share/share/共有ドライブ/プロジェクト/青葉与信マネジメント株式会社/02.計画/スケジュール.xlsx.sheets/sheet1.csv,8,T06 | T07,変数定義表 完了 | 整理 藤田 | 斎藤 悠斗,,"T07 2. データ理解・品質確認 04/10~04/18 変数定義表作成 カラム説明.mdを基に変数定義表を整理 藤田 彩 / 斎藤 悠斗 2025-04-14 00:00:00 2025-04-16 00:00:00 =IF(G9="""","""",NETWORKDAYS(G9,H9)) T06 変数定義表 完了"
青葉与信マネジメント株式会社,data/processed/share/share/共有ドライブ/プロジェクト/青葉与信マネジメント株式会社/02.計画/スケジュール.xlsx.sheets/sheet1.csv,9,T06 | T08,作成 山本 | 値確認 各変数,,"T08 2. データ理解・品質確認 04/10~04/18 初期分布確認・外れ値確認 各変数の分布、外れ値を確認し初期分析メモを作成 山本 彩乃 2025-04-14 00:00:00 2025-04-18 00:00:00 =IF(G10="""","""",NETWORKDAYS(G10,H10)) T06 初期分析メモ 完了 ● MS2対応"
青葉与信マネジメント株式会社,data/processed/share/share/共有ドライブ/プロジェクト/青葉与信マネジメント株式会社/02.計画/スケジュール.xlsx.sheets/sheet1.csv,10,T08 | T09,単変量分析 不良率把握 | 単変量分析結果 完了 | 実施 山本,,"T09 3. 探索的分析・仮説整理 04/17~04/28 基準不良率・単変量分析 不良率把握、単変量分析を実施 山本 彩乃 2025-04-17 00:00:00 2025-04-22 00:00:00 =IF(G11="""","""",NETWORKDAYS(G11,H11)) T08 単変量分析結果 完了 ●"
青葉与信マネジメント株式会社,data/processed/share/share/共有ドライブ/プロジェクト/青葉与信マネジメント株式会社/02.計画/スケジュール.xlsx.sheets/sheet1.csv,11,T07 | T08 | T10,仮説整理 山本 | 分析資料 完了 | 藤田 彩,,"T10 3. 探索的分析・仮説整理 04/17~04/28 セグメント別分析・仮説整理 セグメント別不良率比較、仮説整理 山本 彩乃 / 藤田 彩 2025-04-21 00:00:00 2025-04-25 00:00:00 =IF(G12="""","""",NETWORKDAYS(G12,H12)) T07, T08 セグメント分析資料 完了"
青葉与信マネジメント株式会社,data/processed/share/share/共有ドライブ/プロジェクト/青葉与信マネジメント株式会社/02.計画/スケジュール.xlsx.sheets/sheet1.csv,12,T09 | T10 | T11,資料 完了 | 資料作成 探索的分析結果 | 集約 藤田,,"T11 3. 探索的分析・仮説整理 04/17~04/28 中間レビュー資料作成 探索的分析結果を中間レビュー資料に集約 藤田 彩 2025-04-24 00:00:00 2025-04-28 00:00:00 =IF(G13="""","""",NETWORKDAYS(G13,H13)) T09, T10 中間レビュー資料 完了 ●"
青葉与信マネジメント株式会社,data/processed/share/share/共有ドライブ/プロジェクト/青葉与信マネジメント株式会社/02.計画/スケジュール.xlsx.sheets/sheet1.csv,13,T11 | T12,中村 浩一 | 会実施 中間 | 合意 伊藤 | 議事録 完了,,"T12 3. 探索的分析・仮説整理 04/17~04/28 中間レビュー会実施 中間レビューで分析結果・論点を合意 伊藤 翔太 / 中村 浩一 2025-04-29 00:00:00 2025-04-29 00:00:00 =IF(G14="""","""",NETWORKDAYS(G14,H14)) T11 中間レビュー議事録 完了 ● MS3対応"
青葉与信マネジメント株式会社,data/processed/share/share/共有ドライブ/プロジェクト/青葉与信マネジメント株式会社/02.計画/スケジュール.xlsx.sheets/sheet1.csv,14,T12 | T13,変更管理判定 中間 | 変更管理記録 完了 | 影響確定 伊藤,,"T13 4. モデリング・評価 04/30~05/13 変更要求影響評価・変更管理判定 中間レビュー後の追加要望を仕分け・影響確定 伊藤 翔太 2025-04-30 00:00:00 2025-05-01 00:00:00 =IF(G15="""","""",NETWORKDAYS(G15,H15)) T12 変更管理記録 完了 MS4対応"
青葉与信マネジメント株式会社,data/processed/share/share/共有ドライブ/プロジェクト/青葉与信マネジメント株式会社/02.計画/スケジュール.xlsx.sheets/sheet1.csv,15,T12 | T14,結果 完了 | 評価 山本,,"T14 4. モデリング・評価 04/30~05/13 ベースラインモデル構築 ベースラインモデルの構築・学習・評価 山本 彩乃 2025-04-30 00:00:00 2025-05-07 00:00:00 =IF(G16="""","""",NETWORKDAYS(G16,H16)) T12 ベースラインモデル結果 完了 ●"
青葉与信マネジメント株式会社,data/processed/share/share/共有ドライブ/プロジェクト/青葉与信マネジメント株式会社/02.計画/スケジュール.xlsx.sheets/sheet1.csv,16,T12 | T13 | T15,構築 説明性重視 | 結果 完了 | 評価 山本,,"T15 4. モデリング・評価 04/30~05/13 説明性重視モデル構築 説明性重視モデルの構築・学習・評価 山本 彩乃 2025-05-02 00:00:00 2025-05-09 00:00:00 =IF(G17="""","""",NETWORKDAYS(G17,H17)) T12, T13 説明性重視モデル結果 完了"
青葉与信マネジメント株式会社,data/processed/share/share/共有ドライブ/プロジェクト/青葉与信マネジメント株式会社/02.計画/スケジュール.xlsx.sheets/sheet1.csv,17,T14 | T15 | T16,比較表 完了 | 比較評価 山本,,"T16 4. モデリング・評価 04/30~05/13 評価指標算出・モデル比較 ベースライン・説明性モデルの比較評価 山本 彩乃 2025-05-08 00:00:00 2025-05-13 00:00:00 =IF(G18="""","""",NETWORKDAYS(G18,H18)) T14, T15 評価指標一覧、比較表 完了 ● MS5対応"
青葉与信マネジメント株式会社,data/processed/share/share/共有ドライブ/プロジェクト/青葉与信マネジメント株式会社/02.計画/スケジュール.xlsx.sheets/sheet1.csv,18,T16 | T17,山本 彩乃 | 整理 藤田 | 示唆整理資料 完了,,"T17 5. 報告書作成・QA 05/12~05/21 リスク区分案・業務示唆整理 リスク区分案と業務示唆を整理 藤田 彩 / 山本 彩乃 2025-05-12 00:00:00 2025-05-15 00:00:00 =IF(G19="""","""",NETWORKDAYS(G19,H19)) T16 リスク区分案、示唆整理資料 完了 ●"
青葉与信マネジメント株式会社,data/processed/share/share/共有ドライブ/プロジェクト/青葉与信マネジメント株式会社/02.計画/スケジュール.xlsx.sheets/sheet1.csv,19,T16 | T17 | T18,中間報告書 完了 | 中間報告書確定 中間報告書 | 最終確定 藤田,,"T18 5. 報告書作成・QA 05/12~05/21 中間報告書確定 中間報告書の最終確定 藤田 彩 2025-05-14 00:00:00 2025-05-16 00:00:00 =IF(G20="""","""",NETWORKDAYS(G20,H20)) T16, T17 中間報告書 完了"
青葉与信マネジメント株式会社,data/processed/share/share/共有ドライブ/プロジェクト/青葉与信マネジメント株式会社/02.計画/スケジュール.xlsx.sheets/sheet1.csv,20,T17 | T18 | T19,作成 最終報告書 | 作成 藤田 | 山本 彩乃,,"T19 5. 報告書作成・QA 05/12~05/21 最終報告書ドラフト作成 最終報告書ドラフトを作成 藤田 彩 / 山本 彩乃 2025-05-15 00:00:00 2025-05-21 00:00:00 =IF(G21="""","""",NETWORKDAYS(G21,H21)) T17, T18 最終報告書ドラフト 完了 ● MS6対応"
青葉与信マネジメント株式会社,data/processed/share/share/共有ドライブ/プロジェクト/青葉与信マネジメント株式会社/02.計画/スケジュール.xlsx.sheets/sheet1.csv,21,T19 | T20,指摘一覧 完了 | 整合性確認 成果物整合性 | 確認 岡田,,"T20 5. 報告書作成・QA 05/12~05/21 QAレビュー・整合性確認 成果物整合性、監査証跡、版管理を確認 岡田 佑樹 2025-05-19 00:00:00 2025-05-21 00:00:00 =IF(G22="""","""",NETWORKDAYS(G22,H22)) T19 QA指摘一覧 完了 ●"
青葉与信マネジメント株式会社,data/processed/share/share/共有ドライブ/プロジェクト/青葉与信マネジメント株式会社/02.計画/スケジュール.xlsx.sheets/sheet1.csv,22,T20 | T21,反映 伊藤 | 山本 彩乃 | 最終版成果物一式 完了 | 藤田 彩,,"T21 6. 最終化・検収・納品 05/22~05/28 リスクバッファ期間での修正反映 QA指摘修正、グラフ精査、追加整理を反映 伊藤 翔太 / 山本 彩乃 / 藤田 彩 2025-05-22 00:00:00 2025-05-26 00:00:00 =IF(G23="""","""",NETWORKDAYS(G23,H23)) T20 最終版成果物一式 完了 ● リスクバッファ期間"
青葉与信マネジメント株式会社,data/processed/share/share/共有ドライブ/プロジェクト/青葉与信マネジメント株式会社/02.計画/スケジュール.xlsx.sheets/sheet1.csv,23,T21 | T22,中村 浩一 | 検収会実施 最終成果物説明 | 検収判定記録 完了 | 検収可否判定 伊藤,,"T22 6. 最終化・検収・納品 05/22~05/28 最終報告・検収会実施 最終成果物説明、業務示唆確認、検収可否判定 伊藤 翔太 / 中村 浩一 2025-05-27 00:00:00 2025-05-27 00:00:00 =IF(G24="""","""",NETWORKDAYS(G24,H24)) T21 最終報告会議事録、検収判定記録 完了 ● MS7対応"
青葉与信マネジメント株式会社,data/processed/share/share/共有ドライブ/プロジェクト/青葉与信マネジメント株式会社/02.計画/スケジュール.xlsx.sheets/sheet1.csv,24,T22 | T23,最終納品 最終版成果物納品 | 最終納品物 完了 | 版管理確定 伊藤,,"T23 6. 最終化・検収・納品 05/22~05/28 最終納品 最終版成果物納品、版管理確定 伊藤 翔太 2025-05-28 00:00:00 2025-05-28 00:00:00 =IF(G25="""","""",NETWORKDAYS(G25,H25)) T22 最終納品物 完了 ● MS8対応"
青葉与信マネジメント株式会社,data/processed/share/share/共有ドライブ/プロジェクト/青葉与信マネジメント株式会社/02.計画/スケジュール.xlsx.sheets/Sheet2.csv,0,T01 | T02,伊藤 翔太 | 確定 中村,,"MS1 キックオフ・前提確定 2025-04-09 体制、目的、loan_status定義、リーケージ懸念変数の扱い、週次運営を確定 中村 浩一 / 伊藤 翔太 T01, T02 完了"
青葉与信マネジメント株式会社,data/processed/share/share/共有ドライブ/プロジェクト/青葉与信マネジメント株式会社/02.計画/スケジュール.xlsx.sheets/Sheet2.csv,1,T05 | T08,完了 山本 | 斎藤 悠斗,,MS2 データ理解完了 2025-04-18 データ読込、品質確認、型整備、変数定義表、初期論点整理を完了 山本 彩乃 / 斎藤 悠斗 T05~T08 完了
青葉与信マネジメント株式会社,data/processed/share/share/共有ドライブ/プロジェクト/青葉与信マネジメント株式会社/02.計画/スケジュール.xlsx.sheets/Sheet2.csv,2,T12,伊藤 翔太 | 合意 中村,,MS3 中間レビュー実施 2025-04-29 探索的分析、初期モデリング結果、評価指標、深掘り論点優先順位を合意 中村 浩一 / 伊藤 翔太 T12 完了
青葉与信マネジメント株式会社,data/processed/share/share/共有ドライブ/プロジェクト/青葉与信マネジメント株式会社/02.計画/スケジュール.xlsx.sheets/Sheet2.csv,3,T13,中村 浩一 | 確定 伊藤,,MS4 変更管理チェックポイント 2025-05-01 中間レビュー後の追加要望を仕分けし、契約範囲内外と影響を確定 伊藤 翔太 / 中村 浩一 T13 完了
青葉与信マネジメント株式会社,data/processed/share/share/共有ドライブ/プロジェクト/青葉与信マネジメント株式会社/02.計画/スケジュール.xlsx.sheets/Sheet2.csv,4,T16,確定 山本,,MS5 モデル評価完了 2025-05-13 ベースラインモデル・説明性重視モデルの比較、リスク区分案、主要特徴量解釈を確定 山本 彩乃 T16 完了
青葉与信マネジメント株式会社,data/processed/share/share/共有ドライブ/プロジェクト/青葉与信マネジメント株式会社/02.計画/スケジュール.xlsx.sheets/Sheet2.csv,5,T19 | T20,岡田 佑樹 | 藤田 彩,,"MS6 報告書ドラフト完了 2025-05-21 中間報告書確定、最終報告書ドラフト、QA指摘一覧、監査証跡を揃える 藤田 彩 / 岡田 佑樹 T19, T20 完了"
青葉与信マネジメント株式会社,data/processed/share/share/共有ドライブ/プロジェクト/青葉与信マネジメント株式会社/02.計画/スケジュール.xlsx.sheets/Sheet2.csv,6,T22,検収可否判定 中村,,MS7 最終報告・検収会 2025-05-27 最終成果物説明、業務示唆確認、検収可否判定 中村 浩一 T22 完了
青葉与信マネジメント株式会社,data/processed/share/share/共有ドライブ/プロジェクト/青葉与信マネジメント株式会社/02.計画/スケジュール.xlsx.sheets/Sheet2.csv,7,T23,納品完了 伊藤,,MS8 最終納品完了 2025-05-28 最終版成果物納品、版管理確定、契約上の納品完了 伊藤 翔太 T23 完了
青葉与信マネジメント株式会社,data/processed/share/share/共有ドライブ/プロジェクト/青葉与信マネジメント株式会社/02.計画/スケジュール.xlsx.sheets/Sheet2.csv,8,T24,着手金支払 青葉与信,,MS9 着手金支払期日 2025-04-16 着手金支払 青葉与信マネジメント株式会社 T24 完了
青葉与信マネジメント株式会社,data/processed/share/share/共有ドライブ/プロジェクト/青葉与信マネジメント株式会社/02.計画/スケジュール.xlsx.sheets/Sheet2.csv,9,T25,検収金支払 青葉与信,,MS10 検収金支払期日 2025-06-03 検収金支払 青葉与信マネジメント株式会社 T25 完了
青葉与信マネジメント株式会社,data/processed/share/share/共有ドライブ/プロジェクト/青葉与信マネジメント株式会社/02.計画/スケジュール.xlsx.sheets/Sheet3.csv,0,T01,兼定例 体制確定 | 定例会議 第,,定例会議 第1回 2025-04-09 キックオフ兼定例 体制確定、前提合意、週次ルール確認 MS1 / T01 完了
青葉与信マネジメント株式会社,data/processed/share/share/共有ドライブ/プロジェクト/青葉与信マネジメント株式会社/02.計画/スケジュール.xlsx.sheets/Sheet3.csv,1,T06 | T07,定例会議 第 | 週次定例 品質確認状況,,"定例会議 第2回 2025-04-15 週次定例 品質確認状況、データ理解進捗 T06, T07 完了"
青葉与信マネジメント株式会社,data/processed/share/share/共有ドライブ/プロジェクト/青葉与信マネジメント株式会社/02.計画/スケジュール.xlsx.sheets/Sheet3.csv,2,T09 | T10,定例会議 第 | 週次定例 中間,,"定例会議 第3回 2025-04-22 週次定例 中間レビュー論点共有、探索的分析進捗 T09, T10 完了"
青葉与信マネジメント株式会社,data/processed/share/share/共有ドライブ/プロジェクト/青葉与信マネジメント株式会社/02.計画/スケジュール.xlsx.sheets/Sheet3.csv,3,T12,定例会議 第,,定例会議 第4回 2025-04-29 中間レビュー会 探索的分析結果、初期モデル結果、評価指標 MS3 / T12 完了
青葉与信マネジメント株式会社,data/processed/share/share/共有ドライブ/プロジェクト/青葉与信マネジメント株式会社/02.計画/スケジュール.xlsx.sheets/Sheet3.csv,4,T14 | T15,定例会議 第,,"定例会議 第5回 2025-05-06 週次定例 モデリング進捗、変更管理状況 T14, T15 完了"
青葉与信マネジメント株式会社,data/processed/share/share/共有ドライブ/プロジェクト/青葉与信マネジメント株式会社/02.計画/スケジュール.xlsx.sheets/Sheet3.csv,5,T16,定例会議 第,,定例会議 第6回 2025-05-13 週次定例 モデル評価結果、リスク区分案 MS5 / T16 完了
青葉与信マネジメント株式会社,data/processed/share/share/共有ドライブ/プロジェクト/青葉与信マネジメント株式会社/02.計画/スケジュール.xlsx.sheets/Sheet3.csv,6,T19 | T20,定例会議 第 | 週次定例 報告書,,"定例会議 第7回 2025-05-20 週次定例 報告書ドラフト状況、QA進捗 T19, T20 完了"
青葉与信マネジメント株式会社,data/processed/share/share/共有ドライブ/プロジェクト/青葉与信マネジメント株式会社/02.計画/スケジュール.xlsx.sheets/Sheet3.csv,7,T22,定例会議 第 | 検収会 最終成果物説明,,定例会議 第8回 2025-05-27 最終報告・検収会 最終成果物説明、検収可否判定 MS7 / T22 完了
青葉与信マネジメント株式会社,data/processed/share/share/共有ドライブ/プロジェクト/青葉与信マネジメント株式会社/02.計画/スケジュール.xlsx.sheets/Sheet3.csv,16,T24,支払 着手金 | 着手金支払期日 契約締結後,,支払 着手金 2025-04-16 着手金支払期日 契約締結後5営業日以内 MS9 / T24 完了
青葉与信マネジメント株式会社,data/processed/share/share/共有ドライブ/プロジェクト/青葉与信マネジメント株式会社/02.計画/スケジュール.xlsx.sheets/Sheet3.csv,17,T25,支払 検収金 | 検収金支払期日 検収完了後,,支払 検収金 2025-06-03 検収金支払期日 検収完了後5営業日以内 MS10 / T25 完了
