dataset,question_id,question,required_documents,strict_selected_documents,generic_top1,generic_top3,generic_top5,generic_top10,strict_exact,generic_top1_contains_label,generic_top3_contains_label,generic_top5_contains_label,generic_top10_contains_label,comparison_outcome,strict_not_observable,multiple_document_shortfall,generated_by,source,confidence,requires_manual_review
test,0,白峰信用リスク評価の提案書old.pptxから提案書.pptxへの更新内容のうち、案件遂行に関連する実質的な変更を挙げてください。,share/共有ドライブ/プロジェクト/白峰信用リスク評価株式会社/00.提案/提案書old.pptx | share/共有ドライブ/プロジェクト/白峰信用リスク評価株式会社/00.提案/提案書.pptx,data/raw/share/share/共有ドライブ/プロジェクト/白峰信用リスク評価株式会社/00.提案/提案書.pptx,data/raw/share/share/共有ドライブ/プロジェクト/白峰信用リスク評価株式会社/00.提案/提案書old.pptx,data/raw/share/share/共有ドライブ/プロジェクト/白峰信用リスク評価株式会社/00.提案/提案書old.pptx | data/raw/share/share/共有ドライブ/プロジェクト/白峰信用リスク評価株式会社/00.提案/提案書.pptx | data/raw/share/share/共有ドライブ/プロジェクト/白峰信用リスク評価株式会社/06.報告書/白峰信用リスク評価株式会社_最終報告.pptx,data/raw/share/share/共有ドライブ/プロジェクト/白峰信用リスク評価株式会社/00.提案/提案書old.pptx | data/raw/share/share/共有ドライブ/プロジェクト/白峰信用リスク評価株式会社/00.提案/提案書.pptx | data/raw/share/share/共有ドライブ/プロジェクト/白峰信用リスク評価株式会社/06.報告書/白峰信用リスク評価株式会社_最終報告.pptx | data/raw/share/share/共有ドライブ/プロジェクト/青葉与信マネジメント株式会社/00.提案/提案書_v1.pptx | data/raw/share/share/共有ドライブ/プロジェクト/青葉与信マネジメント株式会社/00.提案/提案書_v2.pptx,data/raw/share/share/共有ドライブ/プロジェクト/白峰信用リスク評価株式会社/00.提案/提案書old.pptx | data/raw/share/share/共有ドライブ/プロジェクト/白峰信用リスク評価株式会社/00.提案/提案書.pptx | data/raw/share/share/共有ドライブ/プロジェクト/白峰信用リスク評価株式会社/06.報告書/白峰信用リスク評価株式会社_最終報告.pptx | data/raw/share/share/共有ドライブ/プロジェクト/青葉与信マネジメント株式会社/00.提案/提案書_v1.pptx | data/raw/share/share/共有ドライブ/プロジェクト/青葉与信マネジメント株式会社/00.提案/提案書_v2.pptx | data/raw/share/share/共有ドライブ/プロジェクト/青葉与信マネジメント株式会社/00.提案/提案書_v3.pptx | data/raw/share/share/共有ドライブ/プロジェクト/株式会社青葉バイオメディカル機器/06.報告書/株式会社青葉バイオメディカル機器_最終報告.pptx | data/raw/share/share/共有ドライブ/プロジェクト/白峰信用リスク評価株式会社/05.会議/会議録/会議録_2025-05-13.pdf | data/raw/share/share/共有ドライブ/プロジェクト/白峰信用リスク評価株式会社/05.会議/会議録/会議録_2025-05-27.pdf | data/raw/share/share/共有ドライブ/プロジェクト/白峰信用リスク評価株式会社/05.会議/会議録/会議録_2025-06-17.pdf,False,False,False,False,False,both_fail,False,True,offline_comparison,Gate19 planning + EDA064 TopK,high,False
test,22,白峰信用リスク評価の01_eda_old.ipynbから01_eda.ipynbへの変更内容のうち、内容として変わっている点は何ですか。,share/共有ドライブ/プロジェクト/白峰信用リスク評価株式会社/04.分析/analysis_project/notebooks/01_eda.ipynb | share/共有ドライブ/プロジェクト/白峰信用リスク評価株式会社/04.分析/analysis_project/notebooks/01_eda_old.ipynb,data/raw/share/share/共有ドライブ/プロジェクト/白峰信用リスク評価株式会社/04.分析/analysis_project/notebooks/01_eda.ipynb,data/raw/share/share/共有ドライブ/プロジェクト/白峰信用リスク評価株式会社/04.分析/analysis_project/notebooks/01_eda_old.ipynb,data/raw/share/share/共有ドライブ/プロジェクト/白峰信用リスク評価株式会社/04.分析/analysis_project/notebooks/01_eda_old.ipynb | data/raw/share/share/共有ドライブ/プロジェクト/白峰信用リスク評価株式会社/04.分析/analysis_project/notebooks/01_eda.ipynb | data/raw/share/share/共有ドライブ/プロジェクト/白峰信用リスク評価株式会社/00.提案/提案書old.pptx,data/raw/share/share/共有ドライブ/プロジェクト/白峰信用リスク評価株式会社/04.分析/analysis_project/notebooks/01_eda_old.ipynb | data/raw/share/share/共有ドライブ/プロジェクト/白峰信用リスク評価株式会社/04.分析/analysis_project/notebooks/01_eda.ipynb | data/raw/share/share/共有ドライブ/プロジェクト/白峰信用リスク評価株式会社/00.提案/提案書old.pptx | data/raw/share/share/共有ドライブ/プロジェクト/白峰信用リスク評価株式会社/00.提案/提案書.pptx | data/raw/share/share/共有ドライブ/プロジェクト/白峰信用リスク評価株式会社/05.会議/会議録/会議録_2025-05-13.pdf,data/raw/share/share/共有ドライブ/プロジェクト/白峰信用リスク評価株式会社/04.分析/analysis_project/notebooks/01_eda_old.ipynb | data/raw/share/share/共有ドライブ/プロジェクト/白峰信用リスク評価株式会社/04.分析/analysis_project/notebooks/01_eda.ipynb | data/raw/share/share/共有ドライブ/プロジェクト/白峰信用リスク評価株式会社/00.提案/提案書old.pptx | data/raw/share/share/共有ドライブ/プロジェクト/白峰信用リスク評価株式会社/00.提案/提案書.pptx | data/raw/share/share/共有ドライブ/プロジェクト/白峰信用リスク評価株式会社/05.会議/会議録/会議録_2025-05-13.pdf | data/raw/share/share/共有ドライブ/プロジェクト/白峰信用リスク評価株式会社/05.会議/会議録/会議録_2025-05-27.pdf | data/raw/share/share/共有ドライブ/プロジェクト/白峰信用リスク評価株式会社/05.会議/会議録/会議録_2025-06-17.pdf | data/raw/share/share/共有ドライブ/プロジェクト/白峰信用リスク評価株式会社/06.報告書/白峰信用リスク評価株式会社_最終報告.pptx | data/raw/share/share/共有ドライブ/プロジェクト/株式会社青嶺不動産アセットマネジメント/00.提案/ニューヨーク不動産市場の最新動向調査.pdf | data/raw/share/share/共有ドライブ/プロジェクト/京橋信用ソリューションズ株式会社/04.分析/analysis_project/notebooks/01_eda.ipynb,False,False,False,False,False,strict_result_not_evaluable,False,True,offline_comparison,Gate19 planning + EDA064 TopK,medium,True
test,25,白峰信用リスク評価のtrain.xlsxにおいて、青色ハイライト部分の合計値を求めてください。四捨五入して整数で答えてください。,share/共有ドライブ/プロジェクト/白峰信用リスク評価株式会社/03.データ/train.xlsx,data/raw/share/share/共有ドライブ/プロジェクト/白峰信用リスク評価株式会社/03.データ/train.xlsx,data/raw/share/share/共有ドライブ/プロジェクト/白峰信用リスク評価株式会社/00.提案/提案書.pptx,data/raw/share/share/共有ドライブ/プロジェクト/白峰信用リスク評価株式会社/00.提案/提案書.pptx | data/raw/share/share/共有ドライブ/プロジェクト/白峰信用リスク評価株式会社/00.提案/提案書old.pptx | data/raw/share/share/共有ドライブ/プロジェクト/白峰信用リスク評価株式会社/06.報告書/白峰信用リスク評価株式会社_最終報告.pptx,data/raw/share/share/共有ドライブ/プロジェクト/白峰信用リスク評価株式会社/00.提案/提案書.pptx | data/raw/share/share/共有ドライブ/プロジェクト/白峰信用リスク評価株式会社/00.提案/提案書old.pptx | data/raw/share/share/共有ドライブ/プロジェクト/白峰信用リスク評価株式会社/06.報告書/白峰信用リスク評価株式会社_最終報告.pptx | data/raw/share/share/共有ドライブ/プロジェクト/京橋信用ソリューションズ株式会社/02.計画/スケジュール.xlsx | data/raw/share/share/共有ドライブ/プロジェクト/医療法人社団 恒一会 かえで総合病院/02.計画/~$スケジュール.xlsx,data/raw/share/share/共有ドライブ/プロジェクト/白峰信用リスク評価株式会社/00.提案/提案書.pptx | data/raw/share/share/共有ドライブ/プロジェクト/白峰信用リスク評価株式会社/00.提案/提案書old.pptx | data/raw/share/share/共有ドライブ/プロジェクト/白峰信用リスク評価株式会社/06.報告書/白峰信用リスク評価株式会社_最終報告.pptx | data/raw/share/share/共有ドライブ/プロジェクト/京橋信用ソリューションズ株式会社/02.計画/スケジュール.xlsx | data/raw/share/share/共有ドライブ/プロジェクト/医療法人社団 恒一会 かえで総合病院/02.計画/~$スケジュール.xlsx | data/raw/share/share/共有ドライブ/プロジェクト/医療法人社団 恒一会 かえで総合病院/02.計画/スケジュール.xlsx | data/raw/share/share/共有ドライブ/プロジェクト/医療法人社団 恒一会 かえで総合病院/03.データ/train.xlsx | data/raw/share/share/共有ドライブ/プロジェクト/医療法人社団 蒼樹会 みなみ野女性医療センター/02.計画/スケジュール.xlsx | data/raw/share/share/共有ドライブ/プロジェクト/医療法人社団 蒼樹会 みなみ野女性医療センター/03.データ/train.xlsx | data/raw/share/share/共有ドライブ/プロジェクト/医療法人社団 蒼泉会 ひがし丘総合病院/02.計画/スケジュール.xlsx,False,False,False,False,False,strict_result_not_evaluable,False,False,offline_comparison,Gate19 planning + EDA064 TopK,medium,True
test,44,IMにあるFMにおいて、佐藤さんから見て右側に座っている人の名前をすべて挙げてください。,share/共有ドライブ/社内管理/座席表.pptx | share/共有ドライブ/社内管理/社内用語集.pptx,data/raw/share/share/共有ドライブ/プロジェクト/医療法人社団 蒼樹会 みなみ野女性医療センター/00.提案/糖尿病統計情報.docx,data/raw/share/share/共有ドライブ/プロジェクト/株式会社青嶺不動産アセットマネジメント/00.提案/ニューヨーク不動産市場の最新動向調査.pdf,data/raw/share/share/共有ドライブ/プロジェクト/株式会社青嶺不動産アセットマネジメント/00.提案/ニューヨーク不動産市場の最新動向調査.pdf | data/raw/share/share/共有ドライブ/プロジェクト/医療法人社団 恒一会 かえで総合病院/06.報告書/医療法人社団 恒一会 かえで総合病院_最終報告.pptx | data/raw/share/share/共有ドライブ/プロジェクト/医療法人社団 恒一会 かえで総合病院/06.報告書/医療法人社団 恒一会 かえで総合病院_最終報告_old.pptx,data/raw/share/share/共有ドライブ/プロジェクト/株式会社青嶺不動産アセットマネジメント/00.提案/ニューヨーク不動産市場の最新動向調査.pdf | data/raw/share/share/共有ドライブ/プロジェクト/医療法人社団 恒一会 かえで総合病院/06.報告書/医療法人社団 恒一会 かえで総合病院_最終報告.pptx | data/raw/share/share/共有ドライブ/プロジェクト/医療法人社団 恒一会 かえで総合病院/06.報告書/医療法人社団 恒一会 かえで総合病院_最終報告_old.pptx | data/raw/share/share/共有ドライブ/プロジェクト/京橋信用ソリューションズ株式会社/06.報告書/京橋信用ソリューションズ株式会社_最終報告.pptx | data/raw/share/share/共有ドライブ/プロジェクト/株式会社東都人材プラットフォーム/00.提案/データサイエンティスト調査.docx,data/raw/share/share/共有ドライブ/プロジェクト/株式会社青嶺不動産アセットマネジメント/00.提案/ニューヨーク不動産市場の最新動向調査.pdf | data/raw/share/share/共有ドライブ/プロジェクト/医療法人社団 恒一会 かえで総合病院/06.報告書/医療法人社団 恒一会 かえで総合病院_最終報告.pptx | data/raw/share/share/共有ドライブ/プロジェクト/医療法人社団 恒一会 かえで総合病院/06.報告書/医療法人社団 恒一会 かえで総合病院_最終報告_old.pptx | data/raw/share/share/共有ドライブ/プロジェクト/京橋信用ソリューションズ株式会社/06.報告書/京橋信用ソリューションズ株式会社_最終報告.pptx | data/raw/share/share/共有ドライブ/プロジェクト/株式会社東都人材プラットフォーム/00.提案/データサイエンティスト調査.docx | data/raw/share/share/共有ドライブ/プロジェクト/医療法人社団 蒼樹会 みなみ野女性医療センター/00.提案/糖尿病統計情報.docx | data/raw/share/share/共有ドライブ/プロジェクト/医療法人社団 恒一会 かえで総合病院/00.提案/提案書.pptx | data/raw/share/share/共有ドライブ/プロジェクト/青葉与信マネジメント株式会社/05.会議/報告資料/報告資料_2025-04-09.docx | data/raw/share/share/共有ドライブ/プロジェクト/医療法人社団 恒一会 かえで総合病院/05.会議/報告資料/報告資料_2025-09-16.docx | data/raw/share/share/共有ドライブ/プロジェクト/株式会社青嶺不動産アセットマネジメント/05.会議/報告資料/報告資料_2025-08-26.pdf,False,False,False,False,False,strict_result_not_evaluable,False,True,offline_comparison,Gate19 planning + EDA064 TopK,medium,True
test,51,白峰信用リスク評価の提案書.pptxにおいて、モデルの高度化（説明性・セグメント分析）の実行予定スケジュールは案件開始から第何週目に実施予定でしょうか。,share/共有ドライブ/プロジェクト/白峰信用リスク評価株式会社/00.提案/提案書.pptx,data/raw/share/share/共有ドライブ/プロジェクト/白峰信用リスク評価株式会社/00.提案/提案書.pptx,data/raw/share/share/共有ドライブ/プロジェクト/京橋信用ソリューションズ株式会社/00.提案/提案書_final.pptx,data/raw/share/share/共有ドライブ/プロジェクト/京橋信用ソリューションズ株式会社/00.提案/提案書_final.pptx | data/raw/share/share/共有ドライブ/プロジェクト/京橋信用ソリューションズ株式会社/00.提案/提案書_v1.pptx | data/raw/share/share/共有ドライブ/プロジェクト/医療法人社団 蒼泉会 ひがし丘総合病院/00.提案/提案書.pptx,data/raw/share/share/共有ドライブ/プロジェクト/京橋信用ソリューションズ株式会社/00.提案/提案書_final.pptx | data/raw/share/share/共有ドライブ/プロジェクト/京橋信用ソリューションズ株式会社/00.提案/提案書_v1.pptx | data/raw/share/share/共有ドライブ/プロジェクト/医療法人社団 蒼泉会 ひがし丘総合病院/00.提案/提案書.pptx | data/raw/share/share/共有ドライブ/プロジェクト/株式会社青葉バイオメディカル機器/06.報告書/株式会社青葉バイオメディカル機器_最終報告.pptx | data/raw/share/share/共有ドライブ/プロジェクト/白峰信用リスク評価株式会社/00.提案/提案書.pptx,data/raw/share/share/共有ドライブ/プロジェクト/京橋信用ソリューションズ株式会社/00.提案/提案書_final.pptx | data/raw/share/share/共有ドライブ/プロジェクト/京橋信用ソリューションズ株式会社/00.提案/提案書_v1.pptx | data/raw/share/share/共有ドライブ/プロジェクト/医療法人社団 蒼泉会 ひがし丘総合病院/00.提案/提案書.pptx | data/raw/share/share/共有ドライブ/プロジェクト/株式会社青葉バイオメディカル機器/06.報告書/株式会社青葉バイオメディカル機器_最終報告.pptx | data/raw/share/share/共有ドライブ/プロジェクト/白峰信用リスク評価株式会社/00.提案/提案書.pptx | data/raw/share/share/共有ドライブ/プロジェクト/白峰信用リスク評価株式会社/00.提案/提案書old.pptx | data/raw/share/share/共有ドライブ/プロジェクト/白峰信用リスク評価株式会社/06.報告書/白峰信用リスク評価株式会社_最終報告.pptx | data/raw/share/share/共有ドライブ/プロジェクト/青葉与信マネジメント株式会社/00.提案/提案書_v1.pptx | data/raw/share/share/共有ドライブ/プロジェクト/青葉与信マネジメント株式会社/00.提案/提案書_v2.pptx | data/raw/share/share/共有ドライブ/プロジェクト/青葉与信マネジメント株式会社/00.提案/提案書_v3.pptx,False,False,False,False,False,strict_result_not_evaluable,False,False,offline_comparison,Gate19 planning + EDA064 TopK,medium,True
test,58,社内管理フォルダにあるFMにおいて、井上さんの向かいに座っている方のEXTを教えてください。,share/共有ドライブ/社内管理/座席表.pptx | share/共有ドライブ/社内管理/社内用語集.pptx,data/raw/share/share/共有ドライブ/社内管理/社内用語集.docx,data/raw/share/share/共有ドライブ/社内管理/社内用語集.docx,data/raw/share/share/共有ドライブ/社内管理/社内用語集.docx | data/raw/share/share/共有ドライブ/プロジェクト/株式会社青嶺不動産アセットマネジメント/00.提案/ニューヨーク不動産市場の最新動向調査.pdf | data/raw/share/share/共有ドライブ/社内管理/データアステル社内規定_パスワード導出規則.docx,data/raw/share/share/共有ドライブ/社内管理/社内用語集.docx | data/raw/share/share/共有ドライブ/プロジェクト/株式会社青嶺不動産アセットマネジメント/00.提案/ニューヨーク不動産市場の最新動向調査.pdf | data/raw/share/share/共有ドライブ/社内管理/データアステル社内規定_パスワード導出規則.docx | data/raw/share/share/共有ドライブ/プロジェクト/医療法人社団 恒一会 かえで総合病院/00.提案/提案書.pptx | data/raw/share/share/共有ドライブ/プロジェクト/株式会社東都人材プラットフォーム/00.提案/データサイエンティスト調査.docx,data/raw/share/share/共有ドライブ/社内管理/社内用語集.docx | data/raw/share/share/共有ドライブ/プロジェクト/株式会社青嶺不動産アセットマネジメント/00.提案/ニューヨーク不動産市場の最新動向調査.pdf | data/raw/share/share/共有ドライブ/社内管理/データアステル社内規定_パスワード導出規則.docx | data/raw/share/share/共有ドライブ/プロジェクト/医療法人社団 恒一会 かえで総合病院/00.提案/提案書.pptx | data/raw/share/share/共有ドライブ/プロジェクト/株式会社東都人材プラットフォーム/00.提案/データサイエンティスト調査.docx | data/raw/share/share/共有ドライブ/プロジェクト/医療法人社団 恒一会 かえで総合病院/06.報告書/医療法人社団 恒一会 かえで総合病院_最終報告.pptx | data/raw/share/share/共有ドライブ/プロジェクト/医療法人社団 恒一会 かえで総合病院/06.報告書/医療法人社団 恒一会 かえで総合病院_最終報告_old.pptx | data/raw/share/share/共有ドライブ/プロジェクト/医療法人社団 恒一会 かえで総合病院/05.会議/報告資料/報告資料_2025-09-16.docx | data/raw/share/share/共有ドライブ/プロジェクト/株式会社東都人材プラットフォーム/06.報告書/株式会社東都人材プラットフォーム_最終報告.pptx | data/raw/share/share/共有ドライブ/プロジェクト/株式会社東都人材プラットフォーム/00.提案/提案書.pptx,False,False,False,False,False,strict_result_not_evaluable,False,True,offline_comparison,Gate19 planning + EDA064 TopK,medium,True
test,60,白峰信用リスク評価の最終報告資料内で未完事項として挙げられているIDをすべて抽出してください。,share/共有ドライブ/プロジェクト/白峰信用リスク評価株式会社/06.報告書/白峰信用リスク評価株式会社_最終報告.pptx.md,data/raw/share/share/共有ドライブ/プロジェクト/白峰信用リスク評価株式会社/06.報告書/白峰信用リスク評価株式会社_最終報告.pptx,data/raw/share/share/共有ドライブ/プロジェクト/白峰信用リスク評価株式会社/00.提案/提案書.pptx,data/raw/share/share/共有ドライブ/プロジェクト/白峰信用リスク評価株式会社/00.提案/提案書.pptx | data/raw/share/share/共有ドライブ/プロジェクト/白峰信用リスク評価株式会社/00.提案/提案書old.pptx | data/raw/share/share/共有ドライブ/プロジェクト/白峰信用リスク評価株式会社/05.会議/報告資料/報告資料_2025-05-13.pdf,data/raw/share/share/共有ドライブ/プロジェクト/白峰信用リスク評価株式会社/00.提案/提案書.pptx | data/raw/share/share/共有ドライブ/プロジェクト/白峰信用リスク評価株式会社/00.提案/提案書old.pptx | data/raw/share/share/共有ドライブ/プロジェクト/白峰信用リスク評価株式会社/05.会議/報告資料/報告資料_2025-05-13.pdf | data/raw/share/share/共有ドライブ/プロジェクト/白峰信用リスク評価株式会社/05.会議/報告資料/報告資料_2025-05-27.pdf | data/raw/share/share/共有ドライブ/プロジェクト/白峰信用リスク評価株式会社/05.会議/報告資料/報告資料_2025-06-17.pdf,data/raw/share/share/共有ドライブ/プロジェクト/白峰信用リスク評価株式会社/00.提案/提案書.pptx | data/raw/share/share/共有ドライブ/プロジェクト/白峰信用リスク評価株式会社/00.提案/提案書old.pptx | data/raw/share/share/共有ドライブ/プロジェクト/白峰信用リスク評価株式会社/05.会議/報告資料/報告資料_2025-05-13.pdf | data/raw/share/share/共有ドライブ/プロジェクト/白峰信用リスク評価株式会社/05.会議/報告資料/報告資料_2025-05-27.pdf | data/raw/share/share/共有ドライブ/プロジェクト/白峰信用リスク評価株式会社/05.会議/報告資料/報告資料_2025-06-17.pdf | data/raw/share/share/共有ドライブ/プロジェクト/白峰信用リスク評価株式会社/06.報告書/白峰信用リスク評価株式会社_最終報告.pptx | data/raw/share/share/共有ドライブ/プロジェクト/京橋信用ソリューションズ株式会社/06.報告書/京橋信用ソリューションズ株式会社_最終報告.pptx | data/raw/share/share/共有ドライブ/プロジェクト/株式会社青嶺不動産アセットマネジメント/05.会議/報告資料/報告資料_2025-08-26.pdf | data/raw/share/share/共有ドライブ/プロジェクト/京橋信用ソリューションズ株式会社/05.会議/会議録/会議録_2025-10-29.pdf | data/raw/share/share/共有ドライブ/プロジェクト/青葉与信マネジメント株式会社/05.会議/報告資料/報告資料_2025-04-09.docx,False,False,False,False,False,both_fail,False,False,offline_comparison,Gate19 planning + EDA064 TopK,high,False
test,69,白峰信用リスク評価の最終報告資料において、パイロット運用は本番化スケジュール上で第何週目から第何週目に実施予定ですか。,share/共有ドライブ/プロジェクト/白峰信用リスク評価株式会社/06.報告書/白峰信用リスク評価株式会社_最終報告.pptx.md,data/raw/share/share/共有ドライブ/プロジェクト/白峰信用リスク評価株式会社/06.報告書/白峰信用リスク評価株式会社_最終報告.pptx,data/raw/share/share/共有ドライブ/プロジェクト/京橋信用ソリューションズ株式会社/05.会議/会議録/会議録_2025-11-11.pdf,data/raw/share/share/共有ドライブ/プロジェクト/京橋信用ソリューションズ株式会社/05.会議/会議録/会議録_2025-11-11.pdf | data/raw/share/share/共有ドライブ/プロジェクト/京橋信用ソリューションズ株式会社/06.報告書/京橋信用ソリューションズ株式会社_最終報告.pptx | data/raw/share/share/共有ドライブ/プロジェクト/医療法人社団 恒一会 かえで総合病院/06.報告書/医療法人社団 恒一会 かえで総合病院_最終報告.pptx,data/raw/share/share/共有ドライブ/プロジェクト/京橋信用ソリューションズ株式会社/05.会議/会議録/会議録_2025-11-11.pdf | data/raw/share/share/共有ドライブ/プロジェクト/京橋信用ソリューションズ株式会社/06.報告書/京橋信用ソリューションズ株式会社_最終報告.pptx | data/raw/share/share/共有ドライブ/プロジェクト/医療法人社団 恒一会 かえで総合病院/06.報告書/医療法人社団 恒一会 かえで総合病院_最終報告.pptx | data/raw/share/share/共有ドライブ/プロジェクト/医療法人社団 恒一会 かえで総合病院/06.報告書/医療法人社団 恒一会 かえで総合病院_最終報告_old.pptx | data/raw/share/share/共有ドライブ/プロジェクト/医療法人社団 蒼泉会 ひがし丘総合病院/05.会議/報告資料/報告資料_2025-07-08.docx,data/raw/share/share/共有ドライブ/プロジェクト/京橋信用ソリューションズ株式会社/05.会議/会議録/会議録_2025-11-11.pdf | data/raw/share/share/共有ドライブ/プロジェクト/京橋信用ソリューションズ株式会社/06.報告書/京橋信用ソリューションズ株式会社_最終報告.pptx | data/raw/share/share/共有ドライブ/プロジェクト/医療法人社団 恒一会 かえで総合病院/06.報告書/医療法人社団 恒一会 かえで総合病院_最終報告.pptx | data/raw/share/share/共有ドライブ/プロジェクト/医療法人社団 恒一会 かえで総合病院/06.報告書/医療法人社団 恒一会 かえで総合病院_最終報告_old.pptx | data/raw/share/share/共有ドライブ/プロジェクト/医療法人社団 蒼泉会 ひがし丘総合病院/05.会議/報告資料/報告資料_2025-07-08.docx | data/raw/share/share/共有ドライブ/プロジェクト/白峰信用リスク評価株式会社/00.提案/提案書.pptx | data/raw/share/share/共有ドライブ/プロジェクト/白峰信用リスク評価株式会社/00.提案/提案書old.pptx | data/raw/share/share/共有ドライブ/プロジェクト/白峰信用リスク評価株式会社/05.会議/報告資料/報告資料_2025-05-13.pdf | data/raw/share/share/共有ドライブ/プロジェクト/白峰信用リスク評価株式会社/05.会議/報告資料/報告資料_2025-05-27.pdf | data/raw/share/share/共有ドライブ/プロジェクト/白峰信用リスク評価株式会社/05.会議/報告資料/報告資料_2025-06-17.pdf,False,False,False,False,False,strict_result_not_evaluable,False,False,offline_comparison,Gate19 planning + EDA064 TopK,medium,True
test,70,白峰信用リスク評価の5月27日の報告資料で Open として優先フォロー対象に挙げられているアクションIDの中で、会議録において完了となっていないIDを上げてください。,share/共有ドライブ/プロジェクト/白峰信用リスク評価株式会社/05.会議/報告資料/報告資料_2025-05-27.pdf | share/共有ドライブ/プロジェクト/白峰信用リスク評価株式会社/05.会議/会議録/会議録_2025-05-27.pdf,,data/raw/share/share/共有ドライブ/プロジェクト/京橋信用ソリューションズ株式会社/05.会議/会議録/会議録_2025-11-11.pdf,data/raw/share/share/共有ドライブ/プロジェクト/京橋信用ソリューションズ株式会社/05.会議/会議録/会議録_2025-11-11.pdf | data/raw/share/share/共有ドライブ/プロジェクト/株式会社青嶺不動産アセットマネジメント/05.会議/報告資料/報告資料_2025-08-26.pdf | data/raw/share/share/共有ドライブ/プロジェクト/白峰信用リスク評価株式会社/00.提案/提案書.pptx,data/raw/share/share/共有ドライブ/プロジェクト/京橋信用ソリューションズ株式会社/05.会議/会議録/会議録_2025-11-11.pdf | data/raw/share/share/共有ドライブ/プロジェクト/株式会社青嶺不動産アセットマネジメント/05.会議/報告資料/報告資料_2025-08-26.pdf | data/raw/share/share/共有ドライブ/プロジェクト/白峰信用リスク評価株式会社/00.提案/提案書.pptx | data/raw/share/share/共有ドライブ/プロジェクト/白峰信用リスク評価株式会社/00.提案/提案書old.pptx | data/raw/share/share/共有ドライブ/プロジェクト/白峰信用リスク評価株式会社/05.会議/報告資料/報告資料_2025-05-13.pdf,data/raw/share/share/共有ドライブ/プロジェクト/京橋信用ソリューションズ株式会社/05.会議/会議録/会議録_2025-11-11.pdf | data/raw/share/share/共有ドライブ/プロジェクト/株式会社青嶺不動産アセットマネジメント/05.会議/報告資料/報告資料_2025-08-26.pdf | data/raw/share/share/共有ドライブ/プロジェクト/白峰信用リスク評価株式会社/00.提案/提案書.pptx | data/raw/share/share/共有ドライブ/プロジェクト/白峰信用リスク評価株式会社/00.提案/提案書old.pptx | data/raw/share/share/共有ドライブ/プロジェクト/白峰信用リスク評価株式会社/05.会議/報告資料/報告資料_2025-05-13.pdf | data/raw/share/share/共有ドライブ/プロジェクト/白峰信用リスク評価株式会社/05.会議/報告資料/報告資料_2025-05-27.pdf | data/raw/share/share/共有ドライブ/プロジェクト/白峰信用リスク評価株式会社/05.会議/報告資料/報告資料_2025-06-17.pdf | data/raw/share/share/共有ドライブ/プロジェクト/白峰信用リスク評価株式会社/06.報告書/白峰信用リスク評価株式会社_最終報告.pptx | data/raw/share/share/共有ドライブ/プロジェクト/青葉与信マネジメント株式会社/05.会議/会議録/会議録_2025-05-27.pdf | data/raw/share/share/共有ドライブ/プロジェクト/青葉与信マネジメント株式会社/05.会議/報告資料/報告資料_2025-04-09.docx,False,False,False,False,False,strict_result_not_evaluable,False,True,offline_comparison,Gate19 planning + EDA064 TopK,medium,True
test,9,青葉与信マネジメントの最終報告資料の最新版になる際に修正されたもののうち、案件遂行に関連する変更を挙げてください。,share/共有ドライブ/プロジェクト/青葉与信マネジメント株式会社/06.報告書/old/青葉与信マネジメント株式会社_最終報告.pptx | share/共有ドライブ/プロジェクト/青葉与信マネジメント株式会社/06.報告書/青葉与信マネジメント株式会社_最終報告.pptx,data/raw/share/share/共有ドライブ/プロジェクト/青葉与信マネジメント株式会社/06.報告書/old/青葉与信マネジメント株式会社_最終報告.pptx,data/raw/share/share/共有ドライブ/プロジェクト/青葉与信マネジメント株式会社/00.提案/提案書_v1.pptx,data/raw/share/share/共有ドライブ/プロジェクト/青葉与信マネジメント株式会社/00.提案/提案書_v1.pptx | data/raw/share/share/共有ドライブ/プロジェクト/青葉与信マネジメント株式会社/00.提案/提案書_v2.pptx | data/raw/share/share/共有ドライブ/プロジェクト/青葉与信マネジメント株式会社/00.提案/提案書_v3.pptx,data/raw/share/share/共有ドライブ/プロジェクト/青葉与信マネジメント株式会社/00.提案/提案書_v1.pptx | data/raw/share/share/共有ドライブ/プロジェクト/青葉与信マネジメント株式会社/00.提案/提案書_v2.pptx | data/raw/share/share/共有ドライブ/プロジェクト/青葉与信マネジメント株式会社/00.提案/提案書_v3.pptx | data/raw/share/share/共有ドライブ/プロジェクト/株式会社青嶺不動産アセットマネジメント/05.会議/報告資料/報告資料_2025-08-26.pdf | data/raw/share/share/共有ドライブ/プロジェクト/青葉与信マネジメント株式会社/05.会議/会議録/会議録_2025-04-09.pdf,data/raw/share/share/共有ドライブ/プロジェクト/青葉与信マネジメント株式会社/00.提案/提案書_v1.pptx | data/raw/share/share/共有ドライブ/プロジェクト/青葉与信マネジメント株式会社/00.提案/提案書_v2.pptx | data/raw/share/share/共有ドライブ/プロジェクト/青葉与信マネジメント株式会社/00.提案/提案書_v3.pptx | data/raw/share/share/共有ドライブ/プロジェクト/株式会社青嶺不動産アセットマネジメント/05.会議/報告資料/報告資料_2025-08-26.pdf | data/raw/share/share/共有ドライブ/プロジェクト/青葉与信マネジメント株式会社/05.会議/会議録/会議録_2025-04-09.pdf | data/raw/share/share/共有ドライブ/プロジェクト/青葉与信マネジメント株式会社/05.会議/会議録/会議録_2025-05-27.pdf | data/raw/share/share/共有ドライブ/プロジェクト/青葉与信マネジメント株式会社/06.報告書/old/青葉与信マネジメント株式会社_最終報告.pptx | data/raw/share/share/共有ドライブ/プロジェクト/青葉与信マネジメント株式会社/06.報告書/青葉与信マネジメント株式会社_最終報告.pptx | data/raw/share/share/共有ドライブ/プロジェクト/株式会社青葉バイオメディカル機器/06.報告書/株式会社青葉バイオメディカル機器_最終報告.pptx | data/raw/share/share/共有ドライブ/プロジェクト/青葉与信マネジメント株式会社/05.会議/会議録/会議録_2025-04-29.pdf,False,False,False,False,False,strict_result_not_evaluable,False,True,offline_comparison,Gate19 planning + EDA064 TopK,medium,True
test,14,青葉与信マネジメントの提案書_v1.pptxから提案書_v3.pptxに修正されたもののうち、案件遂行に関連する変更を挙げてください。,share/共有ドライブ/プロジェクト/青葉与信マネジメント株式会社/00.提案/提案書_v1.pptx | share/共有ドライブ/プロジェクト/青葉与信マネジメント株式会社/00.提案/提案書_v3.pptx,data/raw/share/share/共有ドライブ/プロジェクト/青葉与信マネジメント株式会社/00.提案/提案書_v1.pptx | data/raw/share/share/共有ドライブ/プロジェクト/青葉与信マネジメント株式会社/00.提案/提案書_v3.pptx,data/raw/share/share/共有ドライブ/プロジェクト/青葉与信マネジメント株式会社/00.提案/提案書_v1.pptx,data/raw/share/share/共有ドライブ/プロジェクト/青葉与信マネジメント株式会社/00.提案/提案書_v1.pptx | data/raw/share/share/共有ドライブ/プロジェクト/青葉与信マネジメント株式会社/00.提案/提案書_v2.pptx | data/raw/share/share/共有ドライブ/プロジェクト/青葉与信マネジメント株式会社/00.提案/提案書_v3.pptx,data/raw/share/share/共有ドライブ/プロジェクト/青葉与信マネジメント株式会社/00.提案/提案書_v1.pptx | data/raw/share/share/共有ドライブ/プロジェクト/青葉与信マネジメント株式会社/00.提案/提案書_v2.pptx | data/raw/share/share/共有ドライブ/プロジェクト/青葉与信マネジメント株式会社/00.提案/提案書_v3.pptx | data/raw/share/share/共有ドライブ/プロジェクト/青葉与信マネジメント株式会社/06.報告書/old/青葉与信マネジメント株式会社_最終報告.pptx | data/raw/share/share/共有ドライブ/プロジェクト/青葉与信マネジメント株式会社/06.報告書/青葉与信マネジメント株式会社_最終報告.pptx,data/raw/share/share/共有ドライブ/プロジェクト/青葉与信マネジメント株式会社/00.提案/提案書_v1.pptx | data/raw/share/share/共有ドライブ/プロジェクト/青葉与信マネジメント株式会社/00.提案/提案書_v2.pptx | data/raw/share/share/共有ドライブ/プロジェクト/青葉与信マネジメント株式会社/00.提案/提案書_v3.pptx | data/raw/share/share/共有ドライブ/プロジェクト/青葉与信マネジメント株式会社/06.報告書/old/青葉与信マネジメント株式会社_最終報告.pptx | data/raw/share/share/共有ドライブ/プロジェクト/青葉与信マネジメント株式会社/06.報告書/青葉与信マネジメント株式会社_最終報告.pptx | data/raw/share/share/共有ドライブ/プロジェクト/株式会社青葉バイオメディカル機器/06.報告書/株式会社青葉バイオメディカル機器_最終報告.pptx | data/raw/share/share/共有ドライブ/プロジェクト/株式会社青嶺不動産アセットマネジメント/00.提案/提案書.pptx | data/raw/share/share/共有ドライブ/プロジェクト/株式会社青嶺不動産アセットマネジメント/00.提案/old/提案書.pptx | data/raw/share/share/共有ドライブ/プロジェクト/株式会社東都人材プラットフォーム/00.提案/提案書.pptx | data/raw/share/share/共有ドライブ/プロジェクト/青葉与信マネジメント株式会社/05.会議/会議録/会議録_2025-05-27.pdf,False,False,False,False,False,strict_result_not_evaluable,False,True,offline_comparison,Gate19 planning + EDA064 TopK,medium,True
test,16,青葉与信マネジメントの中間報告資料にて、黄色ハイライトかつ赤字となっている部分を抜き出してください。,share/共有ドライブ/プロジェクト/青葉与信マネジメント株式会社/05.会議/報告資料/報告資料_2025-04-09.docx | share/共有ドライブ/プロジェクト/青葉与信マネジメント株式会社/05.会議/報告資料/報告資料_2025-04-29.docx,data/raw/share/share/共有ドライブ/プロジェクト/青葉与信マネジメント株式会社/06.報告書/old/青葉与信マネジメント株式会社_最終報告.pptx,data/raw/share/share/共有ドライブ/プロジェクト/青葉与信マネジメント株式会社/00.提案/提案書_v1.pptx,data/raw/share/share/共有ドライブ/プロジェクト/青葉与信マネジメント株式会社/00.提案/提案書_v1.pptx | data/raw/share/share/共有ドライブ/プロジェクト/青葉与信マネジメント株式会社/00.提案/提案書_v2.pptx | data/raw/share/share/共有ドライブ/プロジェクト/青葉与信マネジメント株式会社/00.提案/提案書_v3.pptx,data/raw/share/share/共有ドライブ/プロジェクト/青葉与信マネジメント株式会社/00.提案/提案書_v1.pptx | data/raw/share/share/共有ドライブ/プロジェクト/青葉与信マネジメント株式会社/00.提案/提案書_v2.pptx | data/raw/share/share/共有ドライブ/プロジェクト/青葉与信マネジメント株式会社/00.提案/提案書_v3.pptx | data/raw/share/share/共有ドライブ/プロジェクト/青葉与信マネジメント株式会社/06.報告書/old/青葉与信マネジメント株式会社_最終報告.pptx | data/raw/share/share/共有ドライブ/プロジェクト/青葉与信マネジメント株式会社/06.報告書/青葉与信マネジメント株式会社_最終報告.pptx,data/raw/share/share/共有ドライブ/プロジェクト/青葉与信マネジメント株式会社/00.提案/提案書_v1.pptx | data/raw/share/share/共有ドライブ/プロジェクト/青葉与信マネジメント株式会社/00.提案/提案書_v2.pptx | data/raw/share/share/共有ドライブ/プロジェクト/青葉与信マネジメント株式会社/00.提案/提案書_v3.pptx | data/raw/share/share/共有ドライブ/プロジェクト/青葉与信マネジメント株式会社/06.報告書/old/青葉与信マネジメント株式会社_最終報告.pptx | data/raw/share/share/共有ドライブ/プロジェクト/青葉与信マネジメント株式会社/06.報告書/青葉与信マネジメント株式会社_最終報告.pptx | data/raw/share/share/共有ドライブ/社内管理/社内用語集.docx | data/raw/share/share/共有ドライブ/プロジェクト/青葉与信マネジメント株式会社/05.会議/報告資料/報告資料_2025-04-09.docx | data/raw/share/share/共有ドライブ/プロジェクト/医療法人社団 恒一会 かえで総合病院/05.会議/報告資料/報告資料_2025-09-16.docx | data/raw/share/share/共有ドライブ/プロジェクト/株式会社東都人材プラットフォーム/00.提案/データサイエンティスト調査.docx | data/raw/share/share/共有ドライブ/プロジェクト/医療法人社団 恒一会 かえで総合病院/05.会議/報告資料/報告資料_2025-09-02.docx,False,False,False,False,False,both_fail,False,True,offline_comparison,Gate19 planning + EDA064 TopK,high,False
test,30,青葉与信マネジメントの分析対象データにおいて、標準化されたloan_amntが0未満の行のうち、purpose=credit_cardに該当し、かつloan_amntがpurpose=credit_card全体の平均を上回る行の割合は何%ですか。小数第2位まで答えてください。,share/共有ドライブ/プロジェクト/青葉与信マネジメント株式会社/03.データ/train.csv,data/raw/share/share/共有ドライブ/プロジェクト/青葉与信マネジメント株式会社/03.データ/train.csv,data/raw/share/share/共有ドライブ/プロジェクト/青葉与信マネジメント株式会社/03.データ/train.csv,data/raw/share/share/共有ドライブ/プロジェクト/青葉与信マネジメント株式会社/03.データ/train.csv | data/raw/share/share/共有ドライブ/プロジェクト/青葉与信マネジメント株式会社/04.分析/analysis_project/data/train.csv | data/raw/share/share/共有ドライブ/プロジェクト/青葉与信マネジメント株式会社/04.分析/analysis_project/artifacts/analysis_outputs/train_preview.csv,data/raw/share/share/共有ドライブ/プロジェクト/青葉与信マネジメント株式会社/03.データ/train.csv | data/raw/share/share/共有ドライブ/プロジェクト/青葉与信マネジメント株式会社/04.分析/analysis_project/data/train.csv | data/raw/share/share/共有ドライブ/プロジェクト/青葉与信マネジメント株式会社/04.分析/analysis_project/artifacts/analysis_outputs/train_preview.csv | data/raw/share/share/共有ドライブ/プロジェクト/青葉与信マネジメント株式会社/03.データ/train.xlsx | data/raw/share/share/共有ドライブ/プロジェクト/株式会社青嶺不動産アセットマネジメント/00.提案/ニューヨーク不動産市場の最新動向調査.pdf,data/raw/share/share/共有ドライブ/プロジェクト/青葉与信マネジメント株式会社/03.データ/train.csv | data/raw/share/share/共有ドライブ/プロジェクト/青葉与信マネジメント株式会社/04.分析/analysis_project/data/train.csv | data/raw/share/share/共有ドライブ/プロジェクト/青葉与信マネジメント株式会社/04.分析/analysis_project/artifacts/analysis_outputs/train_preview.csv | data/raw/share/share/共有ドライブ/プロジェクト/青葉与信マネジメント株式会社/03.データ/train.xlsx | data/raw/share/share/共有ドライブ/プロジェクト/株式会社青嶺不動産アセットマネジメント/00.提案/ニューヨーク不動産市場の最新動向調査.pdf | data/raw/share/share/共有ドライブ/プロジェクト/青葉与信マネジメント株式会社/00.提案/提案書_v1.pptx | data/raw/share/share/共有ドライブ/プロジェクト/青葉与信マネジメント株式会社/00.提案/提案書_v2.pptx | data/raw/share/share/共有ドライブ/プロジェクト/青葉与信マネジメント株式会社/00.提案/提案書_v3.pptx | data/raw/share/share/共有ドライブ/プロジェクト/青葉与信マネジメント株式会社/05.会議/会議録/会議録_2025-05-27.pdf | data/raw/share/share/共有ドライブ/プロジェクト/青葉与信マネジメント株式会社/06.報告書/old/青葉与信マネジメント株式会社_最終報告.pptx,False,False,False,False,False,both_fail,False,False,offline_comparison,Gate19 planning + EDA064 TopK,high,False
test,40,2026年7月1日時点で存在する案件について、支払月ごとの精算総額が多い月を上位3つ、総額とあわせて答えてください。,data\processed\share\share\契約管理\project_contract_periods.csv | data\processed\share\share\契約管理\project_payment_schedule.csv | data\processed\share\share\契約管理\payment_monthly_totals.csv,data/raw/share/share/共有ドライブ/プロジェクト/京橋信用ソリューションズ株式会社/05.会議/会議録/会議録_2025-11-11.pdf,data/raw/share/share/共有ドライブ/プロジェクト/株式会社青嶺不動産アセットマネジメント/00.提案/ニューヨーク不動産市場の最新動向調査.pdf,data/raw/share/share/共有ドライブ/プロジェクト/株式会社青嶺不動産アセットマネジメント/00.提案/ニューヨーク不動産市場の最新動向調査.pdf | data/raw/share/share/共有ドライブ/プロジェクト/青葉与信マネジメント株式会社/05.会議/会議録/会議録_2025-04-29.pdf | data/raw/share/share/共有ドライブ/プロジェクト/株式会社東都人材プラットフォーム/00.提案/提案書.pptx,data/raw/share/share/共有ドライブ/プロジェクト/株式会社青嶺不動産アセットマネジメント/00.提案/ニューヨーク不動産市場の最新動向調査.pdf | data/raw/share/share/共有ドライブ/プロジェクト/青葉与信マネジメント株式会社/05.会議/会議録/会議録_2025-04-29.pdf | data/raw/share/share/共有ドライブ/プロジェクト/株式会社東都人材プラットフォーム/00.提案/提案書.pptx | data/raw/share/share/共有ドライブ/プロジェクト/白峰信用リスク評価株式会社/06.報告書/白峰信用リスク評価株式会社_最終報告.pptx | data/raw/share/share/共有ドライブ/プロジェクト/医療法人社団 恒一会 かえで総合病院/00.提案/提案書.pptx,data/raw/share/share/共有ドライブ/プロジェクト/株式会社青嶺不動産アセットマネジメント/00.提案/ニューヨーク不動産市場の最新動向調査.pdf | data/raw/share/share/共有ドライブ/プロジェクト/青葉与信マネジメント株式会社/05.会議/会議録/会議録_2025-04-29.pdf | data/raw/share/share/共有ドライブ/プロジェクト/株式会社東都人材プラットフォーム/00.提案/提案書.pptx | data/raw/share/share/共有ドライブ/プロジェクト/白峰信用リスク評価株式会社/06.報告書/白峰信用リスク評価株式会社_最終報告.pptx | data/raw/share/share/共有ドライブ/プロジェクト/医療法人社団 恒一会 かえで総合病院/00.提案/提案書.pptx | data/raw/share/share/共有ドライブ/プロジェクト/医療法人社団 蒼泉会 ひがし丘総合病院/05.会議/会議録/会議録_2025-07-22.docx | data/raw/share/share/共有ドライブ/プロジェクト/株式会社青嶺不動産アセットマネジメント/05.会議/報告資料/報告資料_2025-08-26.pdf | data/raw/share/share/共有ドライブ/プロジェクト/医療法人社団 恒一会 かえで総合病院/06.報告書/医療法人社団 恒一会 かえで総合病院_最終報告.pptx | data/raw/share/share/共有ドライブ/プロジェクト/医療法人社団 恒一会 かえで総合病院/06.報告書/医療法人社団 恒一会 かえで総合病院_最終報告_old.pptx | data/raw/share/share/共有ドライブ/プロジェクト/医療法人社団 蒼泉会 ひがし丘総合病院/05.会議/会議録/会議録_2025-08-05.docx,False,False,False,False,False,strict_result_not_evaluable,False,True,offline_comparison,Gate19 planning + EDA064 TopK,medium,True
test,57,青葉のTXにて算出された回帰係数を用いて全データの予測値を計算し、正解データに対する F1 スコアが最大となるように閾値を設定したときの F1 スコアを答えてください。小数第5位まで求めてください。,share/共有ドライブ/プロジェクト/青葉与信マネジメント株式会社/03.データ/train.xlsx,data/raw/share/share/共有ドライブ/プロジェクト/青葉与信マネジメント株式会社/03.データ/train.xlsx,data/raw/share/share/共有ドライブ/プロジェクト/京橋信用ソリューションズ株式会社/00.提案/提案書_final.pptx,data/raw/share/share/共有ドライブ/プロジェクト/京橋信用ソリューションズ株式会社/00.提案/提案書_final.pptx | data/raw/share/share/共有ドライブ/プロジェクト/京橋信用ソリューションズ株式会社/00.提案/提案書_v1.pptx | data/raw/share/share/共有ドライブ/プロジェクト/医療法人社団 恒一会 かえで総合病院/06.報告書/医療法人社団 恒一会 かえで総合病院_最終報告.pptx,data/raw/share/share/共有ドライブ/プロジェクト/京橋信用ソリューションズ株式会社/00.提案/提案書_final.pptx | data/raw/share/share/共有ドライブ/プロジェクト/京橋信用ソリューションズ株式会社/00.提案/提案書_v1.pptx | data/raw/share/share/共有ドライブ/プロジェクト/医療法人社団 恒一会 かえで総合病院/06.報告書/医療法人社団 恒一会 かえで総合病院_最終報告.pptx | data/raw/share/share/共有ドライブ/プロジェクト/医療法人社団 恒一会 かえで総合病院/06.報告書/医療法人社団 恒一会 かえで総合病院_最終報告_old.pptx | data/raw/share/share/共有ドライブ/プロジェクト/株式会社東都人材プラットフォーム/06.報告書/株式会社東都人材プラットフォーム_最終報告.pptx,data/raw/share/share/共有ドライブ/プロジェクト/京橋信用ソリューションズ株式会社/00.提案/提案書_final.pptx | data/raw/share/share/共有ドライブ/プロジェクト/京橋信用ソリューションズ株式会社/00.提案/提案書_v1.pptx | data/raw/share/share/共有ドライブ/プロジェクト/医療法人社団 恒一会 かえで総合病院/06.報告書/医療法人社団 恒一会 かえで総合病院_最終報告.pptx | data/raw/share/share/共有ドライブ/プロジェクト/医療法人社団 恒一会 かえで総合病院/06.報告書/医療法人社団 恒一会 かえで総合病院_最終報告_old.pptx | data/raw/share/share/共有ドライブ/プロジェクト/株式会社東都人材プラットフォーム/06.報告書/株式会社東都人材プラットフォーム_最終報告.pptx | data/raw/share/share/共有ドライブ/プロジェクト/京橋信用ソリューションズ株式会社/06.報告書/京橋信用ソリューションズ株式会社_最終報告.pptx | data/raw/share/share/共有ドライブ/プロジェクト/医療法人社団 恒一会 かえで総合病院/00.提案/提案書.pptx | data/raw/share/share/共有ドライブ/プロジェクト/京橋信用ソリューションズ株式会社/03.データ/train.csv | data/raw/share/share/共有ドライブ/プロジェクト/医療法人社団 恒一会 かえで総合病院/03.データ/train.csv | data/raw/share/share/共有ドライブ/プロジェクト/医療法人社団 恒一会 かえで総合病院/03.データ/train.xlsx,False,False,False,False,False,strict_result_not_evaluable,False,False,offline_comparison,Gate19 planning + EDA064 TopK,medium,True
test,62,青葉与信マネジメントの最終報告資料における、モデル比較で上位2件のスコア差を生んでいる設定差分は何ですか。,share\共有ドライブ\プロジェクト\青葉与信マネジメント株式会社\06.報告書\青葉与信マネジメント株式会社_最終報告.pptx | share\共有ドライブ\プロジェクト\青葉与信マネジメント株式会社\04.分析\analysis_outputs\experiments\leaderboard.csv,data/raw/share/share/共有ドライブ/プロジェクト/青葉与信マネジメント株式会社/00.提案/提案書_v1.pptx,data/raw/share/share/共有ドライブ/プロジェクト/青葉与信マネジメント株式会社/00.提案/提案書_v1.pptx,data/raw/share/share/共有ドライブ/プロジェクト/青葉与信マネジメント株式会社/00.提案/提案書_v1.pptx | data/raw/share/share/共有ドライブ/プロジェクト/青葉与信マネジメント株式会社/00.提案/提案書_v2.pptx | data/raw/share/share/共有ドライブ/プロジェクト/青葉与信マネジメント株式会社/00.提案/提案書_v3.pptx,data/raw/share/share/共有ドライブ/プロジェクト/青葉与信マネジメント株式会社/00.提案/提案書_v1.pptx | data/raw/share/share/共有ドライブ/プロジェクト/青葉与信マネジメント株式会社/00.提案/提案書_v2.pptx | data/raw/share/share/共有ドライブ/プロジェクト/青葉与信マネジメント株式会社/00.提案/提案書_v3.pptx | data/raw/share/share/共有ドライブ/プロジェクト/青葉与信マネジメント株式会社/05.会議/会議録/会議録_2025-04-29.pdf | data/raw/share/share/共有ドライブ/プロジェクト/青葉与信マネジメント株式会社/05.会議/会議録/会議録_2025-05-27.pdf,data/raw/share/share/共有ドライブ/プロジェクト/青葉与信マネジメント株式会社/00.提案/提案書_v1.pptx | data/raw/share/share/共有ドライブ/プロジェクト/青葉与信マネジメント株式会社/00.提案/提案書_v2.pptx | data/raw/share/share/共有ドライブ/プロジェクト/青葉与信マネジメント株式会社/00.提案/提案書_v3.pptx | data/raw/share/share/共有ドライブ/プロジェクト/青葉与信マネジメント株式会社/05.会議/会議録/会議録_2025-04-29.pdf | data/raw/share/share/共有ドライブ/プロジェクト/青葉与信マネジメント株式会社/05.会議/会議録/会議録_2025-05-27.pdf | data/raw/share/share/共有ドライブ/プロジェクト/青葉与信マネジメント株式会社/06.報告書/old/青葉与信マネジメント株式会社_最終報告.pptx | data/raw/share/share/共有ドライブ/プロジェクト/青葉与信マネジメント株式会社/06.報告書/青葉与信マネジメント株式会社_最終報告.pptx | data/raw/share/share/共有ドライブ/プロジェクト/青葉与信マネジメント株式会社/05.会議/会議録/会議録_2025-04-09.pdf | data/raw/share/share/共有ドライブ/プロジェクト/白峰信用リスク評価株式会社/00.提案/提案書old.pptx | data/raw/share/share/共有ドライブ/プロジェクト/医療法人社団 恒一会 かえで総合病院/06.報告書/医療法人社団 恒一会 かえで総合病院_最終報告_old.pptx,False,False,False,False,False,both_fail,False,True,offline_comparison,Gate19 planning + EDA064 TopK,high,False
test,63,青葉与信マネジメントのtrain.xlsxにて算出された回帰係数を使ってid=0を予測した場合の予測値はいくらになりますか。小数第5位まで求めてください。,share/共有ドライブ/プロジェクト/青葉与信マネジメント株式会社/03.データ/train.xlsx,data/raw/share/share/共有ドライブ/プロジェクト/青葉与信マネジメント株式会社/03.データ/train.xlsx,data/raw/share/share/共有ドライブ/プロジェクト/青葉与信マネジメント株式会社/03.データ/train.xlsx,data/raw/share/share/共有ドライブ/プロジェクト/青葉与信マネジメント株式会社/03.データ/train.xlsx | data/raw/share/share/共有ドライブ/プロジェクト/青葉与信マネジメント株式会社/02.計画/スケジュール.xlsx | data/raw/share/share/共有ドライブ/プロジェクト/京橋信用ソリューションズ株式会社/02.計画/スケジュール.xlsx,data/raw/share/share/共有ドライブ/プロジェクト/青葉与信マネジメント株式会社/03.データ/train.xlsx | data/raw/share/share/共有ドライブ/プロジェクト/青葉与信マネジメント株式会社/02.計画/スケジュール.xlsx | data/raw/share/share/共有ドライブ/プロジェクト/京橋信用ソリューションズ株式会社/02.計画/スケジュール.xlsx | data/raw/share/share/共有ドライブ/プロジェクト/京橋信用ソリューションズ株式会社/03.データ/train.csv | data/raw/share/share/共有ドライブ/プロジェクト/京橋信用ソリューションズ株式会社/04.分析/analysis_project/data/train.csv,data/raw/share/share/共有ドライブ/プロジェクト/青葉与信マネジメント株式会社/03.データ/train.xlsx | data/raw/share/share/共有ドライブ/プロジェクト/青葉与信マネジメント株式会社/02.計画/スケジュール.xlsx | data/raw/share/share/共有ドライブ/プロジェクト/京橋信用ソリューションズ株式会社/02.計画/スケジュール.xlsx | data/raw/share/share/共有ドライブ/プロジェクト/京橋信用ソリューションズ株式会社/03.データ/train.csv | data/raw/share/share/共有ドライブ/プロジェクト/京橋信用ソリューションズ株式会社/04.分析/analysis_project/data/train.csv | data/raw/share/share/共有ドライブ/プロジェクト/医療法人社団 恒一会 かえで総合病院/02.計画/~$スケジュール.xlsx | data/raw/share/share/共有ドライブ/プロジェクト/医療法人社団 恒一会 かえで総合病院/02.計画/スケジュール.xlsx | data/raw/share/share/共有ドライブ/プロジェクト/医療法人社団 恒一会 かえで総合病院/03.データ/train.csv | data/raw/share/share/共有ドライブ/プロジェクト/医療法人社団 恒一会 かえで総合病院/03.データ/train.xlsx | data/raw/share/share/共有ドライブ/プロジェクト/医療法人社団 恒一会 かえで総合病院/04.分析/analysis_project/data/train.csv,False,False,False,False,False,strict_result_not_evaluable,False,False,offline_comparison,Gate19 planning + EDA064 TopK,medium,True
test,74,青葉与信マネジメントの提案書_v1.pptxから提案書_v2.pptxに修正されたもののうち、案件遂行に関連する変更を挙げてください。,share/共有ドライブ/プロジェクト/青葉与信マネジメント株式会社/00.提案/提案書_v1.pptx | share/共有ドライブ/プロジェクト/青葉与信マネジメント株式会社/00.提案/提案書_v2.pptx,data/raw/share/share/共有ドライブ/プロジェクト/青葉与信マネジメント株式会社/00.提案/提案書_v1.pptx | data/raw/share/share/共有ドライブ/プロジェクト/青葉与信マネジメント株式会社/00.提案/提案書_v2.pptx,data/raw/share/share/共有ドライブ/プロジェクト/青葉与信マネジメント株式会社/00.提案/提案書_v1.pptx,data/raw/share/share/共有ドライブ/プロジェクト/青葉与信マネジメント株式会社/00.提案/提案書_v1.pptx | data/raw/share/share/共有ドライブ/プロジェクト/青葉与信マネジメント株式会社/00.提案/提案書_v2.pptx | data/raw/share/share/共有ドライブ/プロジェクト/青葉与信マネジメント株式会社/00.提案/提案書_v3.pptx,data/raw/share/share/共有ドライブ/プロジェクト/青葉与信マネジメント株式会社/00.提案/提案書_v1.pptx | data/raw/share/share/共有ドライブ/プロジェクト/青葉与信マネジメント株式会社/00.提案/提案書_v2.pptx | data/raw/share/share/共有ドライブ/プロジェクト/青葉与信マネジメント株式会社/00.提案/提案書_v3.pptx | data/raw/share/share/共有ドライブ/プロジェクト/青葉与信マネジメント株式会社/06.報告書/old/青葉与信マネジメント株式会社_最終報告.pptx | data/raw/share/share/共有ドライブ/プロジェクト/青葉与信マネジメント株式会社/06.報告書/青葉与信マネジメント株式会社_最終報告.pptx,data/raw/share/share/共有ドライブ/プロジェクト/青葉与信マネジメント株式会社/00.提案/提案書_v1.pptx | data/raw/share/share/共有ドライブ/プロジェクト/青葉与信マネジメント株式会社/00.提案/提案書_v2.pptx | data/raw/share/share/共有ドライブ/プロジェクト/青葉与信マネジメント株式会社/00.提案/提案書_v3.pptx | data/raw/share/share/共有ドライブ/プロジェクト/青葉与信マネジメント株式会社/06.報告書/old/青葉与信マネジメント株式会社_最終報告.pptx | data/raw/share/share/共有ドライブ/プロジェクト/青葉与信マネジメント株式会社/06.報告書/青葉与信マネジメント株式会社_最終報告.pptx | data/raw/share/share/共有ドライブ/プロジェクト/株式会社青葉バイオメディカル機器/06.報告書/株式会社青葉バイオメディカル機器_最終報告.pptx | data/raw/share/share/共有ドライブ/プロジェクト/株式会社青嶺不動産アセットマネジメント/00.提案/提案書.pptx | data/raw/share/share/共有ドライブ/プロジェクト/株式会社青嶺不動産アセットマネジメント/00.提案/old/提案書.pptx | data/raw/share/share/共有ドライブ/プロジェクト/株式会社東都人材プラットフォーム/00.提案/提案書.pptx | data/raw/share/share/共有ドライブ/プロジェクト/青葉与信マネジメント株式会社/05.会議/会議録/会議録_2025-05-27.pdf,False,False,False,False,False,strict_result_not_evaluable,False,True,offline_comparison,Gate19 planning + EDA064 TopK,medium,True
test,96,青葉与信マネジメントのチェックポイント2として設定されている内容に関連するタスクIDを教えてください。,share/共有ドライブ/プロジェクト/青葉与信マネジメント株式会社/02.計画/スケジュール.xlsx,data/raw/share/share/共有ドライブ/プロジェクト/青葉与信マネジメント株式会社/00.提案/提案書_v1.pptx,data/raw/share/share/共有ドライブ/プロジェクト/株式会社青嶺不動産アセットマネジメント/00.提案/ニューヨーク不動産市場の最新動向調査.pdf,data/raw/share/share/共有ドライブ/プロジェクト/株式会社青嶺不動産アセットマネジメント/00.提案/ニューヨーク不動産市場の最新動向調査.pdf | data/raw/share/share/共有ドライブ/プロジェクト/株式会社青嶺不動産アセットマネジメント/05.会議/報告資料/報告資料_2025-08-06.pdf | data/raw/share/share/共有ドライブ/プロジェクト/株式会社青嶺不動産アセットマネジメント/05.会議/報告資料/報告資料_2025-08-26.pdf,data/raw/share/share/共有ドライブ/プロジェクト/株式会社青嶺不動産アセットマネジメント/00.提案/ニューヨーク不動産市場の最新動向調査.pdf | data/raw/share/share/共有ドライブ/プロジェクト/株式会社青嶺不動産アセットマネジメント/05.会議/報告資料/報告資料_2025-08-06.pdf | data/raw/share/share/共有ドライブ/プロジェクト/株式会社青嶺不動産アセットマネジメント/05.会議/報告資料/報告資料_2025-08-26.pdf | data/raw/share/share/共有ドライブ/プロジェクト/株式会社青葉バイオメディカル機器/05.会議/会議録/会議録_2025-07-11.docx | data/raw/share/share/共有ドライブ/プロジェクト/株式会社青葉バイオメディカル機器/05.会議/報告資料/報告資料_2025-06-23.docx,data/raw/share/share/共有ドライブ/プロジェクト/株式会社青嶺不動産アセットマネジメント/00.提案/ニューヨーク不動産市場の最新動向調査.pdf | data/raw/share/share/共有ドライブ/プロジェクト/株式会社青嶺不動産アセットマネジメント/05.会議/報告資料/報告資料_2025-08-06.pdf | data/raw/share/share/共有ドライブ/プロジェクト/株式会社青嶺不動産アセットマネジメント/05.会議/報告資料/報告資料_2025-08-26.pdf | data/raw/share/share/共有ドライブ/プロジェクト/株式会社青葉バイオメディカル機器/05.会議/会議録/会議録_2025-07-11.docx | data/raw/share/share/共有ドライブ/プロジェクト/株式会社青葉バイオメディカル機器/05.会議/報告資料/報告資料_2025-06-23.docx | data/raw/share/share/共有ドライブ/プロジェクト/株式会社青葉バイオメディカル機器/05.会議/報告資料/報告資料_2025-07-11.docx | data/raw/share/share/共有ドライブ/プロジェクト/株式会社青葉バイオメディカル機器/06.報告書/株式会社青葉バイオメディカル機器_最終報告.pptx | data/raw/share/share/共有ドライブ/プロジェクト/青葉与信マネジメント株式会社/00.提案/提案書_v1.pptx | data/raw/share/share/共有ドライブ/プロジェクト/青葉与信マネジメント株式会社/00.提案/提案書_v2.pptx | data/raw/share/share/共有ドライブ/プロジェクト/青葉与信マネジメント株式会社/00.提案/提案書_v3.pptx,False,False,False,False,False,strict_result_not_evaluable,False,False,offline_comparison,Gate19 planning + EDA064 TopK,medium,True
test,2,青嶺不動産アセットマネジメントのスケジュール_r2.xlsxにおいて、オレンジにハイライトされている行のタスク名をすべて答えてください。,data/raw/share/share/共有ドライブ/プロジェクト/株式会社青嶺不動産アセットマネジメント/02.計画/スケジュール_r2.xlsx,data/raw/share/share/共有ドライブ/プロジェクト/株式会社青嶺不動産アセットマネジメント/02.計画/スケジュール_r2.xlsx,data/raw/share/share/共有ドライブ/プロジェクト/株式会社東都人材プラットフォーム/00.提案/データサイエンティスト調査.docx,data/raw/share/share/共有ドライブ/プロジェクト/株式会社東都人材プラットフォーム/00.提案/データサイエンティスト調査.docx | data/raw/share/share/共有ドライブ/プロジェクト/株式会社青嶺不動産アセットマネジメント/00.提案/old/提案書.pptx | data/raw/share/share/共有ドライブ/プロジェクト/株式会社青嶺不動産アセットマネジメント/00.提案/提案書.pptx,data/raw/share/share/共有ドライブ/プロジェクト/株式会社東都人材プラットフォーム/00.提案/データサイエンティスト調査.docx | data/raw/share/share/共有ドライブ/プロジェクト/株式会社青嶺不動産アセットマネジメント/00.提案/old/提案書.pptx | data/raw/share/share/共有ドライブ/プロジェクト/株式会社青嶺不動産アセットマネジメント/00.提案/提案書.pptx | data/raw/share/share/共有ドライブ/プロジェクト/株式会社青嶺不動産アセットマネジメント/01.契約/契約書.docx | data/raw/share/share/共有ドライブ/プロジェクト/株式会社青嶺不動産アセットマネジメント/06.報告書/株式会社青嶺不動産アセットマネジメント_最終報告.pptx,data/raw/share/share/共有ドライブ/プロジェクト/株式会社東都人材プラットフォーム/00.提案/データサイエンティスト調査.docx | data/raw/share/share/共有ドライブ/プロジェクト/株式会社青嶺不動産アセットマネジメント/00.提案/old/提案書.pptx | data/raw/share/share/共有ドライブ/プロジェクト/株式会社青嶺不動産アセットマネジメント/00.提案/提案書.pptx | data/raw/share/share/共有ドライブ/プロジェクト/株式会社青嶺不動産アセットマネジメント/01.契約/契約書.docx | data/raw/share/share/共有ドライブ/プロジェクト/株式会社青嶺不動産アセットマネジメント/06.報告書/株式会社青嶺不動産アセットマネジメント_最終報告.pptx | data/raw/share/share/共有ドライブ/プロジェクト/青葉与信マネジメント株式会社/05.会議/報告資料/報告資料_2025-04-09.docx | data/raw/share/share/共有ドライブ/プロジェクト/医療法人社団 恒一会 かえで総合病院/05.会議/報告資料/報告資料_2025-09-16.docx | data/raw/share/share/共有ドライブ/プロジェクト/医療法人社団 恒一会 かえで総合病院/05.会議/報告資料/報告資料_2025-09-02.docx | data/raw/share/share/共有ドライブ/プロジェクト/青葉与信マネジメント株式会社/05.会議/報告資料/報告資料_2025-04-29.docx | data/raw/share/share/共有ドライブ/プロジェクト/京橋信用ソリューションズ株式会社/02.計画/スケジュール.xlsx,True,False,False,False,False,strict_only_correct,False,False,offline_comparison,Gate19 planning + EDA064 TopK,high,False
test,3,恒一会 かえで総合病院の契約書において、太字で記載されている箇所のうち、日付以外のものをすべて抽出してください。,data/raw/share/share/共有ドライブ/プロジェクト/医療法人社団 恒一会 かえで総合病院/01.契約/契約書_pw-kaede20250902.docx,data/raw/share/share/共有ドライブ/プロジェクト/医療法人社団 恒一会 かえで総合病院/01.契約/契約書_pw-kaede20250902.docx,data/raw/share/share/共有ドライブ/プロジェクト/医療法人社団 恒一会 かえで総合病院/00.提案/提案書.pptx,data/raw/share/share/共有ドライブ/プロジェクト/医療法人社団 恒一会 かえで総合病院/00.提案/提案書.pptx | data/raw/share/share/共有ドライブ/プロジェクト/医療法人社団 恒一会 かえで総合病院/06.報告書/医療法人社団 恒一会 かえで総合病院_最終報告.pptx | data/raw/share/share/共有ドライブ/プロジェクト/医療法人社団 恒一会 かえで総合病院/06.報告書/医療法人社団 恒一会 かえで総合病院_最終報告_old.pptx,data/raw/share/share/共有ドライブ/プロジェクト/医療法人社団 恒一会 かえで総合病院/00.提案/提案書.pptx | data/raw/share/share/共有ドライブ/プロジェクト/医療法人社団 恒一会 かえで総合病院/06.報告書/医療法人社団 恒一会 かえで総合病院_最終報告.pptx | data/raw/share/share/共有ドライブ/プロジェクト/医療法人社団 恒一会 かえで総合病院/06.報告書/医療法人社団 恒一会 かえで総合病院_最終報告_old.pptx | data/raw/share/share/共有ドライブ/プロジェクト/京橋信用ソリューションズ株式会社/06.報告書/京橋信用ソリューションズ株式会社_最終報告.pptx | data/raw/share/share/共有ドライブ/プロジェクト/医療法人社団 恒一会 かえで総合病院/05.会議/報告資料/報告資料_2025-09-16.docx,data/raw/share/share/共有ドライブ/プロジェクト/医療法人社団 恒一会 かえで総合病院/00.提案/提案書.pptx | data/raw/share/share/共有ドライブ/プロジェクト/医療法人社団 恒一会 かえで総合病院/06.報告書/医療法人社団 恒一会 かえで総合病院_最終報告.pptx | data/raw/share/share/共有ドライブ/プロジェクト/医療法人社団 恒一会 かえで総合病院/06.報告書/医療法人社団 恒一会 かえで総合病院_最終報告_old.pptx | data/raw/share/share/共有ドライブ/プロジェクト/京橋信用ソリューションズ株式会社/06.報告書/京橋信用ソリューションズ株式会社_最終報告.pptx | data/raw/share/share/共有ドライブ/プロジェクト/医療法人社団 恒一会 かえで総合病院/05.会議/報告資料/報告資料_2025-09-16.docx | data/raw/share/share/共有ドライブ/プロジェクト/京橋信用ソリューションズ株式会社/00.提案/提案書_final.pptx | data/raw/share/share/共有ドライブ/プロジェクト/京橋信用ソリューションズ株式会社/00.提案/提案書_v1.pptx | data/raw/share/share/共有ドライブ/プロジェクト/医療法人社団 恒一会 かえで総合病院/01.契約/契約書_pw-kaede20250902.docx | data/raw/share/share/共有ドライブ/プロジェクト/医療法人社団 蒼樹会 みなみ野女性医療センター/01.契約/契約書.docx | data/raw/share/share/共有ドライブ/プロジェクト/白峰信用リスク評価株式会社/01.契約/契約書.docx,True,False,False,False,True,strict_only_correct,False,False,offline_comparison,Gate19 planning + EDA064 TopK,high,False
test,4,蒼泉会 ひがし丘総合病院の01_eda.ipynbを確認して、目的変数と相関が最も高い数値特徴量を教えてください。,data/raw/share/share/共有ドライブ/プロジェクト/医療法人社団 蒼泉会 ひがし丘総合病院/04.分析/analysis_project/notebooks/01_eda.ipynb,data/raw/share/share/共有ドライブ/プロジェクト/医療法人社団 蒼泉会 ひがし丘総合病院/04.分析/analysis_project/notebooks/01_eda.ipynb,data/raw/share/share/共有ドライブ/プロジェクト/京橋信用ソリューションズ株式会社/04.分析/analysis_project/notebooks/01_eda.ipynb,data/raw/share/share/共有ドライブ/プロジェクト/京橋信用ソリューションズ株式会社/04.分析/analysis_project/notebooks/01_eda.ipynb | data/raw/share/share/共有ドライブ/プロジェクト/医療法人社団 恒一会 かえで総合病院/04.分析/analysis_project/notebooks/01_eda.ipynb | data/raw/share/share/共有ドライブ/プロジェクト/医療法人社団 蒼樹会 みなみ野女性医療センター/04.分析/analysis_project/notebooks/01_eda.ipynb,data/raw/share/share/共有ドライブ/プロジェクト/京橋信用ソリューションズ株式会社/04.分析/analysis_project/notebooks/01_eda.ipynb | data/raw/share/share/共有ドライブ/プロジェクト/医療法人社団 恒一会 かえで総合病院/04.分析/analysis_project/notebooks/01_eda.ipynb | data/raw/share/share/共有ドライブ/プロジェクト/医療法人社団 蒼樹会 みなみ野女性医療センター/04.分析/analysis_project/notebooks/01_eda.ipynb | data/raw/share/share/共有ドライブ/プロジェクト/医療法人社団 蒼泉会 ひがし丘総合病院/04.分析/analysis_project/notebooks/01_eda.ipynb | data/raw/share/share/共有ドライブ/プロジェクト/株式会社東都人材プラットフォーム/04.分析/analysis_project/notebooks/01_eda.ipynb,data/raw/share/share/共有ドライブ/プロジェクト/京橋信用ソリューションズ株式会社/04.分析/analysis_project/notebooks/01_eda.ipynb | data/raw/share/share/共有ドライブ/プロジェクト/医療法人社団 恒一会 かえで総合病院/04.分析/analysis_project/notebooks/01_eda.ipynb | data/raw/share/share/共有ドライブ/プロジェクト/医療法人社団 蒼樹会 みなみ野女性医療センター/04.分析/analysis_project/notebooks/01_eda.ipynb | data/raw/share/share/共有ドライブ/プロジェクト/医療法人社団 蒼泉会 ひがし丘総合病院/04.分析/analysis_project/notebooks/01_eda.ipynb | data/raw/share/share/共有ドライブ/プロジェクト/株式会社東都人材プラットフォーム/04.分析/analysis_project/notebooks/01_eda.ipynb | data/raw/share/share/共有ドライブ/プロジェクト/株式会社青嶺不動産アセットマネジメント/04.分析/analysis_project/notebooks/01_eda.ipynb | data/raw/share/share/共有ドライブ/プロジェクト/株式会社青潮モビリティサービス/04.分析/analysis_project/notebooks/01_eda.ipynb | data/raw/share/share/共有ドライブ/プロジェクト/白峰信用リスク評価株式会社/04.分析/analysis_project/notebooks/01_eda.ipynb | data/raw/share/share/共有ドライブ/プロジェクト/白峰信用リスク評価株式会社/04.分析/analysis_project/notebooks/01_eda_old.ipynb | data/raw/share/share/共有ドライブ/プロジェクト/青葉与信マネジメント株式会社/04.分析/analysis_project/notebooks/01_eda.ipynb,True,False,False,True,True,both_correct,False,False,offline_comparison,Gate19 planning + EDA064 TopK,high,False
test,19,青嶺不動産アセットマネジメントのスケジュール_r2.xlsxにおいて、2025-08-11から2025-09-09の間に開始日または終了日が設定されているタスクIDをすべて挙げてください。,data/raw/share/share/共有ドライブ/プロジェクト/株式会社青嶺不動産アセットマネジメント/02.計画/スケジュール_r2.xlsx,data/raw/share/share/共有ドライブ/プロジェクト/株式会社青嶺不動産アセットマネジメント/02.計画/スケジュール_r2.xlsx,data/raw/share/share/共有ドライブ/プロジェクト/株式会社青嶺不動産アセットマネジメント/02.計画/スケジュール_r2.xlsx,data/raw/share/share/共有ドライブ/プロジェクト/株式会社青嶺不動産アセットマネジメント/02.計画/スケジュール_r2.xlsx | data/raw/share/share/共有ドライブ/プロジェクト/株式会社青嶺不動産アセットマネジメント/02.計画/スケジュール_r1.xlsx | data/raw/share/share/共有ドライブ/プロジェクト/京橋信用ソリューションズ株式会社/02.計画/スケジュール.xlsx,data/raw/share/share/共有ドライブ/プロジェクト/株式会社青嶺不動産アセットマネジメント/02.計画/スケジュール_r2.xlsx | data/raw/share/share/共有ドライブ/プロジェクト/株式会社青嶺不動産アセットマネジメント/02.計画/スケジュール_r1.xlsx | data/raw/share/share/共有ドライブ/プロジェクト/京橋信用ソリューションズ株式会社/02.計画/スケジュール.xlsx | data/raw/share/share/共有ドライブ/プロジェクト/医療法人社団 恒一会 かえで総合病院/02.計画/~$スケジュール.xlsx | data/raw/share/share/共有ドライブ/プロジェクト/医療法人社団 恒一会 かえで総合病院/02.計画/スケジュール.xlsx,data/raw/share/share/共有ドライブ/プロジェクト/株式会社青嶺不動産アセットマネジメント/02.計画/スケジュール_r2.xlsx | data/raw/share/share/共有ドライブ/プロジェクト/株式会社青嶺不動産アセットマネジメント/02.計画/スケジュール_r1.xlsx | data/raw/share/share/共有ドライブ/プロジェクト/京橋信用ソリューションズ株式会社/02.計画/スケジュール.xlsx | data/raw/share/share/共有ドライブ/プロジェクト/医療法人社団 恒一会 かえで総合病院/02.計画/~$スケジュール.xlsx | data/raw/share/share/共有ドライブ/プロジェクト/医療法人社団 恒一会 かえで総合病院/02.計画/スケジュール.xlsx | data/raw/share/share/共有ドライブ/プロジェクト/医療法人社団 恒一会 かえで総合病院/03.データ/train.xlsx | data/raw/share/share/共有ドライブ/プロジェクト/医療法人社団 蒼樹会 みなみ野女性医療センター/02.計画/スケジュール.xlsx | data/raw/share/share/共有ドライブ/プロジェクト/医療法人社団 蒼樹会 みなみ野女性医療センター/03.データ/train.xlsx | data/raw/share/share/共有ドライブ/プロジェクト/医療法人社団 蒼泉会 ひがし丘総合病院/02.計画/スケジュール.xlsx | data/raw/share/share/共有ドライブ/プロジェクト/医療法人社団 蒼泉会 ひがし丘総合病院/03.データ/train.xlsx,True,True,True,True,True,both_correct,False,False,offline_comparison,Gate19 planning + EDA064 TopK,high,False
test,39,青潮モビリティサービスのtrain.xlsxのSheet1にあるグラフ1はどのカラムを可視化したものですか。,data/raw/share/share/共有ドライブ/プロジェクト/株式会社青潮モビリティサービス/03.データ/train.xlsx,data/raw/share/share/共有ドライブ/プロジェクト/株式会社青潮モビリティサービス/03.データ/train.xlsx,data/raw/share/share/共有ドライブ/プロジェクト/株式会社青潮モビリティサービス/02.計画/スケジュール.xlsx,data/raw/share/share/共有ドライブ/プロジェクト/株式会社青潮モビリティサービス/02.計画/スケジュール.xlsx | data/raw/share/share/共有ドライブ/プロジェクト/株式会社青潮モビリティサービス/03.データ/train.xlsx | data/raw/share/share/共有ドライブ/プロジェクト/株式会社青潮モビリティサービス/00.提案/提案書.pptx,data/raw/share/share/共有ドライブ/プロジェクト/株式会社青潮モビリティサービス/02.計画/スケジュール.xlsx | data/raw/share/share/共有ドライブ/プロジェクト/株式会社青潮モビリティサービス/03.データ/train.xlsx | data/raw/share/share/共有ドライブ/プロジェクト/株式会社青潮モビリティサービス/00.提案/提案書.pptx | data/raw/share/share/共有ドライブ/プロジェクト/株式会社青潮モビリティサービス/06.報告書/株式会社青潮モビリティサービス_最終報告.pdf | data/raw/share/share/共有ドライブ/プロジェクト/株式会社青潮モビリティサービス/01.契約/契約書.docx,data/raw/share/share/共有ドライブ/プロジェクト/株式会社青潮モビリティサービス/02.計画/スケジュール.xlsx | data/raw/share/share/共有ドライブ/プロジェクト/株式会社青潮モビリティサービス/03.データ/train.xlsx | data/raw/share/share/共有ドライブ/プロジェクト/株式会社青潮モビリティサービス/00.提案/提案書.pptx | data/raw/share/share/共有ドライブ/プロジェクト/株式会社青潮モビリティサービス/06.報告書/株式会社青潮モビリティサービス_最終報告.pdf | data/raw/share/share/共有ドライブ/プロジェクト/株式会社青潮モビリティサービス/01.契約/契約書.docx | data/raw/share/share/共有ドライブ/プロジェクト/京橋信用ソリューションズ株式会社/02.計画/スケジュール.xlsx | data/raw/share/share/共有ドライブ/プロジェクト/京橋信用ソリューションズ株式会社/03.データ/train.csv | data/raw/share/share/共有ドライブ/プロジェクト/京橋信用ソリューションズ株式会社/04.分析/analysis_project/data/train.csv | data/raw/share/share/共有ドライブ/プロジェクト/医療法人社団 恒一会 かえで総合病院/02.計画/~$スケジュール.xlsx | data/raw/share/share/共有ドライブ/プロジェクト/医療法人社団 恒一会 かえで総合病院/02.計画/スケジュール.xlsx,True,False,True,True,True,both_correct,False,False,offline_comparison,Gate19 planning + EDA064 TopK,high,False
test,41,AOBMのPLANにおいて、加藤さんが担当者に含まれるタスクIDはいくつありますか。,data/raw/share/share/共有ドライブ/プロジェクト/株式会社青葉バイオメディカル機器/02.計画/スケジュール.xlsx,data/raw/share/share/共有ドライブ/プロジェクト/株式会社青葉バイオメディカル機器/02.計画/スケジュール.xlsx,data/raw/share/share/共有ドライブ/プロジェクト/株式会社青嶺不動産アセットマネジメント/00.提案/ニューヨーク不動産市場の最新動向調査.pdf,data/raw/share/share/共有ドライブ/プロジェクト/株式会社青嶺不動産アセットマネジメント/00.提案/ニューヨーク不動産市場の最新動向調査.pdf | data/raw/share/share/共有ドライブ/プロジェクト/白峰信用リスク評価株式会社/06.報告書/白峰信用リスク評価株式会社_最終報告.pptx | data/raw/share/share/共有ドライブ/プロジェクト/医療法人社団 恒一会 かえで総合病院/00.提案/提案書.pptx,data/raw/share/share/共有ドライブ/プロジェクト/株式会社青嶺不動産アセットマネジメント/00.提案/ニューヨーク不動産市場の最新動向調査.pdf | data/raw/share/share/共有ドライブ/プロジェクト/白峰信用リスク評価株式会社/06.報告書/白峰信用リスク評価株式会社_最終報告.pptx | data/raw/share/share/共有ドライブ/プロジェクト/医療法人社団 恒一会 かえで総合病院/00.提案/提案書.pptx | data/raw/share/share/共有ドライブ/プロジェクト/株式会社青嶺不動産アセットマネジメント/05.会議/報告資料/報告資料_2025-08-26.pdf | data/raw/share/share/共有ドライブ/プロジェクト/白峰信用リスク評価株式会社/02.計画/スケジュール.xlsx,data/raw/share/share/共有ドライブ/プロジェクト/株式会社青嶺不動産アセットマネジメント/00.提案/ニューヨーク不動産市場の最新動向調査.pdf | data/raw/share/share/共有ドライブ/プロジェクト/白峰信用リスク評価株式会社/06.報告書/白峰信用リスク評価株式会社_最終報告.pptx | data/raw/share/share/共有ドライブ/プロジェクト/医療法人社団 恒一会 かえで総合病院/00.提案/提案書.pptx | data/raw/share/share/共有ドライブ/プロジェクト/株式会社青嶺不動産アセットマネジメント/05.会議/報告資料/報告資料_2025-08-26.pdf | data/raw/share/share/共有ドライブ/プロジェクト/白峰信用リスク評価株式会社/02.計画/スケジュール.xlsx | data/raw/share/share/共有ドライブ/プロジェクト/白峰信用リスク評価株式会社/03.データ/train.csv | data/raw/share/share/共有ドライブ/プロジェクト/白峰信用リスク評価株式会社/03.データ/train.xlsx | data/raw/share/share/共有ドライブ/プロジェクト/白峰信用リスク評価株式会社/04.分析/analysis_outputs/experiments/leaderboard.csv | data/raw/share/share/共有ドライブ/プロジェクト/白峰信用リスク評価株式会社/04.分析/analysis_project/data/train.csv | data/raw/share/share/共有ドライブ/プロジェクト/株式会社青葉バイオメディカル機器/02.計画/スケジュール.xlsx,True,False,False,False,True,strict_only_correct,False,False,offline_comparison,Gate19 planning + EDA064 TopK,high,False
test,43,東都のCTにおいて、甲側の主担当者をフルネームで教えてください。,data/raw/share/share/共有ドライブ/プロジェクト/株式会社東都人材プラットフォーム/01.契約/契約書.docx,data/raw/share/share/共有ドライブ/プロジェクト/株式会社東都人材プラットフォーム/01.契約/契約書.docx,data/raw/share/share/共有ドライブ/プロジェクト/医療法人社団 恒一会 かえで総合病院/00.提案/提案書.pptx,data/raw/share/share/共有ドライブ/プロジェクト/医療法人社団 恒一会 かえで総合病院/00.提案/提案書.pptx | data/raw/share/share/共有ドライブ/プロジェクト/株式会社青嶺不動産アセットマネジメント/00.提案/ニューヨーク不動産市場の最新動向調査.pdf | data/raw/share/share/共有ドライブ/プロジェクト/株式会社東都人材プラットフォーム/06.報告書/株式会社東都人材プラットフォーム_最終報告.pptx,data/raw/share/share/共有ドライブ/プロジェクト/医療法人社団 恒一会 かえで総合病院/00.提案/提案書.pptx | data/raw/share/share/共有ドライブ/プロジェクト/株式会社青嶺不動産アセットマネジメント/00.提案/ニューヨーク不動産市場の最新動向調査.pdf | data/raw/share/share/共有ドライブ/プロジェクト/株式会社東都人材プラットフォーム/06.報告書/株式会社東都人材プラットフォーム_最終報告.pptx | data/raw/share/share/共有ドライブ/プロジェクト/医療法人社団 恒一会 かえで総合病院/06.報告書/医療法人社団 恒一会 かえで総合病院_最終報告.pptx | data/raw/share/share/共有ドライブ/プロジェクト/医療法人社団 恒一会 かえで総合病院/06.報告書/医療法人社団 恒一会 かえで総合病院_最終報告_old.pptx,data/raw/share/share/共有ドライブ/プロジェクト/医療法人社団 恒一会 かえで総合病院/00.提案/提案書.pptx | data/raw/share/share/共有ドライブ/プロジェクト/株式会社青嶺不動産アセットマネジメント/00.提案/ニューヨーク不動産市場の最新動向調査.pdf | data/raw/share/share/共有ドライブ/プロジェクト/株式会社東都人材プラットフォーム/06.報告書/株式会社東都人材プラットフォーム_最終報告.pptx | data/raw/share/share/共有ドライブ/プロジェクト/医療法人社団 恒一会 かえで総合病院/06.報告書/医療法人社団 恒一会 かえで総合病院_最終報告.pptx | data/raw/share/share/共有ドライブ/プロジェクト/医療法人社団 恒一会 かえで総合病院/06.報告書/医療法人社団 恒一会 かえで総合病院_最終報告_old.pptx | data/raw/share/share/共有ドライブ/プロジェクト/株式会社東都人材プラットフォーム/00.提案/提案書.pptx | data/raw/share/share/共有ドライブ/プロジェクト/医療法人社団 恒一会 かえで総合病院/05.会議/報告資料/報告資料_2025-09-16.docx | data/raw/share/share/共有ドライブ/プロジェクト/株式会社東都人材プラットフォーム/00.提案/データサイエンティスト調査.docx | data/raw/share/share/共有ドライブ/プロジェクト/京橋信用ソリューションズ株式会社/06.報告書/京橋信用ソリューションズ株式会社_最終報告.pptx | data/raw/share/share/共有ドライブ/プロジェクト/医療法人社団 恒一会 かえで総合病院/05.会議/報告資料/報告資料_2025-09-02.docx,True,False,False,False,False,strict_only_correct,False,False,offline_comparison,Gate19 planning + EDA064 TopK,high,False
test,49,東都人材プラットフォームの会議録において、コメントがついている部分をそのまま抽出してください。,data/raw/share/share/共有ドライブ/プロジェクト/株式会社東都人材プラットフォーム/05.会議/会議録/会議録_2025-08-18.docx,data/raw/share/share/共有ドライブ/プロジェクト/株式会社東都人材プラットフォーム/05.会議/会議録/会議録_2025-08-18.docx,data/raw/share/share/共有ドライブ/プロジェクト/株式会社東都人材プラットフォーム/00.提案/データサイエンティスト調査.docx,data/raw/share/share/共有ドライブ/プロジェクト/株式会社東都人材プラットフォーム/00.提案/データサイエンティスト調査.docx | data/raw/share/share/共有ドライブ/プロジェクト/株式会社東都人材プラットフォーム/00.提案/提案書.pptx | data/raw/share/share/共有ドライブ/プロジェクト/株式会社東都人材プラットフォーム/06.報告書/株式会社東都人材プラットフォーム_最終報告.pptx,data/raw/share/share/共有ドライブ/プロジェクト/株式会社東都人材プラットフォーム/00.提案/データサイエンティスト調査.docx | data/raw/share/share/共有ドライブ/プロジェクト/株式会社東都人材プラットフォーム/00.提案/提案書.pptx | data/raw/share/share/共有ドライブ/プロジェクト/株式会社東都人材プラットフォーム/06.報告書/株式会社東都人材プラットフォーム_最終報告.pptx | data/raw/share/share/共有ドライブ/プロジェクト/青葉与信マネジメント株式会社/05.会議/報告資料/報告資料_2025-04-09.docx | data/raw/share/share/共有ドライブ/プロジェクト/株式会社東都人材プラットフォーム/01.契約/契約書.docx,data/raw/share/share/共有ドライブ/プロジェクト/株式会社東都人材プラットフォーム/00.提案/データサイエンティスト調査.docx | data/raw/share/share/共有ドライブ/プロジェクト/株式会社東都人材プラットフォーム/00.提案/提案書.pptx | data/raw/share/share/共有ドライブ/プロジェクト/株式会社東都人材プラットフォーム/06.報告書/株式会社東都人材プラットフォーム_最終報告.pptx | data/raw/share/share/共有ドライブ/プロジェクト/青葉与信マネジメント株式会社/05.会議/報告資料/報告資料_2025-04-09.docx | data/raw/share/share/共有ドライブ/プロジェクト/株式会社東都人材プラットフォーム/01.契約/契約書.docx | data/raw/share/share/共有ドライブ/プロジェクト/医療法人社団 恒一会 かえで総合病院/05.会議/報告資料/報告資料_2025-09-16.docx | data/raw/share/share/共有ドライブ/プロジェクト/株式会社東都人材プラットフォーム/00.提案/データサイエンス市場の未来予測.pdf | data/raw/share/share/共有ドライブ/プロジェクト/株式会社東都人材プラットフォーム/04.分析/analysis_project/notebooks/01_eda.ipynb | data/raw/share/share/共有ドライブ/プロジェクト/株式会社東都人材プラットフォーム/04.分析/analysis_project/scripts/bootstrap_env.py | data/raw/share/share/共有ドライブ/プロジェクト/株式会社東都人材プラットフォーム/04.分析/analysis_project/src/common.py,True,False,False,False,False,strict_only_correct,False,False,offline_comparison,Gate19 planning + EDA064 TopK,high,False
test,56,蒼泉会 ひがし丘総合病院の01_eda.ipynbにおける目的変数分析の可視化において、y軸に実際に表示されている目盛りの最大値は何ですか。,data/raw/share/share/共有ドライブ/プロジェクト/医療法人社団 蒼泉会 ひがし丘総合病院/04.分析/analysis_project/notebooks/01_eda.ipynb,data/raw/share/share/共有ドライブ/プロジェクト/医療法人社団 蒼泉会 ひがし丘総合病院/04.分析/analysis_project/notebooks/01_eda.ipynb,data/raw/share/share/共有ドライブ/プロジェクト/医療法人社団 恒一会 かえで総合病院/04.分析/analysis_project/notebooks/01_eda.ipynb,data/raw/share/share/共有ドライブ/プロジェクト/医療法人社団 恒一会 かえで総合病院/04.分析/analysis_project/notebooks/01_eda.ipynb | data/raw/share/share/共有ドライブ/プロジェクト/医療法人社団 蒼泉会 ひがし丘総合病院/04.分析/analysis_project/notebooks/01_eda.ipynb | data/raw/share/share/共有ドライブ/プロジェクト/医療法人社団 蒼泉会 ひがし丘総合病院/04.分析/analysis_project/src/preprocess.py,data/raw/share/share/共有ドライブ/プロジェクト/医療法人社団 恒一会 かえで総合病院/04.分析/analysis_project/notebooks/01_eda.ipynb | data/raw/share/share/共有ドライブ/プロジェクト/医療法人社団 蒼泉会 ひがし丘総合病院/04.分析/analysis_project/notebooks/01_eda.ipynb | data/raw/share/share/共有ドライブ/プロジェクト/医療法人社団 蒼泉会 ひがし丘総合病院/04.分析/analysis_project/src/preprocess.py | data/raw/share/share/共有ドライブ/プロジェクト/医療法人社団 蒼泉会 ひがし丘総合病院/04.分析/analysis_project/src/common.py | data/raw/share/share/共有ドライブ/プロジェクト/京橋信用ソリューションズ株式会社/04.分析/analysis_project/notebooks/01_eda.ipynb,data/raw/share/share/共有ドライブ/プロジェクト/医療法人社団 恒一会 かえで総合病院/04.分析/analysis_project/notebooks/01_eda.ipynb | data/raw/share/share/共有ドライブ/プロジェクト/医療法人社団 蒼泉会 ひがし丘総合病院/04.分析/analysis_project/notebooks/01_eda.ipynb | data/raw/share/share/共有ドライブ/プロジェクト/医療法人社団 蒼泉会 ひがし丘総合病院/04.分析/analysis_project/src/preprocess.py | data/raw/share/share/共有ドライブ/プロジェクト/医療法人社団 蒼泉会 ひがし丘総合病院/04.分析/analysis_project/src/common.py | data/raw/share/share/共有ドライブ/プロジェクト/京橋信用ソリューションズ株式会社/04.分析/analysis_project/notebooks/01_eda.ipynb | data/raw/share/share/共有ドライブ/プロジェクト/京橋信用ソリューションズ株式会社/04.分析/analysis_project/scripts/bootstrap_env.py | data/raw/share/share/共有ドライブ/プロジェクト/京橋信用ソリューションズ株式会社/04.分析/analysis_project/scripts/run_train.py | data/raw/share/share/共有ドライブ/プロジェクト/京橋信用ソリューションズ株式会社/04.分析/analysis_project/src/__init__.py | data/raw/share/share/共有ドライブ/プロジェクト/京橋信用ソリューションズ株式会社/04.分析/analysis_project/src/common.py | data/raw/share/share/共有ドライブ/プロジェクト/京橋信用ソリューションズ株式会社/04.分析/analysis_project/src/eda.py,True,False,True,True,True,both_correct,False,False,offline_comparison,Gate19 planning + EDA064 TopK,high,False
test,72,KSSにおいて、データエンジニアが担当するタスクIDはいくつありますか。,data/raw/share/share/共有ドライブ/プロジェクト/京橋信用ソリューションズ株式会社/02.計画/スケジュール.xlsx | data/raw/share/share/共有ドライブ/プロジェクト/京橋信用ソリューションズ株式会社/01.契約/契約書.docx,data/raw/share/share/共有ドライブ/プロジェクト/京橋信用ソリューションズ株式会社/03.データ/カラム説明.md,data/raw/share/share/共有ドライブ/プロジェクト/医療法人社団 恒一会 かえで総合病院/00.提案/提案書.pptx,data/raw/share/share/共有ドライブ/プロジェクト/医療法人社団 恒一会 かえで総合病院/00.提案/提案書.pptx | data/raw/share/share/共有ドライブ/プロジェクト/株式会社青嶺不動産アセットマネジメント/00.提案/ニューヨーク不動産市場の最新動向調査.pdf | data/raw/share/share/共有ドライブ/プロジェクト/株式会社青嶺不動産アセットマネジメント/05.会議/報告資料/報告資料_2025-08-06.pdf,data/raw/share/share/共有ドライブ/プロジェクト/医療法人社団 恒一会 かえで総合病院/00.提案/提案書.pptx | data/raw/share/share/共有ドライブ/プロジェクト/株式会社青嶺不動産アセットマネジメント/00.提案/ニューヨーク不動産市場の最新動向調査.pdf | data/raw/share/share/共有ドライブ/プロジェクト/株式会社青嶺不動産アセットマネジメント/05.会議/報告資料/報告資料_2025-08-06.pdf | data/raw/share/share/共有ドライブ/プロジェクト/株式会社東都人材プラットフォーム/00.提案/データサイエンティスト調査.docx | data/raw/share/share/共有ドライブ/プロジェクト/京橋信用ソリューションズ株式会社/00.提案/提案書_v1.pptx,data/raw/share/share/共有ドライブ/プロジェクト/医療法人社団 恒一会 かえで総合病院/00.提案/提案書.pptx | data/raw/share/share/共有ドライブ/プロジェクト/株式会社青嶺不動産アセットマネジメント/00.提案/ニューヨーク不動産市場の最新動向調査.pdf | data/raw/share/share/共有ドライブ/プロジェクト/株式会社青嶺不動産アセットマネジメント/05.会議/報告資料/報告資料_2025-08-06.pdf | data/raw/share/share/共有ドライブ/プロジェクト/株式会社東都人材プラットフォーム/00.提案/データサイエンティスト調査.docx | data/raw/share/share/共有ドライブ/プロジェクト/京橋信用ソリューションズ株式会社/00.提案/提案書_v1.pptx | data/raw/share/share/共有ドライブ/プロジェクト/京橋信用ソリューションズ株式会社/00.提案/提案書_final.pptx | data/raw/share/share/共有ドライブ/プロジェクト/青葉与信マネジメント株式会社/00.提案/提案書_v1.pptx | data/raw/share/share/共有ドライブ/プロジェクト/青葉与信マネジメント株式会社/00.提案/提案書_v3.pptx | data/raw/share/share/共有ドライブ/プロジェクト/青葉与信マネジメント株式会社/00.提案/提案書_v2.pptx | data/raw/share/share/共有ドライブ/プロジェクト/株式会社青嶺不動産アセットマネジメント/00.提案/提案書.pptx,False,False,False,False,False,both_fail,False,True,offline_comparison,Gate19 planning + EDA064 TopK,high,False
test,81,京橋信用ソリューションズとの契約書において、太字で記載されている部分を抽出してください。,data/raw/share/share/共有ドライブ/プロジェクト/京橋信用ソリューションズ株式会社/01.契約/契約書.docx,data/raw/share/share/共有ドライブ/プロジェクト/京橋信用ソリューションズ株式会社/01.契約/契約書.docx,data/raw/share/share/共有ドライブ/プロジェクト/京橋信用ソリューションズ株式会社/00.提案/提案書_final.pptx,data/raw/share/share/共有ドライブ/プロジェクト/京橋信用ソリューションズ株式会社/00.提案/提案書_final.pptx | data/raw/share/share/共有ドライブ/プロジェクト/京橋信用ソリューションズ株式会社/00.提案/提案書_v1.pptx | data/raw/share/share/共有ドライブ/プロジェクト/京橋信用ソリューションズ株式会社/01.契約/契約書.docx,data/raw/share/share/共有ドライブ/プロジェクト/京橋信用ソリューションズ株式会社/00.提案/提案書_final.pptx | data/raw/share/share/共有ドライブ/プロジェクト/京橋信用ソリューションズ株式会社/00.提案/提案書_v1.pptx | data/raw/share/share/共有ドライブ/プロジェクト/京橋信用ソリューションズ株式会社/01.契約/契約書.docx | data/raw/share/share/共有ドライブ/プロジェクト/京橋信用ソリューションズ株式会社/06.報告書/京橋信用ソリューションズ株式会社_最終報告.pptx | data/raw/share/share/共有ドライブ/プロジェクト/京橋信用ソリューションズ株式会社/05.会議/報告資料/報告資料_2025-10-01.docx,data/raw/share/share/共有ドライブ/プロジェクト/京橋信用ソリューションズ株式会社/00.提案/提案書_final.pptx | data/raw/share/share/共有ドライブ/プロジェクト/京橋信用ソリューションズ株式会社/00.提案/提案書_v1.pptx | data/raw/share/share/共有ドライブ/プロジェクト/京橋信用ソリューションズ株式会社/01.契約/契約書.docx | data/raw/share/share/共有ドライブ/プロジェクト/京橋信用ソリューションズ株式会社/06.報告書/京橋信用ソリューションズ株式会社_最終報告.pptx | data/raw/share/share/共有ドライブ/プロジェクト/京橋信用ソリューションズ株式会社/05.会議/報告資料/報告資料_2025-10-01.docx | data/raw/share/share/共有ドライブ/プロジェクト/医療法人社団 恒一会 かえで総合病院/05.会議/報告資料/報告資料_2025-09-16.docx | data/raw/share/share/共有ドライブ/プロジェクト/青葉与信マネジメント株式会社/05.会議/報告資料/報告資料_2025-04-09.docx | data/raw/share/share/共有ドライブ/プロジェクト/株式会社東都人材プラットフォーム/00.提案/データサイエンティスト調査.docx | data/raw/share/share/共有ドライブ/プロジェクト/京橋信用ソリューションズ株式会社/04.分析/analysis_project/notebooks/01_eda.ipynb | data/raw/share/share/共有ドライブ/プロジェクト/京橋信用ソリューションズ株式会社/04.分析/analysis_project/scripts/bootstrap_env.py,True,False,True,True,True,both_correct,False,False,offline_comparison,Gate19 planning + EDA064 TopK,high,False
test,82,蒼泉会 ひがし丘総合病院のスケジュール.xlsxにおいて、WBSシートでオレンジ色にハイライトされている行のタスクIDをすべて教えてください。,data/raw/share/share/共有ドライブ/プロジェクト/医療法人社団 蒼泉会 ひがし丘総合病院/02.計画/スケジュール.xlsx,data/raw/share/share/共有ドライブ/プロジェクト/医療法人社団 蒼泉会 ひがし丘総合病院/02.計画/スケジュール.xlsx,data/raw/share/share/共有ドライブ/プロジェクト/医療法人社団 蒼樹会 みなみ野女性医療センター/02.計画/スケジュール.xlsx,data/raw/share/share/共有ドライブ/プロジェクト/医療法人社団 蒼樹会 みなみ野女性医療センター/02.計画/スケジュール.xlsx | data/raw/share/share/共有ドライブ/プロジェクト/医療法人社団 恒一会 かえで総合病院/00.提案/提案書.pptx | data/raw/share/share/共有ドライブ/プロジェクト/医療法人社団 恒一会 かえで総合病院/06.報告書/医療法人社団 恒一会 かえで総合病院_最終報告.pptx,data/raw/share/share/共有ドライブ/プロジェクト/医療法人社団 蒼樹会 みなみ野女性医療センター/02.計画/スケジュール.xlsx | data/raw/share/share/共有ドライブ/プロジェクト/医療法人社団 恒一会 かえで総合病院/00.提案/提案書.pptx | data/raw/share/share/共有ドライブ/プロジェクト/医療法人社団 恒一会 かえで総合病院/06.報告書/医療法人社団 恒一会 かえで総合病院_最終報告.pptx | data/raw/share/share/共有ドライブ/プロジェクト/医療法人社団 恒一会 かえで総合病院/06.報告書/医療法人社団 恒一会 かえで総合病院_最終報告_old.pptx | data/raw/share/share/共有ドライブ/プロジェクト/医療法人社団 蒼泉会 ひがし丘総合病院/00.提案/提案書.pptx,data/raw/share/share/共有ドライブ/プロジェクト/医療法人社団 蒼樹会 みなみ野女性医療センター/02.計画/スケジュール.xlsx | data/raw/share/share/共有ドライブ/プロジェクト/医療法人社団 恒一会 かえで総合病院/00.提案/提案書.pptx | data/raw/share/share/共有ドライブ/プロジェクト/医療法人社団 恒一会 かえで総合病院/06.報告書/医療法人社団 恒一会 かえで総合病院_最終報告.pptx | data/raw/share/share/共有ドライブ/プロジェクト/医療法人社団 恒一会 かえで総合病院/06.報告書/医療法人社団 恒一会 かえで総合病院_最終報告_old.pptx | data/raw/share/share/共有ドライブ/プロジェクト/医療法人社団 蒼泉会 ひがし丘総合病院/00.提案/提案書.pptx | data/raw/share/share/共有ドライブ/プロジェクト/医療法人社団 蒼泉会 ひがし丘総合病院/05.会議/報告資料/報告資料_2025-07-08.docx | data/raw/share/share/共有ドライブ/プロジェクト/株式会社東都人材プラットフォーム/00.提案/データサイエンティスト調査.docx | data/raw/share/share/共有ドライブ/プロジェクト/株式会社東都人材プラットフォーム/02.計画/スケジュール.xlsx | data/raw/share/share/共有ドライブ/社内管理/社内用語集.docx | data/raw/share/share/共有ドライブ/プロジェクト/医療法人社団 恒一会 かえで総合病院/05.会議/会議録/会議録_2025-09-16.docx,True,False,False,False,False,strict_only_correct,False,False,offline_comparison,Gate19 planning + EDA064 TopK,high,False
test,83,蒼樹会 みなみ野女性医療センターのtrain.xlsxにおいて、回帰分析の結果として記載されている係数をindex=1770のデータに当てはめたときの予測値はいくつですか。小数第5位まで答えてください。,data/raw/share/share/共有ドライブ/プロジェクト/医療法人社団 蒼樹会 みなみ野女性医療センター/03.データ/train.xlsx,data/raw/share/share/共有ドライブ/プロジェクト/医療法人社団 蒼樹会 みなみ野女性医療センター/03.データ/train.xlsx,data/raw/share/share/共有ドライブ/プロジェクト/京橋信用ソリューションズ株式会社/02.計画/スケジュール.xlsx,data/raw/share/share/共有ドライブ/プロジェクト/京橋信用ソリューションズ株式会社/02.計画/スケジュール.xlsx | data/raw/share/share/共有ドライブ/プロジェクト/京橋信用ソリューションズ株式会社/03.データ/train.csv | data/raw/share/share/共有ドライブ/プロジェクト/京橋信用ソリューションズ株式会社/04.分析/analysis_project/data/train.csv,data/raw/share/share/共有ドライブ/プロジェクト/京橋信用ソリューションズ株式会社/02.計画/スケジュール.xlsx | data/raw/share/share/共有ドライブ/プロジェクト/京橋信用ソリューションズ株式会社/03.データ/train.csv | data/raw/share/share/共有ドライブ/プロジェクト/京橋信用ソリューションズ株式会社/04.分析/analysis_project/data/train.csv | data/raw/share/share/共有ドライブ/プロジェクト/医療法人社団 恒一会 かえで総合病院/02.計画/~$スケジュール.xlsx | data/raw/share/share/共有ドライブ/プロジェクト/医療法人社団 恒一会 かえで総合病院/02.計画/スケジュール.xlsx,data/raw/share/share/共有ドライブ/プロジェクト/京橋信用ソリューションズ株式会社/02.計画/スケジュール.xlsx | data/raw/share/share/共有ドライブ/プロジェクト/京橋信用ソリューションズ株式会社/03.データ/train.csv | data/raw/share/share/共有ドライブ/プロジェクト/京橋信用ソリューションズ株式会社/04.分析/analysis_project/data/train.csv | data/raw/share/share/共有ドライブ/プロジェクト/医療法人社団 恒一会 かえで総合病院/02.計画/~$スケジュール.xlsx | data/raw/share/share/共有ドライブ/プロジェクト/医療法人社団 恒一会 かえで総合病院/02.計画/スケジュール.xlsx | data/raw/share/share/共有ドライブ/プロジェクト/医療法人社団 恒一会 かえで総合病院/03.データ/train.csv | data/raw/share/share/共有ドライブ/プロジェクト/医療法人社団 恒一会 かえで総合病院/03.データ/train.xlsx | data/raw/share/share/共有ドライブ/プロジェクト/医療法人社団 恒一会 かえで総合病院/04.分析/analysis_project/data/train.csv | data/raw/share/share/共有ドライブ/プロジェクト/医療法人社団 蒼樹会 みなみ野女性医療センター/00.提案/提案書.pptx | data/raw/share/share/共有ドライブ/プロジェクト/医療法人社団 蒼樹会 みなみ野女性医療センター/02.計画/スケジュール.xlsx,True,False,False,False,False,strict_only_correct,False,False,offline_comparison,Gate19 planning + EDA064 TopK,high,False
test,88,蒼樹会 みなみ野女性医療センターの提案書内のスケジュール案において、第5週目に実施することになっている項目は何ですか。,data/raw/share/share/共有ドライブ/プロジェクト/医療法人社団 蒼樹会 みなみ野女性医療センター/00.提案/提案書.pptx,data/raw/share/share/共有ドライブ/プロジェクト/医療法人社団 蒼樹会 みなみ野女性医療センター/00.提案/提案書.pptx,data/raw/share/share/共有ドライブ/プロジェクト/医療法人社団 蒼樹会 みなみ野女性医療センター/00.提案/提案書.pptx,data/raw/share/share/共有ドライブ/プロジェクト/医療法人社団 蒼樹会 みなみ野女性医療センター/00.提案/提案書.pptx | data/raw/share/share/共有ドライブ/プロジェクト/医療法人社団 蒼樹会 みなみ野女性医療センター/05.会議/会議録/会議録_2025-04-03.pdf | data/raw/share/share/共有ドライブ/プロジェクト/医療法人社団 蒼樹会 みなみ野女性医療センター/05.会議/会議録/会議録_2025-04-24.pdf,data/raw/share/share/共有ドライブ/プロジェクト/医療法人社団 蒼樹会 みなみ野女性医療センター/00.提案/提案書.pptx | data/raw/share/share/共有ドライブ/プロジェクト/医療法人社団 蒼樹会 みなみ野女性医療センター/05.会議/会議録/会議録_2025-04-03.pdf | data/raw/share/share/共有ドライブ/プロジェクト/医療法人社団 蒼樹会 みなみ野女性医療センター/05.会議/会議録/会議録_2025-04-24.pdf | data/raw/share/share/共有ドライブ/プロジェクト/医療法人社団 蒼樹会 みなみ野女性医療センター/05.会議/会議録/会議録_2025-05-15.pdf | data/raw/share/share/共有ドライブ/プロジェクト/医療法人社団 蒼樹会 みなみ野女性医療センター/05.会議/報告資料/報告資料_2025-04-03.pdf,data/raw/share/share/共有ドライブ/プロジェクト/医療法人社団 蒼樹会 みなみ野女性医療センター/00.提案/提案書.pptx | data/raw/share/share/共有ドライブ/プロジェクト/医療法人社団 蒼樹会 みなみ野女性医療センター/05.会議/会議録/会議録_2025-04-03.pdf | data/raw/share/share/共有ドライブ/プロジェクト/医療法人社団 蒼樹会 みなみ野女性医療センター/05.会議/会議録/会議録_2025-04-24.pdf | data/raw/share/share/共有ドライブ/プロジェクト/医療法人社団 蒼樹会 みなみ野女性医療センター/05.会議/会議録/会議録_2025-05-15.pdf | data/raw/share/share/共有ドライブ/プロジェクト/医療法人社団 蒼樹会 みなみ野女性医療センター/05.会議/報告資料/報告資料_2025-04-03.pdf | data/raw/share/share/共有ドライブ/プロジェクト/医療法人社団 蒼樹会 みなみ野女性医療センター/05.会議/報告資料/報告資料_2025-04-24.pdf | data/raw/share/share/共有ドライブ/プロジェクト/医療法人社団 蒼樹会 みなみ野女性医療センター/06.報告書/医療法人社団 蒼樹会 みなみ野女性医療センター_最終報告.pdf | data/raw/share/share/共有ドライブ/プロジェクト/医療法人社団 蒼樹会 みなみ野女性医療センター/04.分析/analysis_project/notebooks/01_eda.ipynb | data/raw/share/share/共有ドライブ/プロジェクト/医療法人社団 蒼樹会 みなみ野女性医療センター/04.分析/analysis_project/src/common.py | data/raw/share/share/共有ドライブ/プロジェクト/医療法人社団 蒼樹会 みなみ野女性医療センター/00.提案/糖尿病統計情報.docx,True,True,True,True,True,both_correct,False,False,offline_comparison,Gate19 planning + EDA064 TopK,high,False
test,89,京橋信用ソリューションズのスケジュール.xlsxにおいて、フェーズNo6にて最後に開始するタスク名は何ですか。,data/raw/share/share/共有ドライブ/プロジェクト/京橋信用ソリューションズ株式会社/02.計画/スケジュール.xlsx,data/raw/share/share/共有ドライブ/プロジェクト/京橋信用ソリューションズ株式会社/02.計画/スケジュール.xlsx,data/raw/share/share/共有ドライブ/プロジェクト/白峰信用リスク評価株式会社/02.計画/スケジュール.xlsx,data/raw/share/share/共有ドライブ/プロジェクト/白峰信用リスク評価株式会社/02.計画/スケジュール.xlsx | data/raw/share/share/共有ドライブ/プロジェクト/医療法人社団 蒼樹会 みなみ野女性医療センター/02.計画/スケジュール.xlsx | data/raw/share/share/共有ドライブ/プロジェクト/京橋信用ソリューションズ株式会社/02.計画/スケジュール.xlsx,data/raw/share/share/共有ドライブ/プロジェクト/白峰信用リスク評価株式会社/02.計画/スケジュール.xlsx | data/raw/share/share/共有ドライブ/プロジェクト/医療法人社団 蒼樹会 みなみ野女性医療センター/02.計画/スケジュール.xlsx | data/raw/share/share/共有ドライブ/プロジェクト/京橋信用ソリューションズ株式会社/02.計画/スケジュール.xlsx | data/raw/share/share/共有ドライブ/プロジェクト/医療法人社団 蒼泉会 ひがし丘総合病院/02.計画/スケジュール.xlsx | data/raw/share/share/共有ドライブ/プロジェクト/京橋信用ソリューションズ株式会社/00.提案/提案書_final.pptx,data/raw/share/share/共有ドライブ/プロジェクト/白峰信用リスク評価株式会社/02.計画/スケジュール.xlsx | data/raw/share/share/共有ドライブ/プロジェクト/医療法人社団 蒼樹会 みなみ野女性医療センター/02.計画/スケジュール.xlsx | data/raw/share/share/共有ドライブ/プロジェクト/京橋信用ソリューションズ株式会社/02.計画/スケジュール.xlsx | data/raw/share/share/共有ドライブ/プロジェクト/医療法人社団 蒼泉会 ひがし丘総合病院/02.計画/スケジュール.xlsx | data/raw/share/share/共有ドライブ/プロジェクト/京橋信用ソリューションズ株式会社/00.提案/提案書_final.pptx | data/raw/share/share/共有ドライブ/プロジェクト/京橋信用ソリューションズ株式会社/00.提案/提案書_v1.pptx | data/raw/share/share/共有ドライブ/プロジェクト/京橋信用ソリューションズ株式会社/04.分析/analysis_project/notebooks/01_eda.ipynb | data/raw/share/share/共有ドライブ/プロジェクト/京橋信用ソリューションズ株式会社/04.分析/analysis_project/scripts/bootstrap_env.py | data/raw/share/share/共有ドライブ/プロジェクト/京橋信用ソリューションズ株式会社/04.分析/analysis_project/src/common.py | data/raw/share/share/共有ドライブ/プロジェクト/京橋信用ソリューションズ株式会社/05.会議/会議録/会議録_2025-10-01.pdf,True,False,True,True,True,both_correct,False,False,offline_comparison,Gate19 planning + EDA064 TopK,high,False
test,92,恒一会 かえで総合病院案件において、マイルストーンID、タスクID、アクションIDの3種類のIDは合計でいくつ発行されていますか。マークダウンファイル以外から算出してください。,data/raw/share/share/共有ドライブ/プロジェクト/医療法人社団 恒一会 かえで総合病院/02.計画/スケジュール.xlsx | data/raw/share/share/共有ドライブ/プロジェクト/医療法人社団 恒一会 かえで総合病院/05.会議/会議録/会議録_2025-09-16.docx | data/raw/share/share/共有ドライブ/プロジェクト/医療法人社団 恒一会 かえで総合病院/05.会議/会議録/会議録_2025-09-02.docx | data/raw/share/share/共有ドライブ/プロジェクト/医療法人社団 恒一会 かえで総合病院/05.会議/会議録/会議録_2025-09-30.docx,data/raw/share/share/共有ドライブ/プロジェクト/医療法人社団 恒一会 かえで総合病院/03.データ/train.csv,data/raw/share/share/共有ドライブ/プロジェクト/株式会社青潮モビリティサービス/02.計画/スケジュール.xlsx,data/raw/share/share/共有ドライブ/プロジェクト/株式会社青潮モビリティサービス/02.計画/スケジュール.xlsx | data/raw/share/share/共有ドライブ/プロジェクト/白峰信用リスク評価株式会社/02.計画/スケジュール.xlsx | data/raw/share/share/共有ドライブ/プロジェクト/医療法人社団 蒼泉会 ひがし丘総合病院/02.計画/スケジュール.xlsx,data/raw/share/share/共有ドライブ/プロジェクト/株式会社青潮モビリティサービス/02.計画/スケジュール.xlsx | data/raw/share/share/共有ドライブ/プロジェクト/白峰信用リスク評価株式会社/02.計画/スケジュール.xlsx | data/raw/share/share/共有ドライブ/プロジェクト/医療法人社団 蒼泉会 ひがし丘総合病院/02.計画/スケジュール.xlsx | data/raw/share/share/共有ドライブ/プロジェクト/医療法人社団 恒一会 かえで総合病院/02.計画/スケジュール.xlsx | data/raw/share/share/共有ドライブ/プロジェクト/株式会社東都人材プラットフォーム/02.計画/スケジュール.xlsx,data/raw/share/share/共有ドライブ/プロジェクト/株式会社青潮モビリティサービス/02.計画/スケジュール.xlsx | data/raw/share/share/共有ドライブ/プロジェクト/白峰信用リスク評価株式会社/02.計画/スケジュール.xlsx | data/raw/share/share/共有ドライブ/プロジェクト/医療法人社団 蒼泉会 ひがし丘総合病院/02.計画/スケジュール.xlsx | data/raw/share/share/共有ドライブ/プロジェクト/医療法人社団 恒一会 かえで総合病院/02.計画/スケジュール.xlsx | data/raw/share/share/共有ドライブ/プロジェクト/株式会社東都人材プラットフォーム/02.計画/スケジュール.xlsx | data/raw/share/share/共有ドライブ/プロジェクト/医療法人社団 恒一会 かえで総合病院/00.提案/提案書.pptx | data/raw/share/share/共有ドライブ/プロジェクト/医療法人社団 恒一会 かえで総合病院/01.契約/契約書_pw-kaede20250902.docx | data/raw/share/share/共有ドライブ/プロジェクト/医療法人社団 恒一会 かえで総合病院/06.報告書/医療法人社団 恒一会 かえで総合病院_最終報告.pptx | data/raw/share/share/共有ドライブ/プロジェクト/医療法人社団 恒一会 かえで総合病院/06.報告書/医療法人社団 恒一会 かえで総合病院_最終報告_old.pptx | data/raw/share/share/共有ドライブ/プロジェクト/医療法人社団 蒼泉会 ひがし丘総合病院/00.提案/提案書.pptx,False,False,False,True,True,generic_top5_only_contains_label,False,True,offline_comparison,Gate19 planning + EDA064 TopK,high,False
