dataset,question_id,question,selected_route,selected_capability,resolver_name,resolver_applicable,resolver_executed,resolver_output_type,selected_documents,candidate_documents,selection_reason,explicit_filename_detected,company_detected,document_role_detected,execution_error,no_selection_reason,required_document_recall,primary_document_accuracy,all_required_documents_exact,executor_selected_documents,executor_source_override,pipeline_final_required_document_recall,pipeline_final_all_required_documents_exact,unnecessary_document_count,label_is_complete,generated_by,source,confidence,requires_manual_review
test,0,白峰信用リスク評価の提案書old.pptxから提案書.pptxへの更新内容のうち、案件遂行に関連する実質的な変更を挙げてください。,diff_pair_selection,,run_source_selection_planning + resolve_source_selection,True,True,source_selection_result,data/raw/share/share/共有ドライブ/プロジェクト/白峰信用リスク評価株式会社/00.提案/提案書.pptx,data/raw/share/share/共有ドライブ/プロジェクト/白峰信用リスク評価株式会社/00.提案/提案書.pptx | data/raw/share/share/共有ドライブ/プロジェクト/白峰信用リスク評価株式会社/00.提案/提案書old.pptx | data/raw/share/share/共有ドライブ/プロジェクト/白峰信用リスク評価株式会社/01.契約/契約書.docx | data/raw/share/share/共有ドライブ/プロジェクト/白峰信用リスク評価株式会社/06.報告書/白峰信用リスク評価株式会社_最終報告.pptx | data/raw/share/share/共有ドライブ/プロジェクト/白峰信用リスク評価株式会社/02.計画/スケジュール.xlsx | data/raw/share/share/共有ドライブ/プロジェクト/白峰信用リスク評価株式会社/03.データ/train.xlsx | data/raw/share/share/共有ドライブ/プロジェクト/白峰信用リスク評価株式会社/05.会議/会議録/会議録_2025-05-13.pdf | data/raw/share/share/共有ドライブ/プロジェクト/白峰信用リスク評価株式会社/05.会議/会議録/会議録_2025-05-27.pdf | data/raw/share/share/共有ドライブ/プロジェクト/白峰信用リスク評価株式会社/05.会議/会議録/会議録_2025-06-17.pdf | data/raw/share/share/共有ドライブ/プロジェクト/白峰信用リスク評価株式会社/05.会議/会議録/会議録_2025-07-15.pdf | data/raw/share/share/共有ドライブ/プロジェクト/白峰信用リスク評価株式会社/05.会議/報告資料/報告資料_2025-05-13.pdf | data/raw/share/share/共有ドライブ/プロジェクト/白峰信用リスク評価株式会社/05.会議/報告資料/報告資料_2025-05-27.pdf,heuristic,False,False,True,,,0.0,False,False,data/raw/share/share/共有ドライブ/プロジェクト/白峰信用リスク評価株式会社/00.提案/提案書.pptx,False,0.0,False,1,True,offline_gate19_planning_observation,Gate19 planning artifacts,high,False
test,22,白峰信用リスク評価の01_eda_old.ipynbから01_eda.ipynbへの変更内容のうち、内容として変わっている点は何ですか。,diff_pair_selection | code_static_lookup,,run_source_selection_planning + resolve_source_selection,True,True,source_selection_result,data/raw/share/share/共有ドライブ/プロジェクト/白峰信用リスク評価株式会社/04.分析/analysis_project/notebooks/01_eda.ipynb,data/raw/share/share/共有ドライブ/プロジェクト/白峰信用リスク評価株式会社/04.分析/analysis_project/notebooks/01_eda.ipynb | data/raw/share/share/共有ドライブ/プロジェクト/白峰信用リスク評価株式会社/04.分析/analysis_project/notebooks/01_eda_old.ipynb | data/raw/share/share/共有ドライブ/プロジェクト/京橋信用ソリューションズ株式会社/04.分析/analysis_project/notebooks/01_eda.ipynb | data/raw/share/share/共有ドライブ/プロジェクト/医療法人社団 恒一会 かえで総合病院/04.分析/analysis_project/notebooks/01_eda.ipynb | data/raw/share/share/共有ドライブ/プロジェクト/医療法人社団 蒼樹会 みなみ野女性医療センター/04.分析/analysis_project/notebooks/01_eda.ipynb | data/raw/share/share/共有ドライブ/プロジェクト/医療法人社団 蒼泉会 ひがし丘総合病院/04.分析/analysis_project/notebooks/01_eda.ipynb | data/raw/share/share/共有ドライブ/プロジェクト/株式会社東都人材プラットフォーム/04.分析/analysis_project/notebooks/01_eda.ipynb | data/raw/share/share/共有ドライブ/プロジェクト/株式会社青嶺不動産アセットマネジメント/04.分析/analysis_project/notebooks/01_eda.ipynb | data/raw/share/share/共有ドライブ/プロジェクト/株式会社青潮モビリティサービス/04.分析/analysis_project/notebooks/01_eda.ipynb | data/raw/share/share/共有ドライブ/プロジェクト/青葉与信マネジメント株式会社/04.分析/analysis_project/notebooks/01_eda.ipynb | data/raw/share/share/共有ドライブ/プロジェクト/株式会社青葉バイオメディカル機器/04.分析/analysis_project/notebooks/01_eda.ipynb | data/raw/share/share/共有ドライブ/プロジェクト/白峰信用リスク評価株式会社/04.分析/analysis_project/src/eda.py,heuristic,False,False,False,,,0.0,False,False,data/raw/share/share/共有ドライブ/プロジェクト/白峰信用リスク評価株式会社/04.分析/analysis_project/notebooks/01_eda.ipynb,False,0.0,False,1,False,offline_gate19_planning_observation,Gate19 planning artifacts,high,True
test,25,白峰信用リスク評価のtrain.xlsxにおいて、青色ハイライト部分の合計値を求めてください。四捨五入して整数で答えてください。,format_check | calculation_planning | table_lookup,,run_source_selection_planning + resolve_source_selection,True,True,source_selection_result,data/raw/share/share/共有ドライブ/プロジェクト/白峰信用リスク評価株式会社/03.データ/train.xlsx,data/raw/share/share/共有ドライブ/プロジェクト/白峰信用リスク評価株式会社/03.データ/train.xlsx | data/raw/share/share/共有ドライブ/プロジェクト/医療法人社団 恒一会 かえで総合病院/03.データ/train.xlsx | data/raw/share/share/共有ドライブ/プロジェクト/医療法人社団 蒼樹会 みなみ野女性医療センター/03.データ/train.xlsx | data/raw/share/share/共有ドライブ/プロジェクト/医療法人社団 蒼泉会 ひがし丘総合病院/03.データ/train.xlsx | data/raw/share/share/共有ドライブ/プロジェクト/株式会社東都人材プラットフォーム/03.データ/train.xlsx | data/raw/share/share/共有ドライブ/プロジェクト/株式会社青嶺不動産アセットマネジメント/03.データ/train.xlsx | data/raw/share/share/共有ドライブ/プロジェクト/株式会社青潮モビリティサービス/03.データ/train.xlsx | data/raw/share/share/共有ドライブ/プロジェクト/株式会社青葉バイオメディカル機器/03.データ/train.xlsx | data/raw/share/share/共有ドライブ/プロジェクト/白峰信用リスク評価株式会社/03.データ/train.csv | data/raw/share/share/共有ドライブ/プロジェクト/白峰信用リスク評価株式会社/04.分析/analysis_project/data/train.csv | data/raw/share/share/共有ドライブ/プロジェクト/青葉与信マネジメント株式会社/03.データ/train.xlsx | data/raw/share/share/共有ドライブ/プロジェクト/白峰信用リスク評価株式会社/03.データ/カラム説明.md,heuristic,False,False,False,,,0.0,False,False,data/raw/share/share/共有ドライブ/プロジェクト/白峰信用リスク評価株式会社/03.データ/train.xlsx,False,0.0,False,1,False,offline_gate19_planning_observation,Gate19 planning artifacts,high,True
test,44,IMにあるFMにおいて、佐藤さんから見て右側に座っている人の名前をすべて挙げてください。,document_lookup,,run_source_selection_planning + resolve_source_selection,True,True,source_selection_result,data/raw/share/share/共有ドライブ/プロジェクト/医療法人社団 蒼樹会 みなみ野女性医療センター/00.提案/糖尿病統計情報.docx,data/raw/share/share/共有ドライブ/プロジェクト/医療法人社団 蒼樹会 みなみ野女性医療センター/00.提案/糖尿病統計情報.docx | data/raw/share/share/共有ドライブ/プロジェクト/株式会社東都人材プラットフォーム/00.提案/データサイエンティスト調査.docx | data/raw/share/share/共有ドライブ/プロジェクト/京橋信用ソリューションズ株式会社/00.提案/提案書_final.pptx | data/raw/share/share/共有ドライブ/プロジェクト/京橋信用ソリューションズ株式会社/00.提案/提案書_v1.pptx | data/raw/share/share/共有ドライブ/プロジェクト/京橋信用ソリューションズ株式会社/01.契約/契約書.docx | data/raw/share/share/共有ドライブ/プロジェクト/青葉与信マネジメント株式会社/00.提案/提案書_v1.pptx | data/raw/share/share/共有ドライブ/プロジェクト/青葉与信マネジメント株式会社/00.提案/提案書_v2.pptx | data/raw/share/share/共有ドライブ/プロジェクト/青葉与信マネジメント株式会社/00.提案/提案書_v3.pptx | data/raw/share/share/共有ドライブ/プロジェクト/青葉与信マネジメント株式会社/05.会議/会議録/会議録_2025-05-27.pdf | data/raw/share/share/共有ドライブ/プロジェクト/医療法人社団 恒一会 かえで総合病院/00.提案/提案書.pptx | data/raw/share/share/共有ドライブ/プロジェクト/医療法人社団 蒼泉会 ひがし丘総合病院/00.提案/提案書.pptx | data/raw/share/share/共有ドライブ/プロジェクト/医療法人社団 蒼泉会 ひがし丘総合病院/05.会議/報告資料/報告資料_2025-07-22.docx,heuristic,False,False,False,,,0.0,False,False,data/raw/share/share/共有ドライブ/プロジェクト/医療法人社団 蒼樹会 みなみ野女性医療センター/00.提案/糖尿病統計情報.docx,False,0.0,False,1,False,offline_gate19_planning_observation,Gate19 planning artifacts,high,True
test,51,白峰信用リスク評価の提案書.pptxにおいて、モデルの高度化（説明性・セグメント分析）の実行予定スケジュールは案件開始から第何週目に実施予定でしょうか。,document_lookup,,run_source_selection_planning + resolve_source_selection,True,True,source_selection_result,data/raw/share/share/共有ドライブ/プロジェクト/白峰信用リスク評価株式会社/00.提案/提案書.pptx,data/raw/share/share/共有ドライブ/プロジェクト/白峰信用リスク評価株式会社/00.提案/提案書.pptx | data/raw/share/share/共有ドライブ/プロジェクト/白峰信用リスク評価株式会社/00.提案/提案書old.pptx | data/raw/share/share/共有ドライブ/プロジェクト/白峰信用リスク評価株式会社/04.分析/analysis_outputs/experiments/leaderboard.csv | data/raw/share/share/共有ドライブ/プロジェクト/白峰信用リスク評価株式会社/04.分析/analysis_outputs/metrics.json | data/raw/share/share/共有ドライブ/プロジェクト/白峰信用リスク評価株式会社/04.分析/analysis_project/configs/project_config.json | data/raw/share/share/共有ドライブ/プロジェクト/白峰信用リスク評価株式会社/04.分析/analysis_project/notebooks/01_eda.ipynb | data/raw/share/share/共有ドライブ/プロジェクト/白峰信用リスク評価株式会社/04.分析/analysis_project/notebooks/01_eda_old.ipynb | data/raw/share/share/共有ドライブ/プロジェクト/白峰信用リスク評価株式会社/04.分析/analysis_project/README.md | data/raw/share/share/共有ドライブ/プロジェクト/白峰信用リスク評価株式会社/04.分析/analysis_project/reports/figures/categorical_distribution_top3.png | data/raw/share/share/共有ドライブ/プロジェクト/白峰信用リスク評価株式会社/04.分析/analysis_project/reports/figures/date_feature_trend.png | data/raw/share/share/共有ドライブ/プロジェクト/白峰信用リスク評価株式会社/04.分析/analysis_project/reports/figures/feature_correlation_heatmap.png | data/raw/share/share/共有ドライブ/プロジェクト/白峰信用リスク評価株式会社/04.分析/analysis_project/reports/figures/missing_rate_top20.png,heuristic,False,False,True,,,0.0,False,False,data/raw/share/share/共有ドライブ/プロジェクト/白峰信用リスク評価株式会社/00.提案/提案書.pptx,False,0.0,False,1,False,offline_gate19_planning_observation,Gate19 planning artifacts,high,True
test,58,社内管理フォルダにあるFMにおいて、井上さんの向かいに座っている方のEXTを教えてください。,document_lookup,,run_source_selection_planning + resolve_source_selection,True,True,source_selection_result,data/raw/share/share/共有ドライブ/社内管理/社内用語集.docx,data/raw/share/share/共有ドライブ/社内管理/社内用語集.docx | data/raw/share/share/共有ドライブ/社内管理/データアステル社内規定_パスワード導出規則.docx | data/raw/share/share/共有ドライブ/社内管理/データアステル社内管理_決裁基準.md | data/raw/share/share/共有ドライブ/社内管理/座席表.pptx | data/raw/share/share/共有ドライブ/プロジェクト/株式会社東都人材プラットフォーム/00.提案/データサイエンティスト調査.docx | data/raw/share/share/共有ドライブ/プロジェクト/医療法人社団 蒼樹会 みなみ野女性医療センター/00.提案/糖尿病統計情報.docx | data/raw/share/share/共有ドライブ/プロジェクト/株式会社青嶺不動産アセットマネジメント/00.提案/old/提案書.pptx | data/raw/share/share/共有ドライブ/プロジェクト/株式会社青嶺不動産アセットマネジメント/00.提案/提案書.pptx | data/raw/share/share/共有ドライブ/プロジェクト/青葉与信マネジメント株式会社/00.提案/提案書_v1.pptx | data/raw/share/share/共有ドライブ/プロジェクト/青葉与信マネジメント株式会社/00.提案/提案書_v2.pptx | data/raw/share/share/共有ドライブ/プロジェクト/青葉与信マネジメント株式会社/00.提案/提案書_v3.pptx | data/raw/share/share/共有ドライブ/プロジェクト/株式会社東都人材プラットフォーム/06.報告書/株式会社東都人材プラットフォーム_最終報告.pptx,heuristic,False,False,False,,,0.0,False,False,data/raw/share/share/共有ドライブ/社内管理/社内用語集.docx,False,0.0,False,1,False,offline_gate19_planning_observation,Gate19 planning artifacts,high,True
test,60,白峰信用リスク評価の最終報告資料内で未完事項として挙げられているIDをすべて抽出してください。,document_lookup,,run_source_selection_planning + resolve_source_selection,True,True,source_selection_result,data/raw/share/share/共有ドライブ/プロジェクト/白峰信用リスク評価株式会社/06.報告書/白峰信用リスク評価株式会社_最終報告.pptx,data/raw/share/share/共有ドライブ/プロジェクト/白峰信用リスク評価株式会社/06.報告書/白峰信用リスク評価株式会社_最終報告.pptx,heuristic,False,False,True,,,0.0,False,False,data/raw/share/share/共有ドライブ/プロジェクト/白峰信用リスク評価株式会社/06.報告書/白峰信用リスク評価株式会社_最終報告.pptx,False,0.0,False,1,True,offline_gate19_planning_observation,Gate19 planning artifacts,high,False
test,69,白峰信用リスク評価の最終報告資料において、パイロット運用は本番化スケジュール上で第何週目から第何週目に実施予定ですか。,document_lookup,,run_source_selection_planning + resolve_source_selection,True,True,source_selection_result,data/raw/share/share/共有ドライブ/プロジェクト/白峰信用リスク評価株式会社/06.報告書/白峰信用リスク評価株式会社_最終報告.pptx,data/raw/share/share/共有ドライブ/プロジェクト/白峰信用リスク評価株式会社/06.報告書/白峰信用リスク評価株式会社_最終報告.pptx,heuristic,False,False,True,,,0.0,False,False,data/raw/share/share/共有ドライブ/プロジェクト/白峰信用リスク評価株式会社/06.報告書/白峰信用リスク評価株式会社_最終報告.pptx,False,0.0,False,1,False,offline_gate19_planning_observation,Gate19 planning artifacts,high,True
test,70,白峰信用リスク評価の5月27日の報告資料で Open として優先フォロー対象に挙げられているアクションIDの中で、会議録において完了となっていないIDを上げてください。,document_lookup,,run_source_selection_planning + resolve_source_selection,True,True,source_selection_result,,data/raw/share/share/共有ドライブ/プロジェクト/白峰信用リスク評価株式会社/05.会議/会議録/会議録_2025-05-13.pdf | data/raw/share/share/共有ドライブ/プロジェクト/白峰信用リスク評価株式会社/05.会議/会議録/会議録_2025-05-27.pdf | data/raw/share/share/共有ドライブ/プロジェクト/白峰信用リスク評価株式会社/05.会議/会議録/会議録_2025-06-17.pdf | data/raw/share/share/共有ドライブ/プロジェクト/白峰信用リスク評価株式会社/05.会議/会議録/会議録_2025-07-15.pdf | data/raw/share/share/共有ドライブ/プロジェクト/白峰信用リスク評価株式会社/05.会議/報告資料/報告資料_2025-05-13.pdf | data/raw/share/share/共有ドライブ/プロジェクト/白峰信用リスク評価株式会社/05.会議/報告資料/報告資料_2025-05-27.pdf | data/raw/share/share/共有ドライブ/プロジェクト/白峰信用リスク評価株式会社/05.会議/報告資料/報告資料_2025-06-17.pdf,heuristic,False,True,True,,ambiguous,0.0,False,False,,False,0.0,False,0,False,offline_gate19_planning_observation,Gate19 planning artifacts,high,True
test,9,青葉与信マネジメントの最終報告資料の最新版になる際に修正されたもののうち、案件遂行に関連する変更を挙げてください。,diff_pair_selection,,run_source_selection_planning + resolve_source_selection,True,True,source_selection_result,data/raw/share/share/共有ドライブ/プロジェクト/青葉与信マネジメント株式会社/06.報告書/old/青葉与信マネジメント株式会社_最終報告.pptx,data/raw/share/share/共有ドライブ/プロジェクト/青葉与信マネジメント株式会社/06.報告書/old/青葉与信マネジメント株式会社_最終報告.pptx | data/raw/share/share/共有ドライブ/プロジェクト/青葉与信マネジメント株式会社/06.報告書/青葉与信マネジメント株式会社_最終報告.pptx,heuristic,False,False,True,,,0.0,False,False,data/raw/share/share/共有ドライブ/プロジェクト/青葉与信マネジメント株式会社/02.計画/スケジュール.xlsx,True,0.0,False,1,False,offline_gate19_planning_observation,Gate19 planning artifacts,high,True
test,14,青葉与信マネジメントの提案書_v1.pptxから提案書_v3.pptxに修正されたもののうち、案件遂行に関連する変更を挙げてください。,document_lookup,,run_source_selection_planning + resolve_source_selection,True,True,source_selection_result,data/raw/share/share/共有ドライブ/プロジェクト/青葉与信マネジメント株式会社/00.提案/提案書_v1.pptx | data/raw/share/share/共有ドライブ/プロジェクト/青葉与信マネジメント株式会社/00.提案/提案書_v3.pptx,data/raw/share/share/共有ドライブ/プロジェクト/青葉与信マネジメント株式会社/00.提案/提案書_v1.pptx | data/raw/share/share/共有ドライブ/プロジェクト/青葉与信マネジメント株式会社/00.提案/提案書_v3.pptx | data/raw/share/share/共有ドライブ/プロジェクト/青葉与信マネジメント株式会社/00.提案/提案書_v2.pptx | data/raw/share/share/共有ドライブ/プロジェクト/青葉与信マネジメント株式会社/06.報告書/old/青葉与信マネジメント株式会社_最終報告.pptx | data/raw/share/share/共有ドライブ/プロジェクト/青葉与信マネジメント株式会社/06.報告書/青葉与信マネジメント株式会社_最終報告.pptx | data/raw/share/share/共有ドライブ/プロジェクト/青葉与信マネジメント株式会社/01.契約/契約書.docx | data/raw/share/share/共有ドライブ/プロジェクト/青葉与信マネジメント株式会社/02.計画/スケジュール.xlsx | data/raw/share/share/共有ドライブ/プロジェクト/青葉与信マネジメント株式会社/03.データ/train.csv | data/raw/share/share/共有ドライブ/プロジェクト/青葉与信マネジメント株式会社/03.データ/train.xlsx | data/raw/share/share/共有ドライブ/プロジェクト/青葉与信マネジメント株式会社/03.データ/カラム説明.md | data/raw/share/share/共有ドライブ/プロジェクト/青葉与信マネジメント株式会社/04.分析/analysis_outputs/experiments/leaderboard.csv | data/raw/share/share/共有ドライブ/プロジェクト/青葉与信マネジメント株式会社/04.分析/analysis_outputs/metrics.json,heuristic,False,False,True,,,0.0,False,False,data/raw/share/share/共有ドライブ/プロジェクト/青葉与信マネジメント株式会社/00.提案/提案書_v1.pptx,True,0.0,False,2,False,offline_gate19_planning_observation,Gate19 planning artifacts,high,True
test,16,青葉与信マネジメントの中間報告資料にて、黄色ハイライトかつ赤字となっている部分を抜き出してください。,format_check,,run_source_selection_planning + resolve_source_selection,True,True,source_selection_result,data/raw/share/share/共有ドライブ/プロジェクト/青葉与信マネジメント株式会社/06.報告書/old/青葉与信マネジメント株式会社_最終報告.pptx,data/raw/share/share/共有ドライブ/プロジェクト/青葉与信マネジメント株式会社/06.報告書/old/青葉与信マネジメント株式会社_最終報告.pptx | data/raw/share/share/共有ドライブ/プロジェクト/青葉与信マネジメント株式会社/06.報告書/青葉与信マネジメント株式会社_最終報告.pptx,heuristic,False,False,True,,,0.0,False,False,data/raw/share/share/共有ドライブ/プロジェクト/青葉与信マネジメント株式会社/02.計画/スケジュール.xlsx,True,0.0,False,1,True,offline_gate19_planning_observation,Gate19 planning artifacts,high,False
test,30,青葉与信マネジメントの分析対象データにおいて、標準化されたloan_amntが0未満の行のうち、purpose=credit_cardに該当し、かつloan_amntがpurpose=credit_card全体の平均を上回る行の割合は何%ですか。小数第2位まで答えてください。,calculation_planning,,run_source_selection_planning + resolve_source_selection,True,True,source_selection_result,data/raw/share/share/共有ドライブ/プロジェクト/青葉与信マネジメント株式会社/03.データ/train.csv,data/raw/share/share/共有ドライブ/プロジェクト/青葉与信マネジメント株式会社/03.データ/train.csv | data/raw/share/share/共有ドライブ/プロジェクト/青葉与信マネジメント株式会社/03.データ/train.xlsx | data/raw/share/share/共有ドライブ/プロジェクト/青葉与信マネジメント株式会社/04.分析/analysis_project/artifacts/analysis_outputs/train_preview.csv | data/raw/share/share/共有ドライブ/プロジェクト/青葉与信マネジメント株式会社/04.分析/analysis_project/data/train.csv | data/raw/share/share/共有ドライブ/プロジェクト/青葉与信マネジメント株式会社/03.データ/カラム説明.md | data/raw/share/share/共有ドライブ/プロジェクト/青葉与信マネジメント株式会社/04.分析/analysis_project/data/カラム説明.md | data/raw/share/share/共有ドライブ/プロジェクト/青葉与信マネジメント株式会社/04.分析/analysis_project/scripts/run_train.py,heuristic,False,False,False,,,0.0,False,False,data/raw/share/share/共有ドライブ/プロジェクト/青葉与信マネジメント株式会社/03.データ/train.csv,False,0.0,False,1,True,offline_gate19_planning_observation,Gate19 planning artifacts,high,False
test,40,2026年7月1日時点で存在する案件について、支払月ごとの精算総額が多い月を上位3つ、総額とあわせて答えてください。,document_lookup,,run_source_selection_planning + resolve_source_selection,True,True,source_selection_result,data/raw/share/share/共有ドライブ/プロジェクト/京橋信用ソリューションズ株式会社/05.会議/会議録/会議録_2025-11-11.pdf,data/raw/share/share/共有ドライブ/プロジェクト/京橋信用ソリューションズ株式会社/05.会議/会議録/会議録_2025-11-11.pdf | data/raw/share/share/共有ドライブ/プロジェクト/株式会社青葉バイオメディカル機器/05.会議/報告資料/報告資料_2025-06-23.docx | data/raw/share/share/共有ドライブ/プロジェクト/京橋信用ソリューションズ株式会社/00.提案/提案書_final.pptx | data/raw/share/share/共有ドライブ/プロジェクト/京橋信用ソリューションズ株式会社/00.提案/提案書_v1.pptx | data/raw/share/share/共有ドライブ/プロジェクト/医療法人社団 蒼樹会 みなみ野女性医療センター/00.提案/糖尿病統計情報.docx | data/raw/share/share/共有ドライブ/プロジェクト/株式会社東都人材プラットフォーム/00.提案/データサイエンティスト調査.docx | data/raw/share/share/共有ドライブ/プロジェクト/株式会社青葉バイオメディカル機器/05.会議/会議録/会議録_2025-06-23.docx | data/raw/share/share/共有ドライブ/プロジェクト/株式会社青葉バイオメディカル機器/05.会議/会議録/会議録_2025-07-25.docx | data/raw/share/share/共有ドライブ/プロジェクト/青葉与信マネジメント株式会社/05.会議/会議録/会議録_2025-04-09.pdf | data/raw/share/share/共有ドライブ/プロジェクト/医療法人社団 恒一会 かえで総合病院/00.提案/提案書.pptx | data/raw/share/share/共有ドライブ/プロジェクト/医療法人社団 恒一会 かえで総合病院/01.契約/契約書_pw-kaede20250902.docx | data/raw/share/share/共有ドライブ/プロジェクト/医療法人社団 蒼泉会 ひがし丘総合病院/05.会議/報告資料/報告資料_2025-07-08.docx,heuristic,False,False,False,,,0.0,False,False,data/raw/share/share/共有ドライブ/プロジェクト/京橋信用ソリューションズ株式会社/05.会議/会議録/会議録_2025-11-11.pdf,False,0.0,False,1,False,offline_gate19_planning_observation,Gate19 planning artifacts,high,True
test,57,青葉のTXにて算出された回帰係数を用いて全データの予測値を計算し、正解データに対する F1 スコアが最大となるように閾値を設定したときの F1 スコアを答えてください。小数第5位まで求めてください。,calculation_planning,,run_source_selection_planning + resolve_source_selection,True,True,source_selection_result,data/raw/share/share/共有ドライブ/プロジェクト/青葉与信マネジメント株式会社/03.データ/train.xlsx,data/raw/share/share/共有ドライブ/プロジェクト/青葉与信マネジメント株式会社/03.データ/train.xlsx | data/raw/share/share/共有ドライブ/プロジェクト/医療法人社団 蒼樹会 みなみ野女性医療センター/03.データ/train.xlsx | data/raw/share/share/共有ドライブ/プロジェクト/株式会社青嶺不動産アセットマネジメント/03.データ/train.xlsx | data/raw/share/share/共有ドライブ/プロジェクト/医療法人社団 恒一会 かえで総合病院/03.データ/train.xlsx | data/raw/share/share/共有ドライブ/プロジェクト/医療法人社団 蒼泉会 ひがし丘総合病院/03.データ/train.xlsx | data/raw/share/share/共有ドライブ/プロジェクト/株式会社東都人材プラットフォーム/03.データ/train.xlsx | data/raw/share/share/共有ドライブ/プロジェクト/株式会社青潮モビリティサービス/03.データ/train.xlsx | data/raw/share/share/共有ドライブ/プロジェクト/株式会社青葉バイオメディカル機器/03.データ/train.xlsx | data/raw/share/share/共有ドライブ/プロジェクト/白峰信用リスク評価株式会社/03.データ/train.xlsx | data/raw/share/share/共有ドライブ/プロジェクト/青葉与信マネジメント株式会社/03.データ/train.csv | data/raw/share/share/共有ドライブ/プロジェクト/青葉与信マネジメント株式会社/04.分析/analysis_project/artifacts/analysis_outputs/train_preview.csv | data/raw/share/share/共有ドライブ/プロジェクト/青葉与信マネジメント株式会社/04.分析/analysis_project/data/train.csv,heuristic,False,False,False,,,0.0,False,False,data/raw/share/share/共有ドライブ/プロジェクト/青葉与信マネジメント株式会社/03.データ/train.xlsx,False,0.0,False,1,False,offline_gate19_planning_observation,Gate19 planning artifacts,high,True
test,62,青葉与信マネジメントの最終報告資料における、モデル比較で上位2件のスコア差を生んでいる設定差分は何ですか。,diff_pair_selection | calculation_planning,,run_source_selection_planning + resolve_source_selection,True,True,source_selection_result,data/raw/share/share/共有ドライブ/プロジェクト/青葉与信マネジメント株式会社/00.提案/提案書_v1.pptx,data/raw/share/share/共有ドライブ/プロジェクト/青葉与信マネジメント株式会社/00.提案/提案書_v1.pptx | data/raw/share/share/共有ドライブ/プロジェクト/青葉与信マネジメント株式会社/00.提案/提案書_v2.pptx | data/raw/share/share/共有ドライブ/プロジェクト/青葉与信マネジメント株式会社/00.提案/提案書_v3.pptx | data/raw/share/share/共有ドライブ/プロジェクト/青葉与信マネジメント株式会社/01.契約/契約書.docx | data/raw/share/share/共有ドライブ/プロジェクト/青葉与信マネジメント株式会社/03.データ/train.csv | data/raw/share/share/共有ドライブ/プロジェクト/青葉与信マネジメント株式会社/03.データ/train.xlsx | data/raw/share/share/共有ドライブ/プロジェクト/青葉与信マネジメント株式会社/04.分析/analysis_outputs/experiments/leaderboard.csv | data/raw/share/share/共有ドライブ/プロジェクト/青葉与信マネジメント株式会社/04.分析/analysis_project/artifacts/analysis_outputs/train_preview.csv | data/raw/share/share/共有ドライブ/プロジェクト/青葉与信マネジメント株式会社/04.分析/analysis_project/data/train.csv | data/raw/share/share/共有ドライブ/プロジェクト/青葉与信マネジメント株式会社/06.報告書/old/青葉与信マネジメント株式会社_最終報告.pptx | data/raw/share/share/共有ドライブ/プロジェクト/青葉与信マネジメント株式会社/06.報告書/青葉与信マネジメント株式会社_最終報告.pptx | data/raw/share/share/共有ドライブ/プロジェクト/青葉与信マネジメント株式会社/03.データ/カラム説明.md,heuristic,False,False,True,,,0.0,False,False,data/raw/share/share/共有ドライブ/プロジェクト/青葉与信マネジメント株式会社/00.提案/提案書_v1.pptx,False,0.0,False,1,True,offline_gate19_planning_observation,Gate19 planning artifacts,high,False
test,63,青葉与信マネジメントのtrain.xlsxにて算出された回帰係数を使ってid=0を予測した場合の予測値はいくらになりますか。小数第5位まで求めてください。,table_lookup,,run_source_selection_planning + resolve_source_selection,True,True,source_selection_result,data/raw/share/share/共有ドライブ/プロジェクト/青葉与信マネジメント株式会社/03.データ/train.xlsx,data/raw/share/share/共有ドライブ/プロジェクト/青葉与信マネジメント株式会社/03.データ/train.xlsx | data/raw/share/share/共有ドライブ/プロジェクト/株式会社青嶺不動産アセットマネジメント/03.データ/train.xlsx | data/raw/share/share/共有ドライブ/プロジェクト/株式会社青葉バイオメディカル機器/03.データ/train.xlsx | data/raw/share/share/共有ドライブ/プロジェクト/医療法人社団 蒼樹会 みなみ野女性医療センター/03.データ/train.xlsx | data/raw/share/share/共有ドライブ/プロジェクト/医療法人社団 恒一会 かえで総合病院/03.データ/train.xlsx | data/raw/share/share/共有ドライブ/プロジェクト/医療法人社団 蒼泉会 ひがし丘総合病院/03.データ/train.xlsx | data/raw/share/share/共有ドライブ/プロジェクト/株式会社東都人材プラットフォーム/03.データ/train.xlsx | data/raw/share/share/共有ドライブ/プロジェクト/株式会社青潮モビリティサービス/03.データ/train.xlsx | data/raw/share/share/共有ドライブ/プロジェクト/白峰信用リスク評価株式会社/03.データ/train.xlsx | data/raw/share/share/共有ドライブ/プロジェクト/青葉与信マネジメント株式会社/03.データ/train.csv | data/raw/share/share/共有ドライブ/プロジェクト/青葉与信マネジメント株式会社/04.分析/analysis_project/data/train.csv | data/raw/share/share/共有ドライブ/プロジェクト/青葉与信マネジメント株式会社/04.分析/analysis_project/artifacts/analysis_outputs/train_preview.csv,heuristic,False,False,False,,,0.0,False,False,data/raw/share/share/共有ドライブ/プロジェクト/青葉与信マネジメント株式会社/03.データ/train.xlsx,False,0.0,False,1,False,offline_gate19_planning_observation,Gate19 planning artifacts,high,True
test,74,青葉与信マネジメントの提案書_v1.pptxから提案書_v2.pptxに修正されたもののうち、案件遂行に関連する変更を挙げてください。,document_lookup,,run_source_selection_planning + resolve_source_selection,True,True,source_selection_result,data/raw/share/share/共有ドライブ/プロジェクト/青葉与信マネジメント株式会社/00.提案/提案書_v1.pptx | data/raw/share/share/共有ドライブ/プロジェクト/青葉与信マネジメント株式会社/00.提案/提案書_v2.pptx,data/raw/share/share/共有ドライブ/プロジェクト/青葉与信マネジメント株式会社/00.提案/提案書_v1.pptx | data/raw/share/share/共有ドライブ/プロジェクト/青葉与信マネジメント株式会社/00.提案/提案書_v2.pptx | data/raw/share/share/共有ドライブ/プロジェクト/青葉与信マネジメント株式会社/00.提案/提案書_v3.pptx | data/raw/share/share/共有ドライブ/プロジェクト/青葉与信マネジメント株式会社/06.報告書/old/青葉与信マネジメント株式会社_最終報告.pptx | data/raw/share/share/共有ドライブ/プロジェクト/青葉与信マネジメント株式会社/06.報告書/青葉与信マネジメント株式会社_最終報告.pptx | data/raw/share/share/共有ドライブ/プロジェクト/青葉与信マネジメント株式会社/01.契約/契約書.docx | data/raw/share/share/共有ドライブ/プロジェクト/青葉与信マネジメント株式会社/02.計画/スケジュール.xlsx | data/raw/share/share/共有ドライブ/プロジェクト/青葉与信マネジメント株式会社/03.データ/train.csv | data/raw/share/share/共有ドライブ/プロジェクト/青葉与信マネジメント株式会社/03.データ/train.xlsx | data/raw/share/share/共有ドライブ/プロジェクト/青葉与信マネジメント株式会社/03.データ/カラム説明.md | data/raw/share/share/共有ドライブ/プロジェクト/青葉与信マネジメント株式会社/04.分析/analysis_outputs/experiments/leaderboard.csv | data/raw/share/share/共有ドライブ/プロジェクト/青葉与信マネジメント株式会社/04.分析/analysis_outputs/metrics.json,heuristic,False,False,True,,,0.0,False,False,data/raw/share/share/共有ドライブ/プロジェクト/青葉与信マネジメント株式会社/00.提案/提案書_v1.pptx | data/raw/share/share/共有ドライブ/プロジェクト/青葉与信マネジメント株式会社/00.提案/提案書_v2.pptx,False,0.0,False,2,False,offline_gate19_planning_observation,Gate19 planning artifacts,high,True
test,96,青葉与信マネジメントのチェックポイント2として設定されている内容に関連するタスクIDを教えてください。,document_lookup,,run_source_selection_planning + resolve_source_selection,True,True,source_selection_result,data/raw/share/share/共有ドライブ/プロジェクト/青葉与信マネジメント株式会社/00.提案/提案書_v1.pptx,data/raw/share/share/共有ドライブ/プロジェクト/青葉与信マネジメント株式会社/00.提案/提案書_v1.pptx | data/raw/share/share/共有ドライブ/プロジェクト/青葉与信マネジメント株式会社/00.提案/提案書_v2.pptx | data/raw/share/share/共有ドライブ/プロジェクト/青葉与信マネジメント株式会社/00.提案/提案書_v3.pptx | data/raw/share/share/共有ドライブ/プロジェクト/青葉与信マネジメント株式会社/01.契約/契約書.docx | data/raw/share/share/共有ドライブ/プロジェクト/青葉与信マネジメント株式会社/02.計画/スケジュール.xlsx | data/raw/share/share/共有ドライブ/プロジェクト/青葉与信マネジメント株式会社/03.データ/train.csv | data/raw/share/share/共有ドライブ/プロジェクト/青葉与信マネジメント株式会社/03.データ/train.xlsx | data/raw/share/share/共有ドライブ/プロジェクト/青葉与信マネジメント株式会社/03.データ/カラム説明.md | data/raw/share/share/共有ドライブ/プロジェクト/青葉与信マネジメント株式会社/04.分析/analysis_outputs/experiments/leaderboard.csv | data/raw/share/share/共有ドライブ/プロジェクト/青葉与信マネジメント株式会社/04.分析/analysis_outputs/metrics.json | data/raw/share/share/共有ドライブ/プロジェクト/青葉与信マネジメント株式会社/04.分析/analysis_project/artifacts/analysis_outputs/metrics.json | data/raw/share/share/共有ドライブ/プロジェクト/青葉与信マネジメント株式会社/04.分析/analysis_project/artifacts/analysis_outputs/run_summary.json,heuristic,False,False,False,,,0.0,False,False,data/raw/share/share/共有ドライブ/プロジェクト/青葉与信マネジメント株式会社/00.提案/提案書_v1.pptx,False,0.0,False,1,False,offline_gate19_planning_observation,Gate19 planning artifacts,high,True
test,72,KSSにおいて、データエンジニアが担当するタスクIDはいくつありますか。,cross_file_aggregation | calculation_planning,,run_source_selection_planning + resolve_source_selection,True,True,source_selection_result,data/raw/share/share/共有ドライブ/プロジェクト/京橋信用ソリューションズ株式会社/03.データ/カラム説明.md,data/raw/share/share/共有ドライブ/プロジェクト/京橋信用ソリューションズ株式会社/03.データ/カラム説明.md | data/raw/share/share/共有ドライブ/プロジェクト/京橋信用ソリューションズ株式会社/06.報告書/京橋信用ソリューションズ株式会社_最終報告.pptx | data/raw/share/share/共有ドライブ/プロジェクト/京橋信用ソリューションズ株式会社/03.データ/train.csv | data/raw/share/share/共有ドライブ/プロジェクト/京橋信用ソリューションズ株式会社/04.分析/analysis_project/data/カラム説明.md | data/raw/share/share/共有ドライブ/プロジェクト/京橋信用ソリューションズ株式会社/04.分析/analysis_project/notebooks/01_eda.ipynb | data/raw/share/share/共有ドライブ/プロジェクト/京橋信用ソリューションズ株式会社/04.分析/analysis_outputs/metrics.json | data/raw/share/share/共有ドライブ/プロジェクト/京橋信用ソリューションズ株式会社/04.分析/analysis_project/data/train.csv | data/raw/share/share/共有ドライブ/プロジェクト/京橋信用ソリューションズ株式会社/04.分析/analysis_project/reports/figures/categorical_distribution_top3.png | data/raw/share/share/共有ドライブ/プロジェクト/京橋信用ソリューションズ株式会社/04.分析/analysis_project/reports/figures/feature_correlation_heatmap.png | data/raw/share/share/共有ドライブ/プロジェクト/京橋信用ソリューションズ株式会社/04.分析/analysis_project/reports/figures/figure_06.png | data/raw/share/share/共有ドライブ/プロジェクト/京橋信用ソリューションズ株式会社/04.分析/analysis_project/reports/figures/missing_rate_top20.png | data/raw/share/share/共有ドライブ/プロジェクト/京橋信用ソリューションズ株式会社/04.分析/analysis_project/reports/figures/numeric_distribution_top6.png,heuristic,False,False,False,,,0.0,False,False,data/raw/share/share/共有ドライブ/プロジェクト/京橋信用ソリューションズ株式会社/02.計画/スケジュール.xlsx | data/raw/share/share/共有ドライブ/プロジェクト/京橋信用ソリューションズ株式会社/01.契約/契約書.docx,True,1.0,True,1,True,offline_gate19_planning_observation,Gate19 planning artifacts,high,False
test,92,恒一会 かえで総合病院案件において、マイルストーンID、タスクID、アクションIDの3種類のIDは合計でいくつ発行されていますか。マークダウンファイル以外から算出してください。,cross_file_aggregation | calculation_planning,,run_source_selection_planning + resolve_source_selection,True,True,source_selection_result,data/raw/share/share/共有ドライブ/プロジェクト/医療法人社団 恒一会 かえで総合病院/03.データ/train.csv,data/raw/share/share/共有ドライブ/プロジェクト/医療法人社団 恒一会 かえで総合病院/03.データ/train.csv | data/raw/share/share/共有ドライブ/プロジェクト/医療法人社団 恒一会 かえで総合病院/03.データ/train.xlsx | data/raw/share/share/共有ドライブ/プロジェクト/医療法人社団 恒一会 かえで総合病院/04.分析/analysis_outputs/experiments/leaderboard.csv | data/raw/share/share/共有ドライブ/プロジェクト/医療法人社団 恒一会 かえで総合病院/04.分析/analysis_project/data/train.csv | data/raw/share/share/共有ドライブ/プロジェクト/医療法人社団 恒一会 かえで総合病院/03.データ/カラム説明.md | data/raw/share/share/共有ドライブ/プロジェクト/医療法人社団 恒一会 かえで総合病院/04.分析/analysis_outputs/metrics.json | data/raw/share/share/共有ドライブ/プロジェクト/医療法人社団 恒一会 かえで総合病院/04.分析/analysis_outputs/run_summary.json | data/raw/share/share/共有ドライブ/プロジェクト/医療法人社団 恒一会 かえで総合病院/04.分析/analysis_project/configs/project_config.json | data/raw/share/share/共有ドライブ/プロジェクト/医療法人社団 恒一会 かえで総合病院/04.分析/analysis_project/data/カラム説明.md | data/raw/share/share/共有ドライブ/プロジェクト/医療法人社団 恒一会 かえで総合病院/04.分析/analysis_project/notebooks/01_eda.ipynb | data/raw/share/share/共有ドライブ/プロジェクト/医療法人社団 恒一会 かえで総合病院/04.分析/analysis_project/README.md | data/raw/share/share/共有ドライブ/プロジェクト/医療法人社団 恒一会 かえで総合病院/04.分析/analysis_project/reports/figures/categorical_distribution_top3.png,heuristic,False,True,False,,,0.0,False,False,data/raw/share/share/共有ドライブ/プロジェクト/医療法人社団 恒一会 かえで総合病院/02.計画/スケジュール.xlsx | data/raw/share/share/共有ドライブ/プロジェクト/医療法人社団 恒一会 かえで総合病院/05.会議/会議録/会議録_2025-09-16.docx | data/raw/share/share/共有ドライブ/プロジェクト/医療法人社団 恒一会 かえで総合病院/05.会議/会議録/会議録_2025-09-02.docx | data/raw/share/share/共有ドライブ/プロジェクト/医療法人社団 恒一会 かえで総合病院/05.会議/会議録/会議録_2025-09-30.docx,True,1.0,True,1,True,offline_gate19_planning_observation,Gate19 planning artifacts,high,False
